2026-10-08T19:29:12.5943796Z Current runner version: '2.337.0'
2026-10-08T19:29:12.5969641Z ##[group]Runner Image Provisioner
2026-10-08T19:29:12.5970668Z Hosted Compute Agent
2026-10-08T19:29:12.5971270Z Version: 20261002.596
2026-10-08T19:29:12.5972007Z Commit: c3d12f3313a95f25162a1503be624f3b0617f8c0
2026-10-08T19:29:12.5972751Z Build Date: 2026-10-02T22:28:27Z
2026-10-08T19:29:12.5973439Z Worker ID: {6832cc73-32a1-41f3-b50d-5fffafd43432}
2026-10-08T19:29:12.5974214Z Region: westus3
2026-10-08T19:29:12.5974771Z Cloud: Azure
2026-10-08T19:29:12.5976006Z ##[endgroup]
2026-10-08T19:29:12.5977752Z ##[group]Operating System
2026-10-08T19:29:12.5978421Z Ubuntu
2026-10-08T19:29:12.5979051Z 24.04.5
2026-10-08T19:29:12.5979575Z LTS
2026-10-08T19:29:12.5980102Z ##[endgroup]
2026-10-08T19:29:12.5980752Z ##[group]Runner Image
2026-10-08T19:29:12.5981438Z Image: ubuntu-24.04
2026-10-08T19:29:12.5982059Z Version: 20261004.327.1
2026-10-08T19:29:12.5983382Z Included Software: https://github.com/actions/runner-images/blob/ubuntu24/20261004.327/images/ubuntu/Ubuntu2404-Readme.md
2026-10-08T19:29:12.5985039Z Image Release: https://github.com/actions/runner-images/releases/tag/ubuntu24%2F20261004.327
2026-10-08T19:29:12.5986463Z ##[endgroup]
2026-10-08T19:29:12.5987687Z ##[group]GITHUB_TOKEN Permissions
2026-10-08T19:29:12.5989627Z Contents: read
2026-10-08T19:29:12.5990352Z Metadata: read
2026-10-08T19:29:12.5990973Z ##[endgroup]
2026-10-08T19:29:12.5993016Z Secret source: Actions
2026-10-08T19:29:12.5994094Z Cache mode: write
2026-10-08T19:29:12.5994813Z Prepare workflow directory
2026-10-08T19:29:12.6340661Z Prepare all required actions
2026-10-08T19:29:12.6388956Z Getting action download info
2026-10-08T19:29:12.9629496Z Download action repository 'actions/checkout@3d3c42e5aac5ba805825da76410c181273ba90b1' (SHA:3d3c42e5aac5ba805825da76410c181273ba90b1)
2026-10-08T19:29:13.0581162Z Download action repository 'actions/setup-python@5fda3b95a4ea91299a34e894583c3862153e4b97' (SHA:5fda3b95a4ea91299a34e894583c3862153e4b97)
2026-10-08T19:29:13.2457667Z Complete job name: test
2026-10-08T19:29:13.3259552Z ##[group]Run actions/checkout@3d3c42e5aac5ba805825da76410c181273ba90b1
2026-10-08T19:29:13.3260647Z with:
2026-10-08T19:29:13.3261102Z   repository: Jacob-Met/tastetable
2026-10-08T19:29:13.3264768Z   token: ***
2026-10-08T19:29:13.3265203Z   ssh-strict: true
2026-10-08T19:29:13.3265857Z   ssh-user: git
2026-10-08T19:29:13.3266321Z   persist-credentials: true
2026-10-08T19:29:13.3266808Z   clean: true
2026-10-08T19:29:13.3267257Z   sparse-checkout-cone-mode: true
2026-10-08T19:29:13.3267785Z   fetch-depth: 1
2026-10-08T19:29:13.3268218Z   fetch-tags: false
2026-10-08T19:29:13.3268667Z   show-progress: true
2026-10-08T19:29:13.3269118Z   lfs: false
2026-10-08T19:29:13.3269536Z   submodules: false
2026-10-08T19:29:13.3269991Z   set-safe-directory: true
2026-10-08T19:29:13.3270495Z   allow-unsafe-pr-checkout: false
2026-10-08T19:29:13.3271290Z ##[endgroup]
2026-10-08T19:29:13.4280704Z Syncing repository: Jacob-Met/tastetable
2026-10-08T19:29:13.4282733Z ##[group]Getting Git version info
2026-10-08T19:29:13.4283527Z Working directory is '/home/runner/work/tastetable/tastetable'
2026-10-08T19:29:13.4284613Z [command]/usr/bin/git version
2026-10-08T19:29:13.4405794Z git version 2.55.0
2026-10-08T19:29:13.4431476Z ##[endgroup]
2026-10-08T19:29:13.4443259Z Temporarily overriding HOME='/home/runner/work/_temp/ba6c4363-f2a0-476c-a680-9e669843132f' before making global git config changes
2026-10-08T19:29:13.4445924Z Adding repository directory to the temporary git global config as a safe directory
2026-10-08T19:29:13.4450710Z [command]/usr/bin/git config --global --add safe.directory /home/runner/work/tastetable/tastetable
2026-10-08T19:29:13.4509872Z Deleting the contents of '/home/runner/work/tastetable/tastetable'
2026-10-08T19:29:13.4513624Z ##[group]Determining repository object format
2026-10-08T19:29:13.4515188Z ##[endgroup]
2026-10-08T19:29:13.4516654Z ##[group]Initializing the repository
2026-10-08T19:29:13.4519616Z [command]/usr/bin/git init /home/runner/work/tastetable/tastetable
2026-10-08T19:29:13.4673709Z hint: Using 'master' as the name for the initial branch. This default branch name
2026-10-08T19:29:13.4676052Z hint: will change to "main" in Git 3.0. To configure the initial branch name
2026-10-08T19:29:13.4678134Z hint: to use in all of your new repositories, which will suppress this warning,
2026-10-08T19:29:13.4679624Z hint: call:
2026-10-08T19:29:13.4680580Z hint:
2026-10-08T19:29:13.4681848Z hint: 	git config --global init.defaultBranch <name>
2026-10-08T19:29:13.4682947Z hint:
2026-10-08T19:29:13.4683910Z hint: Names commonly chosen instead of 'master' are 'main', 'trunk' and
2026-10-08T19:29:13.4685747Z hint: 'development'. The just-created branch can be renamed via this command:
2026-10-08T19:29:13.4687014Z hint:
2026-10-08T19:29:13.4687694Z hint: 	git branch -m <name>
2026-10-08T19:29:13.4688480Z hint:
2026-10-08T19:29:13.4689521Z hint: Disable this message with "git config set advice.defaultBranchName false"
2026-10-08T19:29:13.4691245Z Initialized empty Git repository in /home/runner/work/tastetable/tastetable/.git/
2026-10-08T19:29:13.4710466Z [command]/usr/bin/git remote add origin https://github.com/Jacob-Met/tastetable
2026-10-08T19:29:13.4769463Z ##[endgroup]
2026-10-08T19:29:13.4771020Z ##[group]Disabling automatic garbage collection
2026-10-08T19:29:13.4774027Z [command]/usr/bin/git config --local gc.auto 0
2026-10-08T19:29:13.4816189Z ##[endgroup]
2026-10-08T19:29:13.4817754Z ##[group]Setting up auth
2026-10-08T19:29:13.4819147Z Removing SSH command configuration
2026-10-08T19:29:13.4822607Z [command]/usr/bin/git config --local --name-only --get-regexp core\.sshCommand
2026-10-08T19:29:13.4863577Z [command]/usr/bin/git submodule foreach --recursive sh -c "git config --local --name-only --get-regexp 'core\.sshCommand' && git config --local --unset-all 'core.sshCommand' || :"
2026-10-08T19:29:13.5261574Z Removing HTTP extra header
2026-10-08T19:29:13.5267540Z [command]/usr/bin/git config --local --name-only --get-regexp http\.https\:\/\/github\.com\/\.extraheader
2026-10-08T19:29:13.5305039Z [command]/usr/bin/git submodule foreach --recursive sh -c "git config --local --name-only --get-regexp 'http\.https\:\/\/github\.com\/\.extraheader' && git config --local --unset-all 'http.https://github.com/.extraheader' || :"
2026-10-08T19:29:13.5529246Z Removing includeIf entries pointing to credentials config files
2026-10-08T19:29:13.5533735Z [command]/usr/bin/git config --local --name-only --get-regexp ^includeIf\.gitdir:
2026-10-08T19:29:13.5576697Z [command]/usr/bin/git submodule foreach --recursive git config --local --show-origin --name-only --get-regexp remote.origin.url
2026-10-08T19:29:13.5827451Z [command]/usr/bin/git config --file /home/runner/work/_temp/git-credentials-76545c7b-ccb5-4e07-bc9e-8f96d84e5fab.config http.https://github.com/.extraheader AUTHORIZATION: basic ***
2026-10-08T19:29:13.5869750Z [command]/usr/bin/git config --local includeIf.gitdir:/home/runner/work/tastetable/tastetable/.git.path /home/runner/work/_temp/git-credentials-76545c7b-ccb5-4e07-bc9e-8f96d84e5fab.config
2026-10-08T19:29:13.5904063Z [command]/usr/bin/git config --local includeIf.gitdir:/home/runner/work/tastetable/tastetable/.git/worktrees/*.path /home/runner/work/_temp/git-credentials-76545c7b-ccb5-4e07-bc9e-8f96d84e5fab.config
2026-10-08T19:29:13.5943425Z [command]/usr/bin/git config --local includeIf.gitdir:/github/workspace/.git.path /github/runner_temp/git-credentials-76545c7b-ccb5-4e07-bc9e-8f96d84e5fab.config
2026-10-08T19:29:13.5980278Z [command]/usr/bin/git config --local includeIf.gitdir:/github/workspace/.git/worktrees/*.path /github/runner_temp/git-credentials-76545c7b-ccb5-4e07-bc9e-8f96d84e5fab.config
2026-10-08T19:29:13.6013020Z ##[endgroup]
2026-10-08T19:29:13.6014361Z ##[group]Fetching the repository
2026-10-08T19:29:13.6021654Z [command]/usr/bin/git -c protocol.version=2 fetch --no-tags --prune --no-recurse-submodules --depth=1 origin +f5b5792901ec3fe4daeacd98d247a39f322499fa:refs/remotes/pull/50/merge
2026-10-08T19:29:15.4469383Z From https://github.com/Jacob-Met/tastetable
2026-10-08T19:29:15.4471250Z  * [new ref]         f5b5792901ec3fe4daeacd98d247a39f322499fa -> pull/50/merge
2026-10-08T19:29:15.4474481Z ##[endgroup]
2026-10-08T19:29:15.4476162Z ##[group]Determining the checkout info
2026-10-08T19:29:15.4477769Z ##[endgroup]
2026-10-08T19:29:15.4479272Z [command]/usr/bin/git sparse-checkout disable
2026-10-08T19:29:15.4537531Z [command]/usr/bin/git config --local --unset-all extensions.worktreeConfig
2026-10-08T19:29:15.4571257Z ##[group]Checking out the ref
2026-10-08T19:29:15.4577290Z [command]/usr/bin/git checkout --progress --force refs/remotes/pull/50/merge
2026-10-08T19:29:15.5430567Z Note: switching to 'refs/remotes/pull/50/merge'.
2026-10-08T19:29:15.5432014Z 
2026-10-08T19:29:15.5433200Z You are in 'detached HEAD' state. You can look around, make experimental
2026-10-08T19:29:15.5436254Z changes and commit them, and you can discard any commits you make in this
2026-10-08T19:29:15.5439024Z state without impacting any branches by switching back to a branch.
2026-10-08T19:29:15.5440888Z 
2026-10-08T19:29:15.5441982Z If you want to create a new branch to retain commits you create, you may
2026-10-08T19:29:15.5444097Z do so (now or later) by using -c with the switch command. Example:
2026-10-08T19:29:15.5445129Z 
2026-10-08T19:29:15.5445780Z   git switch -c <new-branch-name>
2026-10-08T19:29:15.5446639Z 
2026-10-08T19:29:15.5447360Z Or undo this operation with:
2026-10-08T19:29:15.5448313Z 
2026-10-08T19:29:15.5448851Z   git switch -
2026-10-08T19:29:15.5449546Z 
2026-10-08T19:29:15.5450510Z Turn off this advice by setting config variable advice.detachedHead to false
2026-10-08T19:29:15.5452053Z 
2026-10-08T19:29:15.5453931Z HEAD is now at f5b5792 Merge d07dc6fda6b454f56903e7ca4b469e41aba9b782 into 0f1316eed24611345e722a9938db8ce03c181404
2026-10-08T19:29:15.5459377Z ##[endgroup]
2026-10-08T19:29:15.5502416Z [command]/usr/bin/git log -1 --format=%H
2026-10-08T19:29:15.5533396Z f5b5792901ec3fe4daeacd98d247a39f322499fa
2026-10-08T19:29:15.5942252Z ##[group]Run actions/setup-python@5fda3b95a4ea91299a34e894583c3862153e4b97
2026-10-08T19:29:15.5944032Z with:
2026-10-08T19:29:15.5944936Z   python-version: 3.12
2026-10-08T19:29:15.5946163Z   check-latest: false
2026-10-08T19:29:15.5956010Z   token: ***
2026-10-08T19:29:15.5956964Z   update-environment: true
2026-10-08T19:29:15.5958074Z   allow-prereleases: false
2026-10-08T19:29:15.5959198Z   freethreaded: false
2026-10-08T19:29:15.5960173Z ##[endgroup]
2026-10-08T19:29:15.7195784Z ##[group]Installed versions
2026-10-08T19:29:15.7291189Z Successfully set up CPython (3.12.15)
2026-10-08T19:29:15.7293440Z ##[endgroup]
2026-10-08T19:29:15.7517442Z ##[group]Run pip install -r requirements.txt
2026-10-08T19:29:15.7519001Z [36;1mpip install -r requirements.txt[0m
2026-10-08T19:29:15.7850642Z shell: /usr/bin/bash -e {0}
2026-10-08T19:29:15.7851849Z env:
2026-10-08T19:29:15.7853042Z   pythonLocation: /opt/hostedtoolcache/Python/3.12.15/x64
2026-10-08T19:29:15.7855016Z   PKG_CONFIG_PATH: /opt/hostedtoolcache/Python/3.12.15/x64/lib/pkgconfig
2026-10-08T19:29:15.7857193Z   Python_ROOT_DIR: /opt/hostedtoolcache/Python/3.12.15/x64
2026-10-08T19:29:15.7858936Z   Python2_ROOT_DIR: /opt/hostedtoolcache/Python/3.12.15/x64
2026-10-08T19:29:15.7860627Z   Python3_ROOT_DIR: /opt/hostedtoolcache/Python/3.12.15/x64
2026-10-08T19:29:15.7862344Z   LD_LIBRARY_PATH: /opt/hostedtoolcache/Python/3.12.15/x64/lib
2026-10-08T19:29:15.7863815Z ##[endgroup]
2026-10-08T19:29:16.7303173Z Collecting fastapi>=0.110 (from -r requirements.txt (line 1))
2026-10-08T19:29:16.7768529Z   Downloading fastapi-0.143.0-py3-none-any.whl.metadata (26 kB)
2026-10-08T19:29:16.8112463Z Collecting uvicorn>=0.29 (from -r requirements.txt (line 2))
2026-10-08T19:29:16.8145646Z   Downloading uvicorn-0.54.0-py3-none-any.whl.metadata (6.6 kB)
2026-10-08T19:29:16.8316293Z Collecting httpx>=0.27 (from -r requirements.txt (line 3))
2026-10-08T19:29:16.8351219Z   Downloading httpx-0.28.1-py3-none-any.whl.metadata (7.1 kB)
2026-10-08T19:29:16.8624383Z Collecting pytest>=8 (from -r requirements.txt (line 4))
2026-10-08T19:29:16.8662882Z   Downloading pytest-9.1.1-py3-none-any.whl.metadata (7.6 kB)
2026-10-08T19:29:16.9037323Z Collecting starlette>=0.46.0 (from fastapi>=0.110->-r requirements.txt (line 1))
2026-10-08T19:29:16.9071686Z   Downloading starlette-1.7.0-py3-none-any.whl.metadata (6.6 kB)
2026-10-08T19:29:17.0097744Z Collecting pydantic>=2.9.0 (from fastapi>=0.110->-r requirements.txt (line 1))
2026-10-08T19:29:17.0131565Z   Downloading pydantic-2.14.0-py3-none-any.whl.metadata (131 kB)
2026-10-08T19:29:17.0393485Z Collecting typing-extensions>=4.8.0 (from fastapi>=0.110->-r requirements.txt (line 1))
2026-10-08T19:29:17.0426342Z   Downloading typing_extensions-4.16.0-py3-none-any.whl.metadata (3.3 kB)
2026-10-08T19:29:17.0529066Z Collecting typing-inspection>=0.4.2 (from fastapi>=0.110->-r requirements.txt (line 1))
2026-10-08T19:29:17.0558864Z   Downloading typing_inspection-0.4.4-py3-none-any.whl.metadata (2.6 kB)
2026-10-08T19:29:17.0659046Z Collecting annotated-doc>=0.0.2 (from fastapi>=0.110->-r requirements.txt (line 1))
2026-10-08T19:29:17.0692520Z   Downloading annotated_doc-0.0.5-py3-none-any.whl.metadata (6.5 kB)
2026-10-08T19:29:17.0868006Z Collecting opentelemetry-api>=1.44.0 (from fastapi>=0.110->-r requirements.txt (line 1))
2026-10-08T19:29:17.0900965Z   Downloading opentelemetry_api-1.45.1-py3-none-any.whl.metadata (1.4 kB)
2026-10-08T19:29:17.1066706Z Collecting click>=7.0 (from uvicorn>=0.29->-r requirements.txt (line 2))
2026-10-08T19:29:17.1100532Z   Downloading click-8.5.0-py3-none-any.whl.metadata (2.6 kB)
2026-10-08T19:29:17.1210930Z Collecting h11>=0.8 (from uvicorn>=0.29->-r requirements.txt (line 2))
2026-10-08T19:29:17.1244111Z   Downloading h11-0.16.0-py3-none-any.whl.metadata (8.3 kB)
2026-10-08T19:29:17.1433870Z Collecting anyio (from httpx>=0.27->-r requirements.txt (line 3))
2026-10-08T19:29:17.1464771Z   Downloading anyio-4.15.1-py3-none-any.whl.metadata (4.7 kB)
2026-10-08T19:29:17.1764788Z Collecting certifi (from httpx>=0.27->-r requirements.txt (line 3))
2026-10-08T19:29:17.1799450Z   Downloading certifi-2026.7.22-py3-none-any.whl.metadata (2.5 kB)
2026-10-08T19:29:17.1957612Z Collecting httpcore==1.* (from httpx>=0.27->-r requirements.txt (line 3))
2026-10-08T19:29:17.1990661Z   Downloading httpcore-1.0.9-py3-none-any.whl.metadata (21 kB)
2026-10-08T19:29:17.2145230Z Collecting idna (from httpx>=0.27->-r requirements.txt (line 3))
2026-10-08T19:29:17.2177735Z   Downloading idna-3.20-py3-none-any.whl.metadata (7.2 kB)
2026-10-08T19:29:17.2305176Z Collecting iniconfig>=1.0.1 (from pytest>=8->-r requirements.txt (line 4))
2026-10-08T19:29:17.2335906Z   Downloading iniconfig-2.3.1-py3-none-any.whl.metadata (2.8 kB)
2026-10-08T19:29:17.2479773Z Collecting packaging>=22 (from pytest>=8->-r requirements.txt (line 4))
2026-10-08T19:29:17.2511495Z   Downloading packaging-26.3-py3-none-any.whl.metadata (3.5 kB)
2026-10-08T19:29:17.2632322Z Collecting pluggy<2,>=1.5 (from pytest>=8->-r requirements.txt (line 4))
2026-10-08T19:29:17.2663383Z   Downloading pluggy-1.6.0-py3-none-any.whl.metadata (4.8 kB)
2026-10-08T19:29:17.2846916Z Collecting pygments>=2.7.2 (from pytest>=8->-r requirements.txt (line 4))
2026-10-08T19:29:17.2879175Z   Downloading pygments-2.21.0-py3-none-any.whl.metadata (2.5 kB)
2026-10-08T19:29:17.3015983Z Collecting annotated-types>=0.6.0 (from pydantic>=2.9.0->fastapi>=0.110->-r requirements.txt (line 1))
2026-10-08T19:29:17.3049807Z   Downloading annotated_types-0.8.0-py3-none-any.whl.metadata (15 kB)
2026-10-08T19:29:17.9827662Z Collecting pydantic-core==2.50.0 (from pydantic>=2.9.0->fastapi>=0.110->-r requirements.txt (line 1))
2026-10-08T19:29:17.9864999Z   Downloading pydantic_core-2.50.0-cp312-cp312-manylinux_2_17_x86_64.manylinux2014_x86_64.whl.metadata (6.5 kB)
2026-10-08T19:29:18.0031650Z Downloading fastapi-0.143.0-py3-none-any.whl (144 kB)
2026-10-08T19:29:18.0099054Z Downloading uvicorn-0.54.0-py3-none-any.whl (87 kB)
2026-10-08T19:29:18.0151296Z Downloading httpx-0.28.1-py3-none-any.whl (73 kB)
2026-10-08T19:29:18.0203061Z Downloading httpcore-1.0.9-py3-none-any.whl (78 kB)
2026-10-08T19:29:18.0255856Z Downloading pytest-9.1.1-py3-none-any.whl (386 kB)
2026-10-08T19:29:18.0347387Z Downloading pluggy-1.6.0-py3-none-any.whl (20 kB)
2026-10-08T19:29:18.0398640Z Downloading annotated_doc-0.0.5-py3-none-any.whl (5.3 kB)
2026-10-08T19:29:18.0447519Z Downloading click-8.5.0-py3-none-any.whl (125 kB)
2026-10-08T19:29:18.0500889Z Downloading h11-0.16.0-py3-none-any.whl (37 kB)
2026-10-08T19:29:18.0558074Z Downloading iniconfig-2.3.1-py3-none-any.whl (7.6 kB)
2026-10-08T19:29:18.0610517Z Downloading opentelemetry_api-1.45.1-py3-none-any.whl (60 kB)
2026-10-08T19:29:18.0660120Z Downloading packaging-26.3-py3-none-any.whl (129 kB)
2026-10-08T19:29:18.0726683Z Downloading pydantic-2.14.0-py3-none-any.whl (487 kB)
2026-10-08T19:29:18.0822090Z Downloading pydantic_core-2.50.0-cp312-cp312-manylinux_2_17_x86_64.manylinux2014_x86_64.whl (2.2 MB)
2026-10-08T19:29:18.1023527Z    ━━━━━━━━━━━━━━━━━━━━━━━━━━━━━━━━━━━━━━━━ 2.2/2.2 MB 116.9 MB/s  0:00:00
2026-10-08T19:29:18.1062891Z Downloading annotated_types-0.8.0-py3-none-any.whl (13 kB)
2026-10-08T19:29:18.1113819Z Downloading pygments-2.21.0-py3-none-any.whl (1.3 MB)
2026-10-08T19:29:18.1218533Z    ━━━━━━━━━━━━━━━━━━━━━━━━━━━━━━━━━━━━━━━━ 1.3/1.3 MB 133.1 MB/s  0:00:00
2026-10-08T19:29:18.1251759Z Downloading starlette-1.7.0-py3-none-any.whl (78 kB)
2026-10-08T19:29:18.1309592Z Downloading anyio-4.15.1-py3-none-any.whl (132 kB)
2026-10-08T19:29:18.1364650Z Downloading idna-3.20-py3-none-any.whl (69 kB)
2026-10-08T19:29:18.1422406Z Downloading typing_extensions-4.16.0-py3-none-any.whl (45 kB)
2026-10-08T19:29:18.1475174Z Downloading typing_inspection-0.4.4-py3-none-any.whl (14 kB)
2026-10-08T19:29:18.1525496Z Downloading certifi-2026.7.22-py3-none-any.whl (136 kB)
2026-10-08T19:29:18.2847130Z Installing collected packages: typing-extensions, pygments, pluggy, packaging, iniconfig, idna, h11, click, certifi, annotated-types, annotated-doc, uvicorn, typing-inspection, pytest, pydantic-core, opentelemetry-api, httpcore, anyio, starlette, pydantic, httpx, fastapi
2026-10-08T19:29:20.4079053Z 
2026-10-08T19:29:20.4104158Z Successfully installed annotated-doc-0.0.5 annotated-types-0.8.0 anyio-4.15.1 certifi-2026.7.22 click-8.5.0 fastapi-0.143.0 h11-0.16.0 httpcore-1.0.9 httpx-0.28.1 idna-3.20 iniconfig-2.3.1 opentelemetry-api-1.45.1 packaging-26.3 pluggy-1.6.0 pydantic-2.14.0 pydantic-core-2.50.0 pygments-2.21.0 pytest-9.1.1 starlette-1.7.0 typing-extensions-4.16.0 typing-inspection-0.4.4 uvicorn-0.54.0
2026-10-08T19:29:20.4931690Z ##[group]Run python -m pytest -q
2026-10-08T19:29:20.4932024Z [36;1mpython -m pytest -q[0m
2026-10-08T19:29:20.4999355Z shell: /usr/bin/bash -e {0}
2026-10-08T19:29:20.4999615Z env:
2026-10-08T19:29:20.4999906Z   pythonLocation: /opt/hostedtoolcache/Python/3.12.15/x64
2026-10-08T19:29:20.5000370Z   PKG_CONFIG_PATH: /opt/hostedtoolcache/Python/3.12.15/x64/lib/pkgconfig
2026-10-08T19:29:20.5000827Z   Python_ROOT_DIR: /opt/hostedtoolcache/Python/3.12.15/x64
2026-10-08T19:29:20.5001234Z   Python2_ROOT_DIR: /opt/hostedtoolcache/Python/3.12.15/x64
2026-10-08T19:29:20.5001660Z   Python3_ROOT_DIR: /opt/hostedtoolcache/Python/3.12.15/x64
2026-10-08T19:29:20.5002071Z   LD_LIBRARY_PATH: /opt/hostedtoolcache/Python/3.12.15/x64/lib
2026-10-08T19:29:20.5002417Z ##[endgroup]
2026-10-08T19:29:22.1088620Z ............................................. [ 19%]
2026-10-08T19:29:30.9762548Z ...........................................TASTETABLE_INDEPENDENT_SOURCE {"case": "tests/test_saved_week_calendar_receiving_ultra.py::test_native_codec_writer_controls_and_manual_occurrences[False]", "sha256": {"static/calendar.js": "09dfe98a95da6c7fd0b7ee531c3ec4cf9ae5697dc730fab6cffdd07d8bd94b3b", "static/week_file.mjs": "914291b97250a97f6e09f47e6fed58b607b3b1ed9e4c60e3242ff39546913614", "static/week_plan.mjs": "e739adc10d9ae9ba1cb82c6d800c453e8f7bec53e343e0685adeabe98e6f4809", "tests/fixtures/saved-week-response.json": "5e7b785c0a02a999647e52a0229b0b649c82bbca131ca0f8db50f99c270d992f"}, "unchanged": true}
2026-10-08T19:29:31.0202278Z .TASTETABLE_INDEPENDENT_SOURCE {"case": "tests/test_saved_week_calendar_receiving_ultra.py::test_native_codec_writer_controls_and_manual_occurrences[True]", "sha256": {"static/calendar.js": "09dfe98a95da6c7fd0b7ee531c3ec4cf9ae5697dc730fab6cffdd07d8bd94b3b", "static/week_file.mjs": "914291b97250a97f6e09f47e6fed58b607b3b1ed9e4c60e3242ff39546913614", "static/week_plan.mjs": "e739adc10d9ae9ba1cb82c6d800c453e8f7bec53e343e0685adeabe98e6f4809", "tests/fixtures/saved-week-response.json": "5e7b785c0a02a999647e52a0229b0b649c82bbca131ca0f8db50f99c270d992f"}, "unchanged": true}
2026-10-08T19:29:31.1480417Z FTASTETABLE_INDEPENDENT_SOURCE {"case": "tests/test_saved_week_calendar_receiving_ultra.py::test_public_api_preserves_exact_native_bytes_and_frozen_receipt_fields[mock]", "sha256": {"static/calendar.js": "09dfe98a95da6c7fd0b7ee531c3ec4cf9ae5697dc730fab6cffdd07d8bd94b3b", "static/week_file.mjs": "914291b97250a97f6e09f47e6fed58b607b3b1ed9e4c60e3242ff39546913614", "static/week_plan.mjs": "e739adc10d9ae9ba1cb82c6d800c453e8f7bec53e343e0685adeabe98e6f4809", "tests/fixtures/saved-week-response.json": "5e7b785c0a02a999647e52a0229b0b649c82bbca131ca0f8db50f99c270d992f"}, "unchanged": true}
2026-10-08T19:29:31.2458282Z FTASTETABLE_INDEPENDENT_SOURCE {"case": "tests/test_saved_week_calendar_receiving_ultra.py::test_public_api_preserves_exact_native_bytes_and_frozen_receipt_fields[live]", "sha256": {"static/calendar.js": "09dfe98a95da6c7fd0b7ee531c3ec4cf9ae5697dc730fab6cffdd07d8bd94b3b", "static/week_file.mjs": "914291b97250a97f6e09f47e6fed58b607b3b1ed9e4c60e3242ff39546913614", "static/week_plan.mjs": "e739adc10d9ae9ba1cb82c6d800c453e8f7bec53e343e0685adeabe98e6f4809", "tests/fixtures/saved-week-response.json": "5e7b785c0a02a999647e52a0229b0b649c82bbca131ca0f8db50f99c270d992f"}, "unchanged": true}
2026-10-08T19:29:31.3434197Z FTASTETABLE_INDEPENDENT_SOURCE {"case": "tests/test_saved_week_calendar_receiving_ultra.py::test_public_api_preserves_exact_native_bytes_and_frozen_receipt_fields[bom]", "sha256": {"static/calendar.js": "09dfe98a95da6c7fd0b7ee531c3ec4cf9ae5697dc730fab6cffdd07d8bd94b3b", "static/week_file.mjs": "914291b97250a97f6e09f47e6fed58b607b3b1ed9e4c60e3242ff39546913614", "static/week_plan.mjs": "e739adc10d9ae9ba1cb82c6d800c453e8f7bec53e343e0685adeabe98e6f4809", "tests/fixtures/saved-week-response.json": "5e7b785c0a02a999647e52a0229b0b649c82bbca131ca0f8db50f99c270d992f"}, "unchanged": true}
2026-10-08T19:29:31.4331788Z FTASTETABLE_INDEPENDENT_SOURCE {"case": "tests/test_saved_week_calendar_receiving_ultra.py::test_actual_cli_exact_file_receipt_and_repeat_identity[False]", "sha256": {"static/calendar.js": "09dfe98a95da6c7fd0b7ee531c3ec4cf9ae5697dc730fab6cffdd07d8bd94b3b", "static/week_file.mjs": "914291b97250a97f6e09f47e6fed58b607b3b1ed9e4c60e3242ff39546913614", "static/week_plan.mjs": "e739adc10d9ae9ba1cb82c6d800c453e8f7bec53e343e0685adeabe98e6f4809", "tests/fixtures/saved-week-response.json": "5e7b785c0a02a999647e52a0229b0b649c82bbca131ca0f8db50f99c270d992f"}, "unchanged": true}
2026-10-08T19:29:31.5208748Z F [ 40%]
2026-10-08T19:29:31.5217372Z TASTETABLE_INDEPENDENT_SOURCE {"case": "tests/test_saved_week_calendar_receiving_ultra.py::test_actual_cli_exact_file_receipt_and_repeat_identity[True]", "sha256": {"static/calendar.js": "09dfe98a95da6c7fd0b7ee531c3ec4cf9ae5697dc730fab6cffdd07d8bd94b3b", "static/week_file.mjs": "914291b97250a97f6e09f47e6fed58b607b3b1ed9e4c60e3242ff39546913614", "static/week_plan.mjs": "e739adc10d9ae9ba1cb82c6d800c453e8f7bec53e343e0685adeabe98e6f4809", "tests/fixtures/saved-week-response.json": "5e7b785c0a02a999647e52a0229b0b649c82bbca131ca0f8db50f99c270d992f"}, "unchanged": true}
2026-10-08T19:29:31.5758886Z FTASTETABLE_INDEPENDENT_SOURCE {"case": "tests/test_saved_week_calendar_receiving_ultra.py::test_null_identity_requires_explicit_api_choice_and_retains_timestamps", "sha256": {"static/calendar.js": "09dfe98a95da6c7fd0b7ee531c3ec4cf9ae5697dc730fab6cffdd07d8bd94b3b", "static/week_file.mjs": "914291b97250a97f6e09f47e6fed58b607b3b1ed9e4c60e3242ff39546913614", "static/week_plan.mjs": "e739adc10d9ae9ba1cb82c6d800c453e8f7bec53e343e0685adeabe98e6f4809", "tests/fixtures/saved-week-response.json": "5e7b785c0a02a999647e52a0229b0b649c82bbca131ca0f8db50f99c270d992f"}, "unchanged": true}
2026-10-08T19:29:31.6306622Z FTASTETABLE_INDEPENDENT_SOURCE {"case": "tests/test_saved_week_calendar_receiving_ultra.py::test_existing_identity_refuses_even_equal_api_override[0123456789abcdef0123456789abcdef]", "sha256": {"static/calendar.js": "09dfe98a95da6c7fd0b7ee531c3ec4cf9ae5697dc730fab6cffdd07d8bd94b3b", "static/week_file.mjs": "914291b97250a97f6e09f47e6fed58b607b3b1ed9e4c60e3242ff39546913614", "static/week_plan.mjs": "e739adc10d9ae9ba1cb82c6d800c453e8f7bec53e343e0685adeabe98e6f4809", "tests/fixtures/saved-week-response.json": "5e7b785c0a02a999647e52a0229b0b649c82bbca131ca0f8db50f99c270d992f"}, "unchanged": true}
2026-10-08T19:29:31.6864469Z FTASTETABLE_INDEPENDENT_SOURCE {"case": "tests/test_saved_week_calendar_receiving_ultra.py::test_existing_identity_refuses_even_equal_api_override[ffffffffffffffffffffffffffffffff]", "sha256": {"static/calendar.js": "09dfe98a95da6c7fd0b7ee531c3ec4cf9ae5697dc730fab6cffdd07d8bd94b3b", "static/week_file.mjs": "914291b97250a97f6e09f47e6fed58b607b3b1ed9e4c60e3242ff39546913614", "static/week_plan.mjs": "e739adc10d9ae9ba1cb82c6d800c453e8f7bec53e343e0685adeabe98e6f4809", "tests/fixtures/saved-week-response.json": "5e7b785c0a02a999647e52a0229b0b649c82bbca131ca0f8db50f99c270d992f"}, "unchanged": true}
2026-10-08T19:29:31.7424143Z FTASTETABLE_INDEPENDENT_SOURCE {"case": "tests/test_saved_week_calendar_receiving_ultra.py::test_new_api_identity_must_be_explicit_native_identifier[]", "sha256": {"static/calendar.js": "09dfe98a95da6c7fd0b7ee531c3ec4cf9ae5697dc730fab6cffdd07d8bd94b3b", "static/week_file.mjs": "914291b97250a97f6e09f47e6fed58b607b3b1ed9e4c60e3242ff39546913614", "static/week_plan.mjs": "e739adc10d9ae9ba1cb82c6d800c453e8f7bec53e343e0685adeabe98e6f4809", "tests/fixtures/saved-week-response.json": "5e7b785c0a02a999647e52a0229b0b649c82bbca131ca0f8db50f99c270d992f"}, "unchanged": true}
2026-10-08T19:29:31.7995193Z FTASTETABLE_INDEPENDENT_SOURCE {"case": "tests/test_saved_week_calendar_receiving_ultra.py::test_new_api_identity_must_be_explicit_native_identifier[ABCDEF0123456789ABCDEF0123456789AB]", "sha256": {"static/calendar.js": "09dfe98a95da6c7fd0b7ee531c3ec4cf9ae5697dc730fab6cffdd07d8bd94b3b", "static/week_file.mjs": "914291b97250a97f6e09f47e6fed58b607b3b1ed9e4c60e3242ff39546913614", "static/week_plan.mjs": "e739adc10d9ae9ba1cb82c6d800c453e8f7bec53e343e0685adeabe98e6f4809", "tests/fixtures/saved-week-response.json": "5e7b785c0a02a999647e52a0229b0b649c82bbca131ca0f8db50f99c270d992f"}, "unchanged": true}
2026-10-08T19:29:31.8547017Z FTASTETABLE_INDEPENDENT_SOURCE {"case": "tests/test_saved_week_calendar_receiving_ultra.py::test_new_api_identity_must_be_explicit_native_identifier[aaaaaaaaaaaaaaaaaaaaaaaaaaaaaaa]", "sha256": {"static/calendar.js": "09dfe98a95da6c7fd0b7ee531c3ec4cf9ae5697dc730fab6cffdd07d8bd94b3b", "static/week_file.mjs": "914291b97250a97f6e09f47e6fed58b607b3b1ed9e4c60e3242ff39546913614", "static/week_plan.mjs": "e739adc10d9ae9ba1cb82c6d800c453e8f7bec53e343e0685adeabe98e6f4809", "tests/fixtures/saved-week-response.json": "5e7b785c0a02a999647e52a0229b0b649c82bbca131ca0f8db50f99c270d992f"}, "unchanged": true}
2026-10-08T19:29:31.9086784Z FTASTETABLE_INDEPENDENT_SOURCE {"case": "tests/test_saved_week_calendar_receiving_ultra.py::test_new_api_identity_must_be_explicit_native_identifier[7]", "sha256": {"static/calendar.js": "09dfe98a95da6c7fd0b7ee531c3ec4cf9ae5697dc730fab6cffdd07d8bd94b3b", "static/week_file.mjs": "914291b97250a97f6e09f47e6fed58b607b3b1ed9e4c60e3242ff39546913614", "static/week_plan.mjs": "e739adc10d9ae9ba1cb82c6d800c453e8f7bec53e343e0685adeabe98e6f4809", "tests/fixtures/saved-week-response.json": "5e7b785c0a02a999647e52a0229b0b649c82bbca131ca0f8db50f99c270d992f"}, "unchanged": true}
2026-10-08T19:29:31.9640079Z FTASTETABLE_INDEPENDENT_SOURCE {"case": "tests/test_saved_week_calendar_receiving_ultra.py::test_new_api_identity_must_be_explicit_native_identifier[None]", "sha256": {"static/calendar.js": "09dfe98a95da6c7fd0b7ee531c3ec4cf9ae5697dc730fab6cffdd07d8bd94b3b", "static/week_file.mjs": "914291b97250a97f6e09f47e6fed58b607b3b1ed9e4c60e3242ff39546913614", "static/week_plan.mjs": "e739adc10d9ae9ba1cb82c6d800c453e8f7bec53e343e0685adeabe98e6f4809", "tests/fixtures/saved-week-response.json": "5e7b785c0a02a999647e52a0229b0b649c82bbca131ca0f8db50f99c270d992f"}, "unchanged": true}
2026-10-08T19:29:32.0062294Z FTASTETABLE_INDEPENDENT_SOURCE {"case": "tests/test_saved_week_calendar_receiving_ultra.py::test_actual_cli_explicit_new_calendar_repeated_creations_are_distinct", "sha256": {"static/calendar.js": "09dfe98a95da6c7fd0b7ee531c3ec4cf9ae5697dc730fab6cffdd07d8bd94b3b", "static/week_file.mjs": "914291b97250a97f6e09f47e6fed58b607b3b1ed9e4c60e3242ff39546913614", "static/week_plan.mjs": "e739adc10d9ae9ba1cb82c6d800c453e8f7bec53e343e0685adeabe98e6f4809", "tests/fixtures/saved-week-response.json": "5e7b785c0a02a999647e52a0229b0b649c82bbca131ca0f8db50f99c270d992f"}, "unchanged": true}
2026-10-08T19:29:32.0442423Z .TASTETABLE_INDEPENDENT_SOURCE {"case": "tests/test_saved_week_calendar_receiving_ultra.py::test_original_native_rejects_whole_invalid_arrangement_control[unknown-source]", "sha256": {"static/calendar.js": "09dfe98a95da6c7fd0b7ee531c3ec4cf9ae5697dc730fab6cffdd07d8bd94b3b", "static/week_file.mjs": "914291b97250a97f6e09f47e6fed58b607b3b1ed9e4c60e3242ff39546913614", "static/week_plan.mjs": "e739adc10d9ae9ba1cb82c6d800c453e8f7bec53e343e0685adeabe98e6f4809", "tests/fixtures/saved-week-response.json": "5e7b785c0a02a999647e52a0229b0b649c82bbca131ca0f8db50f99c270d992f"}, "unchanged": true}
2026-10-08T19:29:32.0856178Z .TASTETABLE_INDEPENDENT_SOURCE {"case": "tests/test_saved_week_calendar_receiving_ultra.py::test_original_native_rejects_whole_invalid_arrangement_control[all-omitted]", "sha256": {"static/calendar.js": "09dfe98a95da6c7fd0b7ee531c3ec4cf9ae5697dc730fab6cffdd07d8bd94b3b", "static/week_file.mjs": "914291b97250a97f6e09f47e6fed58b607b3b1ed9e4c60e3242ff39546913614", "static/week_plan.mjs": "e739adc10d9ae9ba1cb82c6d800c453e8f7bec53e343e0685adeabe98e6f4809", "tests/fixtures/saved-week-response.json": "5e7b785c0a02a999647e52a0229b0b649c82bbca131ca0f8db50f99c270d992f"}, "unchanged": true}
2026-10-08T19:29:32.1223697Z .TASTETABLE_INDEPENDENT_SOURCE {"case": "tests/test_saved_week_calendar_receiving_ultra.py::test_original_native_rejects_whole_invalid_arrangement_control[invalid-date]", "sha256": {"static/calendar.js": "09dfe98a95da6c7fd0b7ee531c3ec4cf9ae5697dc730fab6cffdd07d8bd94b3b", "static/week_file.mjs": "914291b97250a97f6e09f47e6fed58b607b3b1ed9e4c60e3242ff39546913614", "static/week_plan.mjs": "e739adc10d9ae9ba1cb82c6d800c453e8f7bec53e343e0685adeabe98e6f4809", "tests/fixtures/saved-week-response.json": "5e7b785c0a02a999647e52a0229b0b649c82bbca131ca0f8db50f99c270d992f"}, "unchanged": true}
2026-10-08T19:29:32.1596638Z .TASTETABLE_INDEPENDENT_SOURCE {"case": "tests/test_saved_week_calendar_receiving_ultra.py::test_original_native_rejects_whole_invalid_arrangement_control[extra-assignment]", "sha256": {"static/calendar.js": "09dfe98a95da6c7fd0b7ee531c3ec4cf9ae5697dc730fab6cffdd07d8bd94b3b", "static/week_file.mjs": "914291b97250a97f6e09f47e6fed58b607b3b1ed9e4c60e3242ff39546913614", "static/week_plan.mjs": "e739adc10d9ae9ba1cb82c6d800c453e8f7bec53e343e0685adeabe98e6f4809", "tests/fixtures/saved-week-response.json": "5e7b785c0a02a999647e52a0229b0b649c82bbca131ca0f8db50f99c270d992f"}, "unchanged": true}
2026-10-08T19:29:32.1965949Z .TASTETABLE_INDEPENDENT_SOURCE {"case": "tests/test_saved_week_calendar_receiving_ultra.py::test_original_native_rejects_whole_invalid_arrangement_control[missing-calendar-id]", "sha256": {"static/calendar.js": "09dfe98a95da6c7fd0b7ee531c3ec4cf9ae5697dc730fab6cffdd07d8bd94b3b", "static/week_file.mjs": "914291b97250a97f6e09f47e6fed58b607b3b1ed9e4c60e3242ff39546913614", "static/week_plan.mjs": "e739adc10d9ae9ba1cb82c6d800c453e8f7bec53e343e0685adeabe98e6f4809", "tests/fixtures/saved-week-response.json": "5e7b785c0a02a999647e52a0229b0b649c82bbca131ca0f8db50f99c270d992f"}, "unchanged": true}
2026-10-08T19:29:32.2334703Z .TASTETABLE_INDEPENDENT_SOURCE {"case": "tests/test_saved_week_calendar_receiving_ultra.py::test_original_native_rejects_whole_invalid_arrangement_control[mismatched-constraints]", "sha256": {"static/calendar.js": "09dfe98a95da6c7fd0b7ee531c3ec4cf9ae5697dc730fab6cffdd07d8bd94b3b", "static/week_file.mjs": "914291b97250a97f6e09f47e6fed58b607b3b1ed9e4c60e3242ff39546913614", "static/week_plan.mjs": "e739adc10d9ae9ba1cb82c6d800c453e8f7bec53e343e0685adeabe98e6f4809", "tests/fixtures/saved-week-response.json": "5e7b785c0a02a999647e52a0229b0b649c82bbca131ca0f8db50f99c270d992f"}, "unchanged": true}
2026-10-08T19:29:32.2737053Z .TASTETABLE_INDEPENDENT_SOURCE {"case": "tests/test_saved_week_calendar_receiving_ultra.py::test_original_native_rejects_whole_invalid_arrangement_control[control-in-omitted-pick]", "sha256": {"static/calendar.js": "09dfe98a95da6c7fd0b7ee531c3ec4cf9ae5697dc730fab6cffdd07d8bd94b3b", "static/week_file.mjs": "914291b97250a97f6e09f47e6fed58b607b3b1ed9e4c60e3242ff39546913614", "static/week_plan.mjs": "e739adc10d9ae9ba1cb82c6d800c453e8f7bec53e343e0685adeabe98e6f4809", "tests/fixtures/saved-week-response.json": "5e7b785c0a02a999647e52a0229b0b649c82bbca131ca0f8db50f99c270d992f"}, "unchanged": true}
2026-10-08T19:29:32.3099949Z .TASTETABLE_INDEPENDENT_SOURCE {"case": "tests/test_saved_week_calendar_receiving_ultra.py::test_original_native_rejects_whole_invalid_arrangement_control[surrogate-in-source]", "sha256": {"static/calendar.js": "09dfe98a95da6c7fd0b7ee531c3ec4cf9ae5697dc730fab6cffdd07d8bd94b3b", "static/week_file.mjs": "914291b97250a97f6e09f47e6fed58b607b3b1ed9e4c60e3242ff39546913614", "static/week_plan.mjs": "e739adc10d9ae9ba1cb82c6d800c453e8f7bec53e343e0685adeabe98e6f4809", "tests/fixtures/saved-week-response.json": "5e7b785c0a02a999647e52a0229b0b649c82bbca131ca0f8db50f99c270d992f"}, "unchanged": true}
2026-10-08T19:29:32.3482892Z .TASTETABLE_INDEPENDENT_SOURCE {"case": "tests/test_saved_week_calendar_receiving_ultra.py::test_original_native_rejects_whole_invalid_arrangement_control[duplicate-original-slot]", "sha256": {"static/calendar.js": "09dfe98a95da6c7fd0b7ee531c3ec4cf9ae5697dc730fab6cffdd07d8bd94b3b", "static/week_file.mjs": "914291b97250a97f6e09f47e6fed58b607b3b1ed9e4c60e3242ff39546913614", "static/week_plan.mjs": "e739adc10d9ae9ba1cb82c6d800c453e8f7bec53e343e0685adeabe98e6f4809", "tests/fixtures/saved-week-response.json": "5e7b785c0a02a999647e52a0229b0b649c82bbca131ca0f8db50f99c270d992f"}, "unchanged": true}
2026-10-08T19:29:32.3885953Z .TASTETABLE_INDEPENDENT_SOURCE {"case": "tests/test_saved_week_calendar_receiving_ultra.py::test_original_native_rejects_whole_invalid_arrangement_control[empty-plan]", "sha256": {"static/calendar.js": "09dfe98a95da6c7fd0b7ee531c3ec4cf9ae5697dc730fab6cffdd07d8bd94b3b", "static/week_file.mjs": "914291b97250a97f6e09f47e6fed58b607b3b1ed9e4c60e3242ff39546913614", "static/week_plan.mjs": "e739adc10d9ae9ba1cb82c6d800c453e8f7bec53e343e0685adeabe98e6f4809", "tests/fixtures/saved-week-response.json": "5e7b785c0a02a999647e52a0229b0b649c82bbca131ca0f8db50f99c270d992f"}, "unchanged": true}
2026-10-08T19:29:32.4463474Z FTASTETABLE_INDEPENDENT_SOURCE {"case": "tests/test_saved_week_calendar_receiving_ultra.py::test_public_api_and_cli_refuse_whole_native_invalid_input[unknown-source]", "sha256": {"static/calendar.js": "09dfe98a95da6c7fd0b7ee531c3ec4cf9ae5697dc730fab6cffdd07d8bd94b3b", "static/week_file.mjs": "914291b97250a97f6e09f47e6fed58b607b3b1ed9e4c60e3242ff39546913614", "static/week_plan.mjs": "e739adc10d9ae9ba1cb82c6d800c453e8f7bec53e343e0685adeabe98e6f4809", "tests/fixtures/saved-week-response.json": "5e7b785c0a02a999647e52a0229b0b649c82bbca131ca0f8db50f99c270d992f"}, "unchanged": true}
2026-10-08T19:29:32.5045021Z FTASTETABLE_INDEPENDENT_SOURCE {"case": "tests/test_saved_week_calendar_receiving_ultra.py::test_public_api_and_cli_refuse_whole_native_invalid_input[all-omitted]", "sha256": {"static/calendar.js": "09dfe98a95da6c7fd0b7ee531c3ec4cf9ae5697dc730fab6cffdd07d8bd94b3b", "static/week_file.mjs": "914291b97250a97f6e09f47e6fed58b607b3b1ed9e4c60e3242ff39546913614", "static/week_plan.mjs": "e739adc10d9ae9ba1cb82c6d800c453e8f7bec53e343e0685adeabe98e6f4809", "tests/fixtures/saved-week-response.json": "5e7b785c0a02a999647e52a0229b0b649c82bbca131ca0f8db50f99c270d992f"}, "unchanged": true}
2026-10-08T19:29:32.5650275Z FTASTETABLE_INDEPENDENT_SOURCE {"case": "tests/test_saved_week_calendar_receiving_ultra.py::test_public_api_and_cli_refuse_whole_native_invalid_input[invalid-date]", "sha256": {"static/calendar.js": "09dfe98a95da6c7fd0b7ee531c3ec4cf9ae5697dc730fab6cffdd07d8bd94b3b", "static/week_file.mjs": "914291b97250a97f6e09f47e6fed58b607b3b1ed9e4c60e3242ff39546913614", "static/week_plan.mjs": "e739adc10d9ae9ba1cb82c6d800c453e8f7bec53e343e0685adeabe98e6f4809", "tests/fixtures/saved-week-response.json": "5e7b785c0a02a999647e52a0229b0b649c82bbca131ca0f8db50f99c270d992f"}, "unchanged": true}
2026-10-08T19:29:32.6248865Z FTASTETABLE_INDEPENDENT_SOURCE {"case": "tests/test_saved_week_calendar_receiving_ultra.py::test_public_api_and_cli_refuse_whole_native_invalid_input[extra-assignment]", "sha256": {"static/calendar.js": "09dfe98a95da6c7fd0b7ee531c3ec4cf9ae5697dc730fab6cffdd07d8bd94b3b", "static/week_file.mjs": "914291b97250a97f6e09f47e6fed58b607b3b1ed9e4c60e3242ff39546913614", "static/week_plan.mjs": "e739adc10d9ae9ba1cb82c6d800c453e8f7bec53e343e0685adeabe98e6f4809", "tests/fixtures/saved-week-response.json": "5e7b785c0a02a999647e52a0229b0b649c82bbca131ca0f8db50f99c270d992f"}, "unchanged": true}
2026-10-08T19:29:32.6842570Z FTASTETABLE_INDEPENDENT_SOURCE {"case": "tests/test_saved_week_calendar_receiving_ultra.py::test_public_api_and_cli_refuse_whole_native_invalid_input[missing-calendar-id]", "sha256": {"static/calendar.js": "09dfe98a95da6c7fd0b7ee531c3ec4cf9ae5697dc730fab6cffdd07d8bd94b3b", "static/week_file.mjs": "914291b97250a97f6e09f47e6fed58b607b3b1ed9e4c60e3242ff39546913614", "static/week_plan.mjs": "e739adc10d9ae9ba1cb82c6d800c453e8f7bec53e343e0685adeabe98e6f4809", "tests/fixtures/saved-week-response.json": "5e7b785c0a02a999647e52a0229b0b649c82bbca131ca0f8db50f99c270d992f"}, "unchanged": true}
2026-10-08T19:29:32.7427263Z FTASTETABLE_INDEPENDENT_SOURCE {"case": "tests/test_saved_week_calendar_receiving_ultra.py::test_public_api_and_cli_refuse_whole_native_invalid_input[mismatched-constraints]", "sha256": {"static/calendar.js": "09dfe98a95da6c7fd0b7ee531c3ec4cf9ae5697dc730fab6cffdd07d8bd94b3b", "static/week_file.mjs": "914291b97250a97f6e09f47e6fed58b607b3b1ed9e4c60e3242ff39546913614", "static/week_plan.mjs": "e739adc10d9ae9ba1cb82c6d800c453e8f7bec53e343e0685adeabe98e6f4809", "tests/fixtures/saved-week-response.json": "5e7b785c0a02a999647e52a0229b0b649c82bbca131ca0f8db50f99c270d992f"}, "unchanged": true}
2026-10-08T19:29:32.8003132Z FTASTETABLE_INDEPENDENT_SOURCE {"case": "tests/test_saved_week_calendar_receiving_ultra.py::test_public_api_and_cli_refuse_whole_native_invalid_input[control-in-omitted-pick]", "sha256": {"static/calendar.js": "09dfe98a95da6c7fd0b7ee531c3ec4cf9ae5697dc730fab6cffdd07d8bd94b3b", "static/week_file.mjs": "914291b97250a97f6e09f47e6fed58b607b3b1ed9e4c60e3242ff39546913614", "static/week_plan.mjs": "e739adc10d9ae9ba1cb82c6d800c453e8f7bec53e343e0685adeabe98e6f4809", "tests/fixtures/saved-week-response.json": "5e7b785c0a02a999647e52a0229b0b649c82bbca131ca0f8db50f99c270d992f"}, "unchanged": true}
2026-10-08T19:29:32.8569130Z FTASTETABLE_INDEPENDENT_SOURCE {"case": "tests/test_saved_week_calendar_receiving_ultra.py::test_public_api_and_cli_refuse_whole_native_invalid_input[surrogate-in-source]", "sha256": {"static/calendar.js": "09dfe98a95da6c7fd0b7ee531c3ec4cf9ae5697dc730fab6cffdd07d8bd94b3b", "static/week_file.mjs": "914291b97250a97f6e09f47e6fed58b607b3b1ed9e4c60e3242ff39546913614", "static/week_plan.mjs": "e739adc10d9ae9ba1cb82c6d800c453e8f7bec53e343e0685adeabe98e6f4809", "tests/fixtures/saved-week-response.json": "5e7b785c0a02a999647e52a0229b0b649c82bbca131ca0f8db50f99c270d992f"}, "unchanged": true}
2026-10-08T19:29:32.9134277Z FTASTETABLE_INDEPENDENT_SOURCE {"case": "tests/test_saved_week_calendar_receiving_ultra.py::test_public_api_and_cli_refuse_whole_native_invalid_input[duplicate-original-slot]", "sha256": {"static/calendar.js": "09dfe98a95da6c7fd0b7ee531c3ec4cf9ae5697dc730fab6cffdd07d8bd94b3b", "static/week_file.mjs": "914291b97250a97f6e09f47e6fed58b607b3b1ed9e4c60e3242ff39546913614", "static/week_plan.mjs": "e739adc10d9ae9ba1cb82c6d800c453e8f7bec53e343e0685adeabe98e6f4809", "tests/fixtures/saved-week-response.json": "5e7b785c0a02a999647e52a0229b0b649c82bbca131ca0f8db50f99c270d992f"}, "unchanged": true}
2026-10-08T19:29:32.9697733Z FTASTETABLE_INDEPENDENT_SOURCE {"case": "tests/test_saved_week_calendar_receiving_ultra.py::test_public_api_and_cli_refuse_whole_native_invalid_input[empty-plan]", "sha256": {"static/calendar.js": "09dfe98a95da6c7fd0b7ee531c3ec4cf9ae5697dc730fab6cffdd07d8bd94b3b", "static/week_file.mjs": "914291b97250a97f6e09f47e6fed58b607b3b1ed9e4c60e3242ff39546913614", "static/week_plan.mjs": "e739adc10d9ae9ba1cb82c6d800c453e8f7bec53e343e0685adeabe98e6f4809", "tests/fixtures/saved-week-response.json": "5e7b785c0a02a999647e52a0229b0b649c82bbca131ca0f8db50f99c270d992f"}, "unchanged": true}
2026-10-08T19:29:33.0098602Z FTASTETABLE_INDEPENDENT_SOURCE {"case": "tests/test_saved_week_calendar_receiving_ultra.py::test_actual_cli_strict_bytes_and_size_are_atomic[trailing-junk]", "sha256": {"static/calendar.js": "09dfe98a95da6c7fd0b7ee531c3ec4cf9ae5697dc730fab6cffdd07d8bd94b3b", "static/week_file.mjs": "914291b97250a97f6e09f47e6fed58b607b3b1ed9e4c60e3242ff39546913614", "static/week_plan.mjs": "e739adc10d9ae9ba1cb82c6d800c453e8f7bec53e343e0685adeabe98e6f4809", "tests/fixtures/saved-week-response.json": "5e7b785c0a02a999647e52a0229b0b649c82bbca131ca0f8db50f99c270d992f"}, "unchanged": true}
2026-10-08T19:29:33.0509972Z FTASTETABLE_INDEPENDENT_SOURCE {"case": "tests/test_saved_week_calendar_receiving_ultra.py::test_actual_cli_strict_bytes_and_size_are_atomic[double-bom]", "sha256": {"static/calendar.js": "09dfe98a95da6c7fd0b7ee531c3ec4cf9ae5697dc730fab6cffdd07d8bd94b3b", "static/week_file.mjs": "914291b97250a97f6e09f47e6fed58b607b3b1ed9e4c60e3242ff39546913614", "static/week_plan.mjs": "e739adc10d9ae9ba1cb82c6d800c453e8f7bec53e343e0685adeabe98e6f4809", "tests/fixtures/saved-week-response.json": "5e7b785c0a02a999647e52a0229b0b649c82bbca131ca0f8db50f99c270d992f"}, "unchanged": true}
2026-10-08T19:29:33.0911704Z FTASTETABLE_INDEPENDENT_SOURCE {"case": "tests/test_saved_week_calendar_receiving_ultra.py::test_actual_cli_strict_bytes_and_size_are_atomic[invalid-utf8]", "sha256": {"static/calendar.js": "09dfe98a95da6c7fd0b7ee531c3ec4cf9ae5697dc730fab6cffdd07d8bd94b3b", "static/week_file.mjs": "914291b97250a97f6e09f47e6fed58b607b3b1ed9e4c60e3242ff39546913614", "static/week_plan.mjs": "e739adc10d9ae9ba1cb82c6d800c453e8f7bec53e343e0685adeabe98e6f4809", "tests/fixtures/saved-week-response.json": "5e7b785c0a02a999647e52a0229b0b649c82bbca131ca0f8db50f99c270d992f"}, "unchanged": true}
2026-10-08T19:29:33.1307429Z FTASTETABLE_INDEPENDENT_SOURCE {"case": "tests/test_saved_week_calendar_receiving_ultra.py::test_actual_cli_strict_bytes_and_size_are_atomic[overlong-utf8]", "sha256": {"static/calendar.js": "09dfe98a95da6c7fd0b7ee531c3ec4cf9ae5697dc730fab6cffdd07d8bd94b3b", "static/week_file.mjs": "914291b97250a97f6e09f47e6fed58b607b3b1ed9e4c60e3242ff39546913614", "static/week_plan.mjs": "e739adc10d9ae9ba1cb82c6d800c453e8f7bec53e343e0685adeabe98e6f4809", "tests/fixtures/saved-week-response.json": "5e7b785c0a02a999647e52a0229b0b649c82bbca131ca0f8db50f99c270d992f"}, "unchanged": true}
2026-10-08T19:29:33.1753943Z FTASTETABLE_INDEPENDENT_SOURCE {"case": "tests/test_saved_week_calendar_receiving_ultra.py::test_actual_cli_strict_bytes_and_size_are_atomic[utf8-surrogate]", "sha256": {"static/calendar.js": "09dfe98a95da6c7fd0b7ee531c3ec4cf9ae5697dc730fab6cffdd07d8bd94b3b", "static/week_file.mjs": "914291b97250a97f6e09f47e6fed58b607b3b1ed9e4c60e3242ff39546913614", "static/week_plan.mjs": "e739adc10d9ae9ba1cb82c6d800c453e8f7bec53e343e0685adeabe98e6f4809", "tests/fixtures/saved-week-response.json": "5e7b785c0a02a999647e52a0229b0b649c82bbca131ca0f8db50f99c270d992f"}, "unchanged": true}
2026-10-08T19:29:33.2253785Z FTASTETABLE_INDEPENDENT_SOURCE {"case": "tests/test_saved_week_calendar_receiving_ultra.py::test_actual_cli_strict_bytes_and_size_are_atomic[oversize]", "sha256": {"static/calendar.js": "09dfe98a95da6c7fd0b7ee531c3ec4cf9ae5697dc730fab6cffdd07d8bd94b3b", "static/week_file.mjs": "914291b97250a97f6e09f47e6fed58b607b3b1ed9e4c60e3242ff39546913614", "static/week_plan.mjs": "e739adc10d9ae9ba1cb82c6d800c453e8f7bec53e343e0685adeabe98e6f4809", "tests/fixtures/saved-week-response.json": "5e7b785c0a02a999647e52a0229b0b649c82bbca131ca0f8db50f99c270d992f"}, "unchanged": true}
2026-10-08T19:29:33.3434827Z FTASTETABLE_INDEPENDENT_SOURCE {"case": "tests/test_saved_week_calendar_receiving_ultra.py::test_exact_four_mib_valid_input_is_accepted_without_rewrite", "sha256": {"static/calendar.js": "09dfe98a95da6c7fd0b7ee531c3ec4cf9ae5697dc730fab6cffdd07d8bd94b3b", "static/week_file.mjs": "914291b97250a97f6e09f47e6fed58b607b3b1ed9e4c60e3242ff39546913614", "static/week_plan.mjs": "e739adc10d9ae9ba1cb82c6d800c453e8f7bec53e343e0685adeabe98e6f4809", "tests/fixtures/saved-week-response.json": "5e7b785c0a02a999647e52a0229b0b649c82bbca131ca0f8db50f99c270d992f"}, "unchanged": true}
2026-10-08T19:29:33.3882912Z FTASTETABLE_INDEPENDENT_SOURCE {"case": "tests/test_saved_week_calendar_receiving_ultra.py::test_occupied_output_and_input_aliases_never_replace[file]", "sha256": {"static/calendar.js": "09dfe98a95da6c7fd0b7ee531c3ec4cf9ae5697dc730fab6cffdd07d8bd94b3b", "static/week_file.mjs": "914291b97250a97f6e09f47e6fed58b607b3b1ed9e4c60e3242ff39546913614", "static/week_plan.mjs": "e739adc10d9ae9ba1cb82c6d800c453e8f7bec53e343e0685adeabe98e6f4809", "tests/fixtures/saved-week-response.json": "5e7b785c0a02a999647e52a0229b0b649c82bbca131ca0f8db50f99c270d992f"}, "unchanged": true}
2026-10-08T19:29:33.4308308Z FTASTETABLE_INDEPENDENT_SOURCE {"case": "tests/test_saved_week_calendar_receiving_ultra.py::test_occupied_output_and_input_aliases_never_replace[directory]", "sha256": {"static/calendar.js": "09dfe98a95da6c7fd0b7ee531c3ec4cf9ae5697dc730fab6cffdd07d8bd94b3b", "static/week_file.mjs": "914291b97250a97f6e09f47e6fed58b607b3b1ed9e4c60e3242ff39546913614", "static/week_plan.mjs": "e739adc10d9ae9ba1cb82c6d800c453e8f7bec53e343e0685adeabe98e6f4809", "tests/fixtures/saved-week-response.json": "5e7b785c0a02a999647e52a0229b0b649c82bbca131ca0f8db50f99c270d992f"}, "unchanged": true}
2026-10-08T19:29:33.4729220Z FTASTETABLE_INDEPENDENT_SOURCE {"case": "tests/test_saved_week_calendar_receiving_ultra.py::test_occupied_output_and_input_aliases_never_replace[symlink]", "sha256": {"static/calendar.js": "09dfe98a95da6c7fd0b7ee531c3ec4cf9ae5697dc730fab6cffdd07d8bd94b3b", "static/week_file.mjs": "914291b97250a97f6e09f47e6fed58b607b3b1ed9e4c60e3242ff39546913614", "static/week_plan.mjs": "e739adc10d9ae9ba1cb82c6d800c453e8f7bec53e343e0685adeabe98e6f4809", "tests/fixtures/saved-week-response.json": "5e7b785c0a02a999647e52a0229b0b649c82bbca131ca0f8db50f99c270d992f"}, "unchanged": true}
2026-10-08T19:29:33.5167814Z FTASTETABLE_INDEPENDENT_SOURCE {"case": "tests/test_saved_week_calendar_receiving_ultra.py::test_occupied_output_and_input_aliases_never_replace[dangling]", "sha256": {"static/calendar.js": "09dfe98a95da6c7fd0b7ee531c3ec4cf9ae5697dc730fab6cffdd07d8bd94b3b", "static/week_file.mjs": "914291b97250a97f6e09f47e6fed58b607b3b1ed9e4c60e3242ff39546913614", "static/week_plan.mjs": "e739adc10d9ae9ba1cb82c6d800c453e8f7bec53e343e0685adeabe98e6f4809", "tests/fixtures/saved-week-response.json": "5e7b785c0a02a999647e52a0229b0b649c82bbca131ca0f8db50f99c270d992f"}, "unchanged": true}
2026-10-08T19:29:33.5580973Z FTASTETABLE_INDEPENDENT_SOURCE {"case": "tests/test_saved_week_calendar_receiving_ultra.py::test_occupied_output_and_input_aliases_never_replace[hardlink-input]", "sha256": {"static/calendar.js": "09dfe98a95da6c7fd0b7ee531c3ec4cf9ae5697dc730fab6cffdd07d8bd94b3b", "static/week_file.mjs": "914291b97250a97f6e09f47e6fed58b607b3b1ed9e4c60e3242ff39546913614", "static/week_plan.mjs": "e739adc10d9ae9ba1cb82c6d800c453e8f7bec53e343e0685adeabe98e6f4809", "tests/fixtures/saved-week-response.json": "5e7b785c0a02a999647e52a0229b0b649c82bbca131ca0f8db50f99c270d992f"}, "unchanged": true}
2026-10-08T19:29:33.6002480Z FTASTETABLE_INDEPENDENT_SOURCE {"case": "tests/test_saved_week_calendar_receiving_ultra.py::test_occupied_output_and_input_aliases_never_replace[input-itself]", "sha256": {"static/calendar.js": "09dfe98a95da6c7fd0b7ee531c3ec4cf9ae5697dc730fab6cffdd07d8bd94b3b", "static/week_file.mjs": "914291b97250a97f6e09f47e6fed58b607b3b1ed9e4c60e3242ff39546913614", "static/week_plan.mjs": "e739adc10d9ae9ba1cb82c6d800c453e8f7bec53e343e0685adeabe98e6f4809", "tests/fixtures/saved-week-response.json": "5e7b785c0a02a999647e52a0229b0b649c82bbca131ca0f8db50f99c270d992f"}, "unchanged": true}
2026-10-08T19:29:33.6416959Z FTASTETABLE_INDEPENDENT_SOURCE {"case": "tests/test_saved_week_calendar_receiving_ultra.py::test_nonregular_or_missing_input_is_bounded_refusal[directory]", "sha256": {"static/calendar.js": "09dfe98a95da6c7fd0b7ee531c3ec4cf9ae5697dc730fab6cffdd07d8bd94b3b", "static/week_file.mjs": "914291b97250a97f6e09f47e6fed58b607b3b1ed9e4c60e3242ff39546913614", "static/week_plan.mjs": "e739adc10d9ae9ba1cb82c6d800c453e8f7bec53e343e0685adeabe98e6f4809", "tests/fixtures/saved-week-response.json": "5e7b785c0a02a999647e52a0229b0b649c82bbca131ca0f8db50f99c270d992f"}, "unchanged": true}
2026-10-08T19:29:33.6846244Z FTASTETABLE_INDEPENDENT_SOURCE {"case": "tests/test_saved_week_calendar_receiving_ultra.py::test_nonregular_or_missing_input_is_bounded_refusal[fifo]", "sha256": {"static/calendar.js": "09dfe98a95da6c7fd0b7ee531c3ec4cf9ae5697dc730fab6cffdd07d8bd94b3b", "static/week_file.mjs": "914291b97250a97f6e09f47e6fed58b607b3b1ed9e4c60e3242ff39546913614", "static/week_plan.mjs": "e739adc10d9ae9ba1cb82c6d800c453e8f7bec53e343e0685adeabe98e6f4809", "tests/fixtures/saved-week-response.json": "5e7b785c0a02a999647e52a0229b0b649c82bbca131ca0f8db50f99c270d992f"}, "unchanged": true}
2026-10-08T19:29:33.7264460Z FTASTETABLE_INDEPENDENT_SOURCE {"case": "tests/test_saved_week_calendar_receiving_ultra.py::test_nonregular_or_missing_input_is_bounded_refusal[missing]", "sha256": {"static/calendar.js": "09dfe98a95da6c7fd0b7ee531c3ec4cf9ae5697dc730fab6cffdd07d8bd94b3b", "static/week_file.mjs": "914291b97250a97f6e09f47e6fed58b607b3b1ed9e4c60e3242ff39546913614", "static/week_plan.mjs": "e739adc10d9ae9ba1cb82c6d800c453e8f7bec53e343e0685adeabe98e6f4809", "tests/fixtures/saved-week-response.json": "5e7b785c0a02a999647e52a0229b0b649c82bbca131ca0f8db50f99c270d992f"}, "unchanged": true}
2026-10-08T19:29:33.7696000Z FTASTETABLE_INDEPENDENT_SOURCE {"case": "tests/test_saved_week_calendar_receiving_ultra.py::test_actual_argument_refusals_leave_no_output[none]", "sha256": {"static/calendar.js": "09dfe98a95da6c7fd0b7ee531c3ec4cf9ae5697dc730fab6cffdd07d8bd94b3b", "static/week_file.mjs": "914291b97250a97f6e09f47e6fed58b607b3b1ed9e4c60e3242ff39546913614", "static/week_plan.mjs": "e739adc10d9ae9ba1cb82c6d800c453e8f7bec53e343e0685adeabe98e6f4809", "tests/fixtures/saved-week-response.json": "5e7b785c0a02a999647e52a0229b0b649c82bbca131ca0f8db50f99c270d992f"}, "unchanged": true}
2026-10-08T19:29:33.8124333Z FTASTETABLE_INDEPENDENT_SOURCE {"case": "tests/test_saved_week_calendar_receiving_ultra.py::test_actual_argument_refusals_leave_no_output[unknown]", "sha256": {"static/calendar.js": "09dfe98a95da6c7fd0b7ee531c3ec4cf9ae5697dc730fab6cffdd07d8bd94b3b", "static/week_file.mjs": "914291b97250a97f6e09f47e6fed58b607b3b1ed9e4c60e3242ff39546913614", "static/week_plan.mjs": "e739adc10d9ae9ba1cb82c6d800c453e8f7bec53e343e0685adeabe98e6f4809", "tests/fixtures/saved-week-response.json": "5e7b785c0a02a999647e52a0229b0b649c82bbca131ca0f8db50f99c270d992f"}, "unchanged": true}
2026-10-08T19:29:33.8558256Z FTASTETABLE_INDEPENDENT_SOURCE {"case": "tests/test_saved_week_calendar_receiving_ultra.py::test_actual_argument_refusals_leave_no_output[duplicate-input]", "sha256": {"static/calendar.js": "09dfe98a95da6c7fd0b7ee531c3ec4cf9ae5697dc730fab6cffdd07d8bd94b3b", "static/week_file.mjs": "914291b97250a97f6e09f47e6fed58b607b3b1ed9e4c60e3242ff39546913614", "static/week_plan.mjs": "e739adc10d9ae9ba1cb82c6d800c453e8f7bec53e343e0685adeabe98e6f4809", "tests/fixtures/saved-week-response.json": "5e7b785c0a02a999647e52a0229b0b649c82bbca131ca0f8db50f99c270d992f"}, "unchanged": true}
2026-10-08T19:29:33.8976680Z FTASTETABLE_INDEPENDENT_SOURCE {"case": "tests/test_saved_week_calendar_receiving_ultra.py::test_actual_argument_refusals_leave_no_output[duplicate-output]", "sha256": {"static/calendar.js": "09dfe98a95da6c7fd0b7ee531c3ec4cf9ae5697dc730fab6cffdd07d8bd94b3b", "static/week_file.mjs": "914291b97250a97f6e09f47e6fed58b607b3b1ed9e4c60e3242ff39546913614", "static/week_plan.mjs": "e739adc10d9ae9ba1cb82c6d800c453e8f7bec53e343e0685adeabe98e6f4809", "tests/fixtures/saved-week-response.json": "5e7b785c0a02a999647e52a0229b0b649c82bbca131ca0f8db50f99c270d992f"}, "unchanged": true}
2026-10-08T19:29:33.9389396Z FTASTETABLE_INDEPENDENT_SOURCE {"case": "tests/test_saved_week_calendar_receiving_ultra.py::test_actual_argument_refusals_leave_no_output[duplicate-new]", "sha256": {"static/calendar.js": "09dfe98a95da6c7fd0b7ee531c3ec4cf9ae5697dc730fab6cffdd07d8bd94b3b", "static/week_file.mjs": "914291b97250a97f6e09f47e6fed58b607b3b1ed9e4c60e3242ff39546913614", "static/week_plan.mjs": "e739adc10d9ae9ba1cb82c6d800c453e8f7bec53e343e0685adeabe98e6f4809", "tests/fixtures/saved-week-response.json": "5e7b785c0a02a999647e52a0229b0b649c82bbca131ca0f8db50f99c270d992f"}, "unchanged": true}
2026-10-08T19:29:33.9795715Z FTASTETABLE_INDEPENDENT_SOURCE {"case": "tests/test_saved_week_calendar_receiving_ultra.py::test_actual_argument_refusals_leave_no_output[help-mixed]", "sha256": {"static/calendar.js": "09dfe98a95da6c7fd0b7ee531c3ec4cf9ae5697dc730fab6cffdd07d8bd94b3b", "static/week_file.mjs": "914291b97250a97f6e09f47e6fed58b607b3b1ed9e4c60e3242ff39546913614", "static/week_plan.mjs": "e739adc10d9ae9ba1cb82c6d800c453e8f7bec53e343e0685adeabe98e6f4809", "tests/fixtures/saved-week-response.json": "5e7b785c0a02a999647e52a0229b0b649c82bbca131ca0f8db50f99c270d992f"}, "unchanged": true}
2026-10-08T19:29:34.0215198Z FTASTETABLE_INDEPENDENT_SOURCE {"case": "tests/test_saved_week_calendar_receiving_ultra.py::test_actual_argument_refusals_leave_no_output[stdin]", "sha256": {"static/calendar.js": "09dfe98a95da6c7fd0b7ee531c3ec4cf9ae5697dc730fab6cffdd07d8bd94b3b", "static/week_file.mjs": "914291b97250a97f6e09f47e6fed58b607b3b1ed9e4c60e3242ff39546913614", "static/week_plan.mjs": "e739adc10d9ae9ba1cb82c6d800c453e8f7bec53e343e0685adeabe98e6f4809", "tests/fixtures/saved-week-response.json": "5e7b785c0a02a999647e52a0229b0b649c82bbca131ca0f8db50f99c270d992f"}, "unchanged": true}
2026-10-08T19:29:34.0616004Z FTASTETABLE_INDEPENDENT_SOURCE {"case": "tests/test_saved_week_calendar_receiving_ultra.py::test_actual_argument_refusals_leave_no_output[existing-new]", "sha256": {"static/calendar.js": "09dfe98a95da6c7fd0b7ee531c3ec4cf9ae5697dc730fab6cffdd07d8bd94b3b", "static/week_file.mjs": "914291b97250a97f6e09f47e6fed58b607b3b1ed9e4c60e3242ff39546913614", "static/week_plan.mjs": "e739adc10d9ae9ba1cb82c6d800c453e8f7bec53e343e0685adeabe98e6f4809", "tests/fixtures/saved-week-response.json": "5e7b785c0a02a999647e52a0229b0b649c82bbca131ca0f8db50f99c270d992f"}, "unchanged": true}
2026-10-08T19:29:34.1035098Z FTASTETABLE_INDEPENDENT_SOURCE {"case": "tests/test_saved_week_calendar_receiving_ultra.py::test_actual_argument_refusals_leave_no_output[missing-output]", "sha256": {"static/calendar.js": "09dfe98a95da6c7fd0b7ee531c3ec4cf9ae5697dc730fab6cffdd07d8bd94b3b", "static/week_file.mjs": "914291b97250a97f6e09f47e6fed58b607b3b1ed9e4c60e3242ff39546913614", "static/week_plan.mjs": "e739adc10d9ae9ba1cb82c6d800c453e8f7bec53e343e0685adeabe98e6f4809", "tests/fixtures/saved-week-response.json": "5e7b785c0a02a999647e52a0229b0b649c82bbca131ca0f8db50f99c270d992f"}, "unchanged": true}
2026-10-08T19:29:34.1427301Z FTASTETABLE_INDEPENDENT_SOURCE {"case": "tests/test_saved_week_calendar_receiving_ultra.py::test_help_is_standalone_and_creates_nothing", "sha256": {"static/calendar.js": "09dfe98a95da6c7fd0b7ee531c3ec4cf9ae5697dc730fab6cffdd07d8bd94b3b", "static/week_file.mjs": "914291b97250a97f6e09f47e6fed58b607b3b1ed9e4c60e3242ff39546913614", "static/week_plan.mjs": "e739adc10d9ae9ba1cb82c6d800c453e8f7bec53e343e0685adeabe98e6f4809", "tests/fixtures/saved-week-response.json": "5e7b785c0a02a999647e52a0229b0b649c82bbca131ca0f8db50f99c270d992f"}, "unchanged": true}
2026-10-08T19:29:34.2323487Z FTASTETABLE_INDEPENDENT_SOURCE {"case": "tests/test_saved_week_calendar_receiving_ultra.py::test_explicit_delivery_fault_boundaries_and_completed_file_diagnostic[observe]", "sha256": {"static/calendar.js": "09dfe98a95da6c7fd0b7ee531c3ec4cf9ae5697dc730fab6cffdd07d8bd94b3b", "static/week_file.mjs": "914291b97250a97f6e09f47e6fed58b607b3b1ed9e4c60e3242ff39546913614", "static/week_plan.mjs": "e739adc10d9ae9ba1cb82c6d800c453e8f7bec53e343e0685adeabe98e6f4809", "tests/fixtures/saved-week-response.json": "5e7b785c0a02a999647e52a0229b0b649c82bbca131ca0f8db50f99c270d992f"}, "unchanged": true}
2026-10-08T19:29:34.3224062Z FTASTETABLE_INDEPENDENT_SOURCE {"case": "tests/test_saved_week_calendar_receiving_ultra.py::test_explicit_delivery_fault_boundaries_and_completed_file_diagnostic[race]", "sha256": {"static/calendar.js": "09dfe98a95da6c7fd0b7ee531c3ec4cf9ae5697dc730fab6cffdd07d8bd94b3b", "static/week_file.mjs": "914291b97250a97f6e09f47e6fed58b607b3b1ed9e4c60e3242ff39546913614", "static/week_plan.mjs": "e739adc10d9ae9ba1cb82c6d800c453e8f7bec53e343e0685adeabe98e6f4809", "tests/fixtures/saved-week-response.json": "5e7b785c0a02a999647e52a0229b0b649c82bbca131ca0f8db50f99c270d992f"}, "unchanged": true}
2026-10-08T19:29:34.4128180Z FTASTETABLE_INDEPENDENT_SOURCE {"case": "tests/test_saved_week_calendar_receiving_ultra.py::test_explicit_delivery_fault_boundaries_and_completed_file_diagnostic[link-failure]", "sha256": {"static/calendar.js": "09dfe98a95da6c7fd0b7ee531c3ec4cf9ae5697dc730fab6cffdd07d8bd94b3b", "static/week_file.mjs": "914291b97250a97f6e09f47e6fed58b607b3b1ed9e4c60e3242ff39546913614", "static/week_plan.mjs": "e739adc10d9ae9ba1cb82c6d800c453e8f7bec53e343e0685adeabe98e6f4809", "tests/fixtures/saved-week-response.json": "5e7b785c0a02a999647e52a0229b0b649c82bbca131ca0f8db50f99c270d992f"}, "unchanged": true}
2026-10-08T19:29:34.5092312Z FTASTETABLE_INDEPENDENT_SOURCE {"case": "tests/test_saved_week_calendar_receiving_ultra.py::test_explicit_delivery_fault_boundaries_and_completed_file_diagnostic[cleanup]", "sha256": {"static/calendar.js": "09dfe98a95da6c7fd0b7ee531c3ec4cf9ae5697dc730fab6cffdd07d8bd94b3b", "static/week_file.mjs": "914291b97250a97f6e09f47e6fed58b607b3b1ed9e4c60e3242ff39546913614", "static/week_plan.mjs": "e739adc10d9ae9ba1cb82c6d800c453e8f7bec53e343e0685adeabe98e6f4809", "tests/fixtures/saved-week-response.json": "5e7b785c0a02a999647e52a0229b0b649c82bbca131ca0f8db50f99c270d992f"}, "unchanged": true}
2026-10-08T19:29:34.5968512Z FTASTETABLE_INDEPENDENT_SOURCE {"case": "tests/test_saved_week_calendar_receiving_ultra.py::test_explicit_delivery_fault_boundaries_and_completed_file_diagnostic[receipt]", "sha256": {"static/calendar.js": "09dfe98a95da6c7fd0b7ee531c3ec4cf9ae5697dc730fab6cffdd07d8bd94b3b", "static/week_file.mjs": "914291b97250a97f6e09f47e6fed58b607b3b1ed9e4c60e3242ff39546913614", "static/week_plan.mjs": "e739adc10d9ae9ba1cb82c6d800c453e8f7bec53e343e0685adeabe98e6f4809", "tests/fixtures/saved-week-response.json": "5e7b785c0a02a999647e52a0229b0b649c82bbca131ca0f8db50f99c270d992f"}, "unchanged": true}
2026-10-08T19:29:34.9306832Z ............................................................................ [100%]
2026-10-08T19:29:34.9307898Z =================================== FAILURES ===================================
2026-10-08T19:29:34.9308734Z _ test_public_api_preserves_exact_native_bytes_and_frozen_receipt_fields[mock] _
2026-10-08T19:29:34.9309308Z 
2026-10-08T19:29:34.9310233Z week = {'format': 'tastetable.saved-week.v1', 'receivedAt': '2027-12-31T23:59:59.789Z', 'savedAt': '2028-02-27T19:08:07.006Z', 'calendarId': '0123456789abcdef0123456789abcdef', ...}
2026-10-08T19:29:34.9311484Z kind = 'mock'
2026-10-08T19:29:34.9311709Z 
2026-10-08T19:29:34.9312054Z     @pytest.mark.parametrize("kind", ["mock", "live", "bom"])
2026-10-08T19:29:34.9313253Z     def test_public_api_preserves_exact_native_bytes_and_frozen_receipt_fields(week, kind):
2026-10-08T19:29:34.9314038Z         if kind == "live":
2026-10-08T19:29:34.9314495Z             week["response"]["mock"] = False
2026-10-08T19:29:34.9315037Z         text = _text(week, bom=kind == "bom")
2026-10-08T19:29:34.9315853Z         expected = _oracle(text)
2026-10-08T19:29:34.9316314Z >       result = _api(text)
2026-10-08T19:29:34.9316726Z                  ^^^^^^^^^^
2026-10-08T19:29:34.9316975Z 
2026-10-08T19:29:34.9317217Z tests/test_saved_week_calendar_receiving_ultra.py:308: 
2026-10-08T19:29:34.9317880Z _ _ _ _ _ _ _ _ _ _ _ _ _ _ _ _ _ _ _ _ _ _ _ _ _ _ _ _ _ _ _ _ _ _ _ _ _ _ _ _ 
2026-10-08T19:29:34.9318638Z tests/test_saved_week_calendar_receiving_ultra.py:168: in _api
2026-10-08T19:29:34.9319430Z     return _run_node(NODE_API, {"text": text, "options": options})
2026-10-08T19:29:34.9320096Z            ^^^^^^^^^^^^^^^^^^^^^^^^^^^^^^^^^^^^^^^^^^^^^^^^^^^^^^^
2026-10-08T19:29:34.9320724Z _ _ _ _ _ _ _ _ _ _ _ _ _ _ _ _ _ _ _ _ _ _ _ _ _ _ _ _ _ _ _ _ _ _ _ _ _ _ _ _ 
2026-10-08T19:29:34.9321159Z 
2026-10-08T19:29:34.9322496Z script = '\nimport fs from "node:fs";\nimport path from "node:path";\nimport {pathToFileURL} from "node:url";\nconst root = pro...ery(Object.isFrozen)}}));\n} catch (error) { console.log(JSON.stringify({ok:false, error:String(error.message)})); }\n'
2026-10-08T19:29:34.9325615Z value = {'text': '{"format":"tastetable.saved-week.v1","receivedAt":"2027-12-31T23:59:59.789Z","savedAt":"2028-02-27T19:08:07....assignments":{"pick-0":"Thursday","pick-1":"Monday","pick-2":null,"pick-3":null,"pick-4":"Monday"}}}\n', 'options': {}}
2026-10-08T19:29:34.9327103Z 
2026-10-08T19:29:34.9327299Z     def _run_node(script, value):
2026-10-08T19:29:34.9327780Z         p = subprocess.run(
2026-10-08T19:29:34.9328357Z             [NODE, "--input-type=module", "-e", script, str(ROOT)],
2026-10-08T19:29:34.9329150Z             input=json.dumps(value, ensure_ascii=True).encode(), capture_output=True,
2026-10-08T19:29:34.9329856Z             cwd=ROOT, timeout=15,
2026-10-08T19:29:34.9330286Z         )
2026-10-08T19:29:34.9331092Z >       assert p.returncode == 0, (p.returncode, p.stdout.decode(errors="replace"), p.stderr.decode(errors="replace"))
2026-10-08T19:29:34.9332226Z E       AssertionError: (1, '', "node:internal/modules/esm/resolve:275
2026-10-08T19:29:34.9332896Z E             throw new ERR_MODULE_NOT_FOUND(
2026-10-08T19:29:34.9333573Z E                   ^
2026-10-08T19:29:34.9333938Z E         
2026-10-08T19:29:34.9334296Z E         Error [ERR_MODULE_...',
2026-10-08T19:29:34.9335070Z E           url: 'file:///home/runner/work/tastetable/tastetable/tools/saved_week_to_calendar.mjs'
2026-10-08T19:29:34.9336091Z E         }
2026-10-08T19:29:34.9336412Z E         
2026-10-08T19:29:34.9336749Z E         Node.js v22.23.3
2026-10-08T19:29:34.9337122Z E         ")
2026-10-08T19:29:34.9337437Z E       assert 1 == 0
2026-10-08T19:29:34.9339120Z E        +  where 1 = CompletedProcess(args=['/usr/local/bin/node', '--input-type=module', '-e', '\nimport fs from "node:fs";\nimport path f...',\n  url: 'file:///home/runner/work/tastetable/tastetable/tools/saved_week_to_calendar.mjs'\n}\n\nNode.js v22.23.3\n").returncode
2026-10-08T19:29:34.9340791Z 
2026-10-08T19:29:34.9341124Z tests/test_saved_week_calendar_receiving_ultra.py:159: AssertionError
2026-10-08T19:29:34.9342040Z _ test_public_api_preserves_exact_native_bytes_and_frozen_receipt_fields[live] _
2026-10-08T19:29:34.9342648Z 
2026-10-08T19:29:34.9343575Z week = {'format': 'tastetable.saved-week.v1', 'receivedAt': '2027-12-31T23:59:59.789Z', 'savedAt': '2028-02-27T19:08:07.006Z', 'calendarId': '0123456789abcdef0123456789abcdef', ...}
2026-10-08T19:29:34.9344812Z kind = 'live'
2026-10-08T19:29:34.9345009Z 
2026-10-08T19:29:34.9345485Z     @pytest.mark.parametrize("kind", ["mock", "live", "bom"])
2026-10-08T19:29:34.9346421Z     def test_public_api_preserves_exact_native_bytes_and_frozen_receipt_fields(week, kind):
2026-10-08T19:29:34.9347441Z         if kind == "live":
2026-10-08T19:29:34.9347853Z             week["response"]["mock"] = False
2026-10-08T19:29:34.9348364Z         text = _text(week, bom=kind == "bom")
2026-10-08T19:29:34.9348882Z         expected = _oracle(text)
2026-10-08T19:29:34.9349342Z >       result = _api(text)
2026-10-08T19:29:34.9349769Z                  ^^^^^^^^^^
2026-10-08T19:29:34.9350032Z 
2026-10-08T19:29:34.9350301Z tests/test_saved_week_calendar_receiving_ultra.py:308: 
2026-10-08T19:29:34.9350985Z _ _ _ _ _ _ _ _ _ _ _ _ _ _ _ _ _ _ _ _ _ _ _ _ _ _ _ _ _ _ _ _ _ _ _ _ _ _ _ _ 
2026-10-08T19:29:34.9351698Z tests/test_saved_week_calendar_receiving_ultra.py:168: in _api
2026-10-08T19:29:34.9352429Z     return _run_node(NODE_API, {"text": text, "options": options})
2026-10-08T19:29:34.9353125Z            ^^^^^^^^^^^^^^^^^^^^^^^^^^^^^^^^^^^^^^^^^^^^^^^^^^^^^^^
2026-10-08T19:29:34.9353768Z _ _ _ _ _ _ _ _ _ _ _ _ _ _ _ _ _ _ _ _ _ _ _ _ _ _ _ _ _ _ _ _ _ _ _ _ _ _ _ _ 
2026-10-08T19:29:34.9354221Z 
2026-10-08T19:29:34.9355814Z script = '\nimport fs from "node:fs";\nimport path from "node:path";\nimport {pathToFileURL} from "node:url";\nconst root = pro...ery(Object.isFrozen)}}));\n} catch (error) { console.log(JSON.stringify({ok:false, error:String(error.message)})); }\n'
2026-10-08T19:29:34.9358644Z value = {'text': '{"format":"tastetable.saved-week.v1","receivedAt":"2027-12-31T23:59:59.789Z","savedAt":"2028-02-27T19:08:07....assignments":{"pick-0":"Thursday","pick-1":"Monday","pick-2":null,"pick-3":null,"pick-4":"Monday"}}}\n', 'options': {}}
2026-10-08T19:29:34.9360118Z 
2026-10-08T19:29:34.9360286Z     def _run_node(script, value):
2026-10-08T19:29:34.9360741Z         p = subprocess.run(
2026-10-08T19:29:34.9361294Z             [NODE, "--input-type=module", "-e", script, str(ROOT)],
2026-10-08T19:29:34.9362131Z             input=json.dumps(value, ensure_ascii=True).encode(), capture_output=True,
2026-10-08T19:29:34.9362864Z             cwd=ROOT, timeout=15,
2026-10-08T19:29:34.9363314Z         )
2026-10-08T19:29:34.9364177Z >       assert p.returncode == 0, (p.returncode, p.stdout.decode(errors="replace"), p.stderr.decode(errors="replace"))
2026-10-08T19:29:34.9365464Z E       AssertionError: (1, '', "node:internal/modules/esm/resolve:275
2026-10-08T19:29:34.9366179Z E             throw new ERR_MODULE_NOT_FOUND(
2026-10-08T19:29:34.9366683Z E                   ^
2026-10-08T19:29:34.9367043Z E         
2026-10-08T19:29:34.9367386Z E         Error [ERR_MODULE_...',
2026-10-08T19:29:34.9368339Z E           url: 'file:///home/runner/work/tastetable/tastetable/tools/saved_week_to_calendar.mjs'
2026-10-08T19:29:34.9369112Z E         }
2026-10-08T19:29:34.9369439Z E         
2026-10-08T19:29:34.9369787Z E         Node.js v22.23.3
2026-10-08T19:29:34.9370188Z E         ")
2026-10-08T19:29:34.9370528Z E       assert 1 == 0
2026-10-08T19:29:34.9372256Z E        +  where 1 = CompletedProcess(args=['/usr/local/bin/node', '--input-type=module', '-e', '\nimport fs from "node:fs";\nimport path f...',\n  url: 'file:///home/runner/work/tastetable/tastetable/tools/saved_week_to_calendar.mjs'\n}\n\nNode.js v22.23.3\n").returncode
2026-10-08T19:29:34.9373844Z 
2026-10-08T19:29:34.9374201Z tests/test_saved_week_calendar_receiving_ultra.py:159: AssertionError
2026-10-08T19:29:34.9375156Z _ test_public_api_preserves_exact_native_bytes_and_frozen_receipt_fields[bom] __
2026-10-08T19:29:34.9375963Z 
2026-10-08T19:29:34.9376858Z week = {'format': 'tastetable.saved-week.v1', 'receivedAt': '2027-12-31T23:59:59.789Z', 'savedAt': '2028-02-27T19:08:07.006Z', 'calendarId': '0123456789abcdef0123456789abcdef', ...}
2026-10-08T19:29:34.9378049Z kind = 'bom'
2026-10-08T19:29:34.9378260Z 
2026-10-08T19:29:34.9378543Z     @pytest.mark.parametrize("kind", ["mock", "live", "bom"])
2026-10-08T19:29:34.9379462Z     def test_public_api_preserves_exact_native_bytes_and_frozen_receipt_fields(week, kind):
2026-10-08T19:29:34.9380261Z         if kind == "live":
2026-10-08T19:29:34.9380681Z             week["response"]["mock"] = False
2026-10-08T19:29:34.9381368Z         text = _text(week, bom=kind == "bom")
2026-10-08T19:29:34.9381892Z         expected = _oracle(text)
2026-10-08T19:29:34.9382355Z >       result = _api(text)
2026-10-08T19:29:34.9382769Z                  ^^^^^^^^^^
2026-10-08T19:29:34.9383031Z 
2026-10-08T19:29:34.9383294Z tests/test_saved_week_calendar_receiving_ultra.py:308: 
2026-10-08T19:29:34.9383980Z _ _ _ _ _ _ _ _ _ _ _ _ _ _ _ _ _ _ _ _ _ _ _ _ _ _ _ _ _ _ _ _ _ _ _ _ _ _ _ _ 
2026-10-08T19:29:34.9384794Z tests/test_saved_week_calendar_receiving_ultra.py:168: in _api
2026-10-08T19:29:34.9385726Z     return _run_node(NODE_API, {"text": text, "options": options})
2026-10-08T19:29:34.9386369Z            ^^^^^^^^^^^^^^^^^^^^^^^^^^^^^^^^^^^^^^^^^^^^^^^^^^^^^^^
2026-10-08T19:29:34.9386992Z _ _ _ _ _ _ _ _ _ _ _ _ _ _ _ _ _ _ _ _ _ _ _ _ _ _ _ _ _ _ _ _ _ _ _ _ _ _ _ _ 
2026-10-08T19:29:34.9387443Z 
2026-10-08T19:29:34.9388823Z script = '\nimport fs from "node:fs";\nimport path from "node:path";\nimport {pathToFileURL} from "node:url";\nconst root = pro...ery(Object.isFrozen)}}));\n} catch (error) { console.log(JSON.stringify({ok:false, error:String(error.message)})); }\n'
2026-10-08T19:29:34.9391642Z value = {'text': '\ufeff{"format":"tastetable.saved-week.v1","receivedAt":"2027-12-31T23:59:59.789Z","savedAt":"2028-02-27T19:...assignments":{"pick-0":"Thursday","pick-1":"Monday","pick-2":null,"pick-3":null,"pick-4":"Monday"}}}\n', 'options': {}}
2026-10-08T19:29:34.9393104Z 
2026-10-08T19:29:34.9393287Z     def _run_node(script, value):
2026-10-08T19:29:34.9393757Z         p = subprocess.run(
2026-10-08T19:29:34.9394296Z             [NODE, "--input-type=module", "-e", script, str(ROOT)],
2026-10-08T19:29:34.9395123Z             input=json.dumps(value, ensure_ascii=True).encode(), capture_output=True,
2026-10-08T19:29:34.9396074Z             cwd=ROOT, timeout=15,
2026-10-08T19:29:34.9396480Z         )
2026-10-08T19:29:34.9397223Z >       assert p.returncode == 0, (p.returncode, p.stdout.decode(errors="replace"), p.stderr.decode(errors="replace"))
2026-10-08T19:29:34.9398329Z E       AssertionError: (1, '', "node:internal/modules/esm/resolve:275
2026-10-08T19:29:34.9399022Z E             throw new ERR_MODULE_NOT_FOUND(
2026-10-08T19:29:34.9399508Z E                   ^
2026-10-08T19:29:34.9399852Z E         
2026-10-08T19:29:34.9400181Z E         Error [ERR_MODULE_...',
2026-10-08T19:29:34.9400909Z E           url: 'file:///home/runner/work/tastetable/tastetable/tools/saved_week_to_calendar.mjs'
2026-10-08T19:29:34.9401898Z E         }
2026-10-08T19:29:34.9402229Z E         
2026-10-08T19:29:34.9402567Z E         Node.js v22.23.3
2026-10-08T19:29:34.9402956Z E         ")
2026-10-08T19:29:34.9403279Z E       assert 1 == 0
2026-10-08T19:29:34.9404930Z E        +  where 1 = CompletedProcess(args=['/usr/local/bin/node', '--input-type=module', '-e', '\nimport fs from "node:fs";\nimport path f...',\n  url: 'file:///home/runner/work/tastetable/tastetable/tools/saved_week_to_calendar.mjs'\n}\n\nNode.js v22.23.3\n").returncode
2026-10-08T19:29:34.9406825Z 
2026-10-08T19:29:34.9407170Z tests/test_saved_week_calendar_receiving_ultra.py:159: AssertionError
2026-10-08T19:29:34.9408029Z ________ test_actual_cli_exact_file_receipt_and_repeat_identity[False] _________
2026-10-08T19:29:34.9408607Z 
2026-10-08T19:29:34.9409779Z week = {'format': 'tastetable.saved-week.v1', 'receivedAt': '2027-12-31T23:59:59.789Z', 'savedAt': '2028-02-27T19:08:07.006Z', 'calendarId': '0123456789abcdef0123456789abcdef', ...}
2026-10-08T19:29:34.9411277Z tmp_path = PosixPath('/tmp/pytest-of-runner/pytest-0/test_actual_cli_exact_file_rec0')
2026-10-08T19:29:34.9412040Z bom = False
2026-10-08T19:29:34.9412245Z 
2026-10-08T19:29:34.9412484Z     @pytest.mark.parametrize("bom", [False, True])
2026-10-08T19:29:34.9413297Z     def test_actual_cli_exact_file_receipt_and_repeat_identity(week, tmp_path, bom):
2026-10-08T19:29:34.9414069Z         text = _text(week, bom=bom)
2026-10-08T19:29:34.9414533Z         expected = _oracle(text)
2026-10-08T19:29:34.9415042Z         directory, source, output = _files(tmp_path, text)
2026-10-08T19:29:34.9416063Z         before = _snapshot(directory)
2026-10-08T19:29:34.9416742Z         p = _cli(["--input", source.name, "--output", output.name], cwd=directory)
2026-10-08T19:29:34.9417529Z >       _assert_receipt(p, source, output, text, expected)
2026-10-08T19:29:34.9417961Z 
2026-10-08T19:29:34.9418212Z tests/test_saved_week_calendar_receiving_ultra.py:330: 
2026-10-08T19:29:34.9418862Z _ _ _ _ _ _ _ _ _ _ _ _ _ _ _ _ _ _ _ _ _ _ _ _ _ _ _ _ _ _ _ _ _ _ _ _ _ _ _ _ 
2026-10-08T19:29:34.9419282Z 
2026-10-08T19:29:34.9420686Z p = CompletedProcess(args=['/usr/local/bin/node', '/home/runner/work/tastetable/tastetable/tools/saved_week_to_calendar.mj... node:internal/main/run_main_module:36:49 {\n  code: 'MODULE_NOT_FOUND',\n  requireStack: []\n}\n\nNode.js v22.23.3\n")
2026-10-08T19:29:34.9422824Z source = PosixPath('/tmp/pytest-of-runner/pytest-0/test_actual_cli_exact_file_rec0/files/arranged week.json')
2026-10-08T19:29:34.9424224Z output = PosixPath('/tmp/pytest-of-runner/pytest-0/test_actual_cli_exact_file_rec0/files/calendar result.ics')
2026-10-08T19:29:34.9426428Z text = '{"format":"tastetable.saved-week.v1","receivedAt":"2027-12-31T23:59:59.789Z","savedAt":"2028-02-27T19:08:07.006Z","ca...":"2028-02-28","assignments":{"pick-0":"Thursday","pick-1":"Monday","pick-2":null,"pick-3":null,"pick-4":"Monday"}}}\n'
2026-10-08T19:29:34.9429232Z expected = {'ok': True, 'calendar': {'filename': 'tastetable-demo-2028-02-28.ics', 'text': 'BEGIN:VCALENDAR\r\nVERSION:2.0\r\nPRO...': 'Thursday', 'kind': 'restaurant', ...}], 'source': 'DEMO: synthetic Qloo fixture; these venues are fictional.', ...}
2026-10-08T19:29:34.9431027Z identity = 'saved', identifier = '0123456789abcdef0123456789abcdef'
2026-10-08T19:29:34.9431508Z 
2026-10-08T19:29:34.9431955Z     def _assert_receipt(p, source, output, text, expected, identity="saved", identifier=ID):
2026-10-08T19:29:34.9432849Z >       assert p.returncode == 0, (p.returncode, p.stdout, p.stderr)
2026-10-08T19:29:34.9433645Z E       AssertionError: (1, b'', b"node:internal/modules/cjs/loader:1433
2026-10-08T19:29:34.9434306Z E           throw err;
2026-10-08T19:29:34.9434706Z E           ^
2026-10-08T19:29:34.9435046Z E         
2026-10-08T19:29:34.9435913Z E         Error: Cannot find module '/home/runner/work/ta... node:internal/main/run_main_module:36:49 {
2026-10-08T19:29:34.9436718Z E           code: 'MODULE_NOT_FOUND',
2026-10-08T19:29:34.9437199Z E           requireStack: []
2026-10-08T19:29:34.9437814Z E         }
2026-10-08T19:29:34.9438150Z E         
2026-10-08T19:29:34.9438487Z E         Node.js v22.23.3
2026-10-08T19:29:34.9438873Z E         ")
2026-10-08T19:29:34.9439193Z E       assert 1 == 0
2026-10-08T19:29:34.9440868Z E        +  where 1 = CompletedProcess(args=['/usr/local/bin/node', '/home/runner/work/tastetable/tastetable/tools/saved_week_to_calendar.mj... node:internal/main/run_main_module:36:49 {\n  code: 'MODULE_NOT_FOUND',\n  requireStack: []\n}\n\nNode.js v22.23.3\n").returncode
2026-10-08T19:29:34.9442529Z 
2026-10-08T19:29:34.9442872Z tests/test_saved_week_calendar_receiving_ultra.py:246: AssertionError
2026-10-08T19:29:34.9443773Z _________ test_actual_cli_exact_file_receipt_and_repeat_identity[True] _________
2026-10-08T19:29:34.9444337Z 
2026-10-08T19:29:34.9445463Z week = {'format': 'tastetable.saved-week.v1', 'receivedAt': '2027-12-31T23:59:59.789Z', 'savedAt': '2028-02-27T19:08:07.006Z', 'calendarId': '0123456789abcdef0123456789abcdef', ...}
2026-10-08T19:29:34.9446956Z tmp_path = PosixPath('/tmp/pytest-of-runner/pytest-0/test_actual_cli_exact_file_rec1')
2026-10-08T19:29:34.9447734Z bom = True
2026-10-08T19:29:34.9447933Z 
2026-10-08T19:29:34.9448172Z     @pytest.mark.parametrize("bom", [False, True])
2026-10-08T19:29:34.9448957Z     def test_actual_cli_exact_file_receipt_and_repeat_identity(week, tmp_path, bom):
2026-10-08T19:29:34.9449668Z         text = _text(week, bom=bom)
2026-10-08T19:29:34.9450139Z         expected = _oracle(text)
2026-10-08T19:29:34.9450694Z         directory, source, output = _files(tmp_path, text)
2026-10-08T19:29:34.9451484Z         before = _snapshot(directory)
2026-10-08T19:29:34.9452149Z         p = _cli(["--input", source.name, "--output", output.name], cwd=directory)
2026-10-08T19:29:34.9452916Z >       _assert_receipt(p, source, output, text, expected)
2026-10-08T19:29:34.9453311Z 
2026-10-08T19:29:34.9453548Z tests/test_saved_week_calendar_receiving_ultra.py:330: 
2026-10-08T19:29:34.9454228Z _ _ _ _ _ _ _ _ _ _ _ _ _ _ _ _ _ _ _ _ _ _ _ _ _ _ _ _ _ _ _ _ _ _ _ _ _ _ _ _ 
2026-10-08T19:29:34.9454659Z 
2026-10-08T19:29:34.9456267Z p = CompletedProcess(args=['/usr/local/bin/node', '/home/runner/work/tastetable/tastetable/tools/saved_week_to_calendar.mj... node:internal/main/run_main_module:36:49 {\n  code: 'MODULE_NOT_FOUND',\n  requireStack: []\n}\n\nNode.js v22.23.3\n")
2026-10-08T19:29:34.9458391Z source = PosixPath('/tmp/pytest-of-runner/pytest-0/test_actual_cli_exact_file_rec1/files/arranged week.json')
2026-10-08T19:29:34.9459798Z output = PosixPath('/tmp/pytest-of-runner/pytest-0/test_actual_cli_exact_file_rec1/files/calendar result.ics')
2026-10-08T19:29:34.9461843Z text = '\ufeff{"format":"tastetable.saved-week.v1","receivedAt":"2027-12-31T23:59:59.789Z","savedAt":"2028-02-27T19:08:07.006...":"2028-02-28","assignments":{"pick-0":"Thursday","pick-1":"Monday","pick-2":null,"pick-3":null,"pick-4":"Monday"}}}\n'
2026-10-08T19:29:34.9464654Z expected = {'ok': True, 'calendar': {'filename': 'tastetable-demo-2028-02-28.ics', 'text': 'BEGIN:VCALENDAR\r\nVERSION:2.0\r\nPRO...': 'Thursday', 'kind': 'restaurant', ...}], 'source': 'DEMO: synthetic Qloo fixture; these venues are fictional.', ...}
2026-10-08T19:29:34.9466625Z identity = 'saved', identifier = '0123456789abcdef0123456789abcdef'
2026-10-08T19:29:34.9467114Z 
2026-10-08T19:29:34.9467574Z     def _assert_receipt(p, source, output, text, expected, identity="saved", identifier=ID):
2026-10-08T19:29:34.9468480Z >       assert p.returncode == 0, (p.returncode, p.stdout, p.stderr)
2026-10-08T19:29:34.9469251Z E       AssertionError: (1, b'', b"node:internal/modules/cjs/loader:1433
2026-10-08T19:29:34.9469898Z E           throw err;
2026-10-08T19:29:34.9470265Z E           ^
2026-10-08T19:29:34.9470597Z E         
2026-10-08T19:29:34.9471279Z E         Error: Cannot find module '/home/runner/work/ta... node:internal/main/run_main_module:36:49 {
2026-10-08T19:29:34.9472105Z E           code: 'MODULE_NOT_FOUND',
2026-10-08T19:29:34.9472552Z E           requireStack: []
2026-10-08T19:29:34.9472962Z E         }
2026-10-08T19:29:34.9473571Z E         
2026-10-08T19:29:34.9473926Z E         Node.js v22.23.3
2026-10-08T19:29:34.9474318Z E         ")
2026-10-08T19:29:34.9474654Z E       assert 1 == 0
2026-10-08T19:29:34.9476516Z E        +  where 1 = CompletedProcess(args=['/usr/local/bin/node', '/home/runner/work/tastetable/tastetable/tools/saved_week_to_calendar.mj... node:internal/main/run_main_module:36:49 {\n  code: 'MODULE_NOT_FOUND',\n  requireStack: []\n}\n\nNode.js v22.23.3\n").returncode
2026-10-08T19:29:34.9478217Z 
2026-10-08T19:29:34.9478585Z tests/test_saved_week_calendar_receiving_ultra.py:246: AssertionError
2026-10-08T19:29:34.9479503Z ____ test_null_identity_requires_explicit_api_choice_and_retains_timestamps ____
2026-10-08T19:29:34.9480060Z 
2026-10-08T19:29:34.9480808Z week = {'format': 'tastetable.saved-week.v1', 'receivedAt': '2027-12-31T23:59:59.789Z', 'savedAt': '2028-02-27T19:08:07.006Z', 'calendarId': None, ...}
2026-10-08T19:29:34.9481779Z 
2026-10-08T19:29:34.9482192Z     def test_null_identity_requires_explicit_api_choice_and_retains_timestamps(week):
2026-10-08T19:29:34.9482971Z         week["calendarId"] = None
2026-10-08T19:29:34.9483424Z         text = _text(week)
2026-10-08T19:29:34.9483853Z >       assert _api(text)["ok"] is False
2026-10-08T19:29:34.9484301Z                ^^^^^^^^^^
2026-10-08T19:29:34.9484531Z 
2026-10-08T19:29:34.9484832Z tests/test_saved_week_calendar_receiving_ultra.py:343: 
2026-10-08T19:29:34.9485706Z _ _ _ _ _ _ _ _ _ _ _ _ _ _ _ _ _ _ _ _ _ _ _ _ _ _ _ _ _ _ _ _ _ _ _ _ _ _ _ _ 
2026-10-08T19:29:34.9486697Z tests/test_saved_week_calendar_receiving_ultra.py:168: in _api
2026-10-08T19:29:34.9487442Z     return _run_node(NODE_API, {"text": text, "options": options})
2026-10-08T19:29:34.9488056Z            ^^^^^^^^^^^^^^^^^^^^^^^^^^^^^^^^^^^^^^^^^^^^^^^^^^^^^^^
2026-10-08T19:29:34.9519254Z _ _ _ _ _ _ _ _ _ _ _ _ _ _ _ _ _ _ _ _ _ _ _ _ _ _ _ _ _ _ _ _ _ _ _ _ _ _ _ _ 
2026-10-08T19:29:34.9519762Z 
2026-10-08T19:29:34.9521190Z script = '\nimport fs from "node:fs";\nimport path from "node:path";\nimport {pathToFileURL} from "node:url";\nconst root = pro...ery(Object.isFrozen)}}));\n} catch (error) { console.log(JSON.stringify({ok:false, error:String(error.message)})); }\n'
2026-10-08T19:29:34.9524159Z value = {'text': '{"format":"tastetable.saved-week.v1","receivedAt":"2027-12-31T23:59:59.789Z","savedAt":"2028-02-27T19:08:07....assignments":{"pick-0":"Thursday","pick-1":"Monday","pick-2":null,"pick-3":null,"pick-4":"Monday"}}}\n', 'options': {}}
2026-10-08T19:29:34.9525868Z 
2026-10-08T19:29:34.9526077Z     def _run_node(script, value):
2026-10-08T19:29:34.9526563Z         p = subprocess.run(
2026-10-08T19:29:34.9527104Z             [NODE, "--input-type=module", "-e", script, str(ROOT)],
2026-10-08T19:29:34.9527899Z             input=json.dumps(value, ensure_ascii=True).encode(), capture_output=True,
2026-10-08T19:29:34.9528619Z             cwd=ROOT, timeout=15,
2026-10-08T19:29:34.9529032Z         )
2026-10-08T19:29:34.9529821Z >       assert p.returncode == 0, (p.returncode, p.stdout.decode(errors="replace"), p.stderr.decode(errors="replace"))
2026-10-08T19:29:34.9530880Z E       AssertionError: (1, '', "node:internal/modules/esm/resolve:275
2026-10-08T19:29:34.9531471Z E             throw new ERR_MODULE_NOT_FOUND(
2026-10-08T19:29:34.9531918Z E                   ^
2026-10-08T19:29:34.9532223Z E         
2026-10-08T19:29:34.9532509Z E         Error [ERR_MODULE_...',
2026-10-08T19:29:34.9533158Z E           url: 'file:///home/runner/work/tastetable/tastetable/tools/saved_week_to_calendar.mjs'
2026-10-08T19:29:34.9533832Z E         }
2026-10-08T19:29:34.9534096Z E         
2026-10-08T19:29:34.9534374Z E         Node.js v22.23.3
2026-10-08T19:29:34.9534704Z E         ")
2026-10-08T19:29:34.9535001Z E       assert 1 == 0
2026-10-08T19:29:34.9538139Z E        +  where 1 = CompletedProcess(args=['/usr/local/bin/node', '--input-type=module', '-e', '\nimport fs from "node:fs";\nimport path f...',\n  url: 'file:///home/runner/work/tastetable/tastetable/tools/saved_week_to_calendar.mjs'\n}\n\nNode.js v22.23.3\n").returncode
2026-10-08T19:29:34.9539590Z 
2026-10-08T19:29:34.9539899Z tests/test_saved_week_calendar_receiving_ultra.py:159: AssertionError
2026-10-08T19:29:34.9540723Z _ test_existing_identity_refuses_even_equal_api_override[0123456789abcdef0123456789abcdef] _
2026-10-08T19:29:34.9541279Z 
2026-10-08T19:29:34.9542047Z week = {'format': 'tastetable.saved-week.v1', 'receivedAt': '2027-12-31T23:59:59.789Z', 'savedAt': '2028-02-27T19:08:07.006Z', 'calendarId': '0123456789abcdef0123456789abcdef', ...}
2026-10-08T19:29:34.9543115Z override = '0123456789abcdef0123456789abcdef'
2026-10-08T19:29:34.9543429Z 
2026-10-08T19:29:34.9543634Z     @pytest.mark.parametrize("override", [ID, NEW_ID])
2026-10-08T19:29:34.9544315Z     def test_existing_identity_refuses_even_equal_api_override(week, override):
2026-10-08T19:29:34.9545039Z >       assert _api(_text(week), newCalendarId=override)["ok"] is False
2026-10-08T19:29:34.9545837Z                ^^^^^^^^^^^^^^^^^^^^^^^^^^^^^^^^^^^^^^^^^
2026-10-08T19:29:34.9546529Z 
2026-10-08T19:29:34.9546758Z tests/test_saved_week_calendar_receiving_ultra.py:354: 
2026-10-08T19:29:34.9547322Z _ _ _ _ _ _ _ _ _ _ _ _ _ _ _ _ _ _ _ _ _ _ _ _ _ _ _ _ _ _ _ _ _ _ _ _ _ _ _ _ 
2026-10-08T19:29:34.9547925Z tests/test_saved_week_calendar_receiving_ultra.py:168: in _api
2026-10-08T19:29:34.9548546Z     return _run_node(NODE_API, {"text": text, "options": options})
2026-10-08T19:29:34.9549078Z            ^^^^^^^^^^^^^^^^^^^^^^^^^^^^^^^^^^^^^^^^^^^^^^^^^^^^^^^
2026-10-08T19:29:34.9549590Z _ _ _ _ _ _ _ _ _ _ _ _ _ _ _ _ _ _ _ _ _ _ _ _ _ _ _ _ _ _ _ _ _ _ _ _ _ _ _ _ 
2026-10-08T19:29:34.9550136Z 
2026-10-08T19:29:34.9551315Z script = '\nimport fs from "node:fs";\nimport path from "node:path";\nimport {pathToFileURL} from "node:url";\nconst root = pro...ery(Object.isFrozen)}}));\n} catch (error) { console.log(JSON.stringify({ok:false, error:String(error.message)})); }\n'
2026-10-08T19:29:34.9553691Z value = {'text': '{"format":"tastetable.saved-week.v1","receivedAt":"2027-12-31T23:59:59.789Z","savedAt":"2028-02-27T19:08:07....,"pick-2":null,"pick-3":null,"pick-4":"Monday"}}}\n', 'options': {'newCalendarId': '0123456789abcdef0123456789abcdef'}}
2026-10-08T19:29:34.9554891Z 
2026-10-08T19:29:34.9555039Z     def _run_node(script, value):
2026-10-08T19:29:34.9555629Z         p = subprocess.run(
2026-10-08T19:29:34.9556074Z             [NODE, "--input-type=module", "-e", script, str(ROOT)],
2026-10-08T19:29:34.9556761Z             input=json.dumps(value, ensure_ascii=True).encode(), capture_output=True,
2026-10-08T19:29:34.9557358Z             cwd=ROOT, timeout=15,
2026-10-08T19:29:34.9557704Z         )
2026-10-08T19:29:34.9558342Z >       assert p.returncode == 0, (p.returncode, p.stdout.decode(errors="replace"), p.stderr.decode(errors="replace"))
2026-10-08T19:29:34.9559237Z E       AssertionError: (1, '', "node:internal/modules/esm/resolve:275
2026-10-08T19:29:34.9559791Z E             throw new ERR_MODULE_NOT_FOUND(
2026-10-08T19:29:34.9560193Z E                   ^
2026-10-08T19:29:34.9560496Z E         
2026-10-08T19:29:34.9560783Z E         Error [ERR_MODULE_...',
2026-10-08T19:29:34.9561426Z E           url: 'file:///home/runner/work/tastetable/tastetable/tools/saved_week_to_calendar.mjs'
2026-10-08T19:29:34.9562086Z E         }
2026-10-08T19:29:34.9562346Z E         
2026-10-08T19:29:34.9562627Z E         Node.js v22.23.3
2026-10-08T19:29:34.9562953Z E         ")
2026-10-08T19:29:34.9563230Z E       assert 1 == 0
2026-10-08T19:29:34.9564695Z E        +  where 1 = CompletedProcess(args=['/usr/local/bin/node', '--input-type=module', '-e', '\nimport fs from "node:fs";\nimport path f...',\n  url: 'file:///home/runner/work/tastetable/tastetable/tools/saved_week_to_calendar.mjs'\n}\n\nNode.js v22.23.3\n").returncode
2026-10-08T19:29:34.9566388Z 
2026-10-08T19:29:34.9566678Z tests/test_saved_week_calendar_receiving_ultra.py:159: AssertionError
2026-10-08T19:29:34.9567547Z _ test_existing_identity_refuses_even_equal_api_override[ffffffffffffffffffffffffffffffff] _
2026-10-08T19:29:34.9568292Z 
2026-10-08T19:29:34.9569059Z week = {'format': 'tastetable.saved-week.v1', 'receivedAt': '2027-12-31T23:59:59.789Z', 'savedAt': '2028-02-27T19:08:07.006Z', 'calendarId': '0123456789abcdef0123456789abcdef', ...}
2026-10-08T19:29:34.9570124Z override = 'ffffffffffffffffffffffffffffffff'
2026-10-08T19:29:34.9570444Z 
2026-10-08T19:29:34.9570637Z     @pytest.mark.parametrize("override", [ID, NEW_ID])
2026-10-08T19:29:34.9571272Z     def test_existing_identity_refuses_even_equal_api_override(week, override):
2026-10-08T19:29:34.9571970Z >       assert _api(_text(week), newCalendarId=override)["ok"] is False
2026-10-08T19:29:34.9572491Z                ^^^^^^^^^^^^^^^^^^^^^^^^^^^^^^^^^^^^^^^^^
2026-10-08T19:29:34.9572777Z 
2026-10-08T19:29:34.9572982Z tests/test_saved_week_calendar_receiving_ultra.py:354: 
2026-10-08T19:29:34.9573522Z _ _ _ _ _ _ _ _ _ _ _ _ _ _ _ _ _ _ _ _ _ _ _ _ _ _ _ _ _ _ _ _ _ _ _ _ _ _ _ _ 
2026-10-08T19:29:34.9574111Z tests/test_saved_week_calendar_receiving_ultra.py:168: in _api
2026-10-08T19:29:34.9574721Z     return _run_node(NODE_API, {"text": text, "options": options})
2026-10-08T19:29:34.9575529Z            ^^^^^^^^^^^^^^^^^^^^^^^^^^^^^^^^^^^^^^^^^^^^^^^^^^^^^^^
2026-10-08T19:29:34.9576042Z _ _ _ _ _ _ _ _ _ _ _ _ _ _ _ _ _ _ _ _ _ _ _ _ _ _ _ _ _ _ _ _ _ _ _ _ _ _ _ _ 
2026-10-08T19:29:34.9576404Z 
2026-10-08T19:29:34.9577530Z script = '\nimport fs from "node:fs";\nimport path from "node:path";\nimport {pathToFileURL} from "node:url";\nconst root = pro...ery(Object.isFrozen)}}));\n} catch (error) { console.log(JSON.stringify({ok:false, error:String(error.message)})); }\n'
2026-10-08T19:29:34.9580032Z value = {'text': '{"format":"tastetable.saved-week.v1","receivedAt":"2027-12-31T23:59:59.789Z","savedAt":"2028-02-27T19:08:07....,"pick-2":null,"pick-3":null,"pick-4":"Monday"}}}\n', 'options': {'newCalendarId': 'ffffffffffffffffffffffffffffffff'}}
2026-10-08T19:29:34.9581242Z 
2026-10-08T19:29:34.9581401Z     def _run_node(script, value):
2026-10-08T19:29:34.9581801Z         p = subprocess.run(
2026-10-08T19:29:34.9582252Z             [NODE, "--input-type=module", "-e", script, str(ROOT)],
2026-10-08T19:29:34.9582917Z             input=json.dumps(value, ensure_ascii=True).encode(), capture_output=True,
2026-10-08T19:29:34.9583518Z             cwd=ROOT, timeout=15,
2026-10-08T19:29:34.9583871Z         )
2026-10-08T19:29:34.9584514Z >       assert p.returncode == 0, (p.returncode, p.stdout.decode(errors="replace"), p.stderr.decode(errors="replace"))
2026-10-08T19:29:34.9585700Z E       AssertionError: (1, '', "node:internal/modules/esm/resolve:275
2026-10-08T19:29:34.9586258Z E             throw new ERR_MODULE_NOT_FOUND(
2026-10-08T19:29:34.9586663Z E                   ^
2026-10-08T19:29:34.9586960Z E         
2026-10-08T19:29:34.9587255Z E         Error [ERR_MODULE_...',
2026-10-08T19:29:34.9587894Z E           url: 'file:///home/runner/work/tastetable/tastetable/tools/saved_week_to_calendar.mjs'
2026-10-08T19:29:34.9588541Z E         }
2026-10-08T19:29:34.9588816Z E         
2026-10-08T19:29:34.9589108Z E         Node.js v22.23.3
2026-10-08T19:29:34.9589430Z E         ")
2026-10-08T19:29:34.9589713Z E       assert 1 == 0
2026-10-08T19:29:34.9591116Z E        +  where 1 = CompletedProcess(args=['/usr/local/bin/node', '--input-type=module', '-e', '\nimport fs from "node:fs";\nimport path f...',\n  url: 'file:///home/runner/work/tastetable/tastetable/tools/saved_week_to_calendar.mjs'\n}\n\nNode.js v22.23.3\n").returncode
2026-10-08T19:29:34.9592466Z 
2026-10-08T19:29:34.9592748Z tests/test_saved_week_calendar_receiving_ultra.py:159: AssertionError
2026-10-08T19:29:34.9593472Z __________ test_new_api_identity_must_be_explicit_native_identifier[] __________
2026-10-08T19:29:34.9593923Z 
2026-10-08T19:29:34.9594540Z week = {'format': 'tastetable.saved-week.v1', 'receivedAt': '2027-12-31T23:59:59.789Z', 'savedAt': '2028-02-27T19:08:07.006Z', 'calendarId': None, ...}
2026-10-08T19:29:34.9595618Z bad_id = ''
2026-10-08T19:29:34.9595778Z 
2026-10-08T19:29:34.9596357Z     @pytest.mark.parametrize("bad_id", ["", "ABCDEF0123456789ABCDEF0123456789AB", "a" * 31, 7, None])
2026-10-08T19:29:34.9597228Z     def test_new_api_identity_must_be_explicit_native_identifier(week, bad_id):
2026-10-08T19:29:34.9597831Z         week["calendarId"] = None
2026-10-08T19:29:34.9598320Z >       assert _api(_text(week), newCalendarId=bad_id)["ok"] is False
2026-10-08T19:29:34.9598853Z                ^^^^^^^^^^^^^^^^^^^^^^^^^^^^^^^^^^^^^^^
2026-10-08T19:29:34.9599137Z 
2026-10-08T19:29:34.9599346Z tests/test_saved_week_calendar_receiving_ultra.py:360: 
2026-10-08T19:29:34.9599911Z _ _ _ _ _ _ _ _ _ _ _ _ _ _ _ _ _ _ _ _ _ _ _ _ _ _ _ _ _ _ _ _ _ _ _ _ _ _ _ _ 
2026-10-08T19:29:34.9600511Z tests/test_saved_week_calendar_receiving_ultra.py:168: in _api
2026-10-08T19:29:34.9601130Z     return _run_node(NODE_API, {"text": text, "options": options})
2026-10-08T19:29:34.9601669Z            ^^^^^^^^^^^^^^^^^^^^^^^^^^^^^^^^^^^^^^^^^^^^^^^^^^^^^^^
2026-10-08T19:29:34.9602170Z _ _ _ _ _ _ _ _ _ _ _ _ _ _ _ _ _ _ _ _ _ _ _ _ _ _ _ _ _ _ _ _ _ _ _ _ _ _ _ _ 
2026-10-08T19:29:34.9602534Z 
2026-10-08T19:29:34.9603649Z script = '\nimport fs from "node:fs";\nimport path from "node:path";\nimport {pathToFileURL} from "node:url";\nconst root = pro...ery(Object.isFrozen)}}));\n} catch (error) { console.log(JSON.stringify({ok:false, error:String(error.message)})); }\n'
2026-10-08T19:29:34.9606180Z value = {'text': '{"format":"tastetable.saved-week.v1","receivedAt":"2027-12-31T23:59:59.789Z","savedAt":"2028-02-27T19:08:07....-0":"Thursday","pick-1":"Monday","pick-2":null,"pick-3":null,"pick-4":"Monday"}}}\n', 'options': {'newCalendarId': ''}}
2026-10-08T19:29:34.9607523Z 
2026-10-08T19:29:34.9607679Z     def _run_node(script, value):
2026-10-08T19:29:34.9608064Z         p = subprocess.run(
2026-10-08T19:29:34.9608494Z             [NODE, "--input-type=module", "-e", script, str(ROOT)],
2026-10-08T19:29:34.9609149Z             input=json.dumps(value, ensure_ascii=True).encode(), capture_output=True,
2026-10-08T19:29:34.9609726Z             cwd=ROOT, timeout=15,
2026-10-08T19:29:34.9610075Z         )
2026-10-08T19:29:34.9610728Z >       assert p.returncode == 0, (p.returncode, p.stdout.decode(errors="replace"), p.stderr.decode(errors="replace"))
2026-10-08T19:29:34.9611630Z E       AssertionError: (1, '', "node:internal/modules/esm/resolve:275
2026-10-08T19:29:34.9612186Z E             throw new ERR_MODULE_NOT_FOUND(
2026-10-08T19:29:34.9612582Z E                   ^
2026-10-08T19:29:34.9612885Z E         
2026-10-08T19:29:34.9613169Z E         Error [ERR_MODULE_...',
2026-10-08T19:29:34.9613794Z E           url: 'file:///home/runner/work/tastetable/tastetable/tools/saved_week_to_calendar.mjs'
2026-10-08T19:29:34.9614449Z E         }
2026-10-08T19:29:34.9614717Z E         
2026-10-08T19:29:34.9614993Z E         Node.js v22.23.3
2026-10-08T19:29:34.9615486Z E         ")
2026-10-08T19:29:34.9615770Z E       assert 1 == 0
2026-10-08T19:29:34.9617166Z E        +  where 1 = CompletedProcess(args=['/usr/local/bin/node', '--input-type=module', '-e', '\nimport fs from "node:fs";\nimport path f...',\n  url: 'file:///home/runner/work/tastetable/tastetable/tools/saved_week_to_calendar.mjs'\n}\n\nNode.js v22.23.3\n").returncode
2026-10-08T19:29:34.9618501Z 
2026-10-08T19:29:34.9618782Z tests/test_saved_week_calendar_receiving_ultra.py:159: AssertionError
2026-10-08T19:29:34.9619595Z _ test_new_api_identity_must_be_explicit_native_identifier[ABCDEF0123456789ABCDEF0123456789AB] _
2026-10-08T19:29:34.9620149Z 
2026-10-08T19:29:34.9620772Z week = {'format': 'tastetable.saved-week.v1', 'receivedAt': '2027-12-31T23:59:59.789Z', 'savedAt': '2028-02-27T19:08:07.006Z', 'calendarId': None, ...}
2026-10-08T19:29:34.9621705Z bad_id = 'ABCDEF0123456789ABCDEF0123456789AB'
2026-10-08T19:29:34.9622005Z 
2026-10-08T19:29:34.9622396Z     @pytest.mark.parametrize("bad_id", ["", "ABCDEF0123456789ABCDEF0123456789AB", "a" * 31, 7, None])
2026-10-08T19:29:34.9623251Z     def test_new_api_identity_must_be_explicit_native_identifier(week, bad_id):
2026-10-08T19:29:34.9624051Z         week["calendarId"] = None
2026-10-08T19:29:34.9624548Z >       assert _api(_text(week), newCalendarId=bad_id)["ok"] is False
2026-10-08T19:29:34.9625080Z                ^^^^^^^^^^^^^^^^^^^^^^^^^^^^^^^^^^^^^^^
2026-10-08T19:29:34.9625567Z 
2026-10-08T19:29:34.9625795Z tests/test_saved_week_calendar_receiving_ultra.py:360: 
2026-10-08T19:29:34.9626362Z _ _ _ _ _ _ _ _ _ _ _ _ _ _ _ _ _ _ _ _ _ _ _ _ _ _ _ _ _ _ _ _ _ _ _ _ _ _ _ _ 
2026-10-08T19:29:34.9626974Z tests/test_saved_week_calendar_receiving_ultra.py:168: in _api
2026-10-08T19:29:34.9627602Z     return _run_node(NODE_API, {"text": text, "options": options})
2026-10-08T19:29:34.9628138Z            ^^^^^^^^^^^^^^^^^^^^^^^^^^^^^^^^^^^^^^^^^^^^^^^^^^^^^^^
2026-10-08T19:29:34.9628659Z _ _ _ _ _ _ _ _ _ _ _ _ _ _ _ _ _ _ _ _ _ _ _ _ _ _ _ _ _ _ _ _ _ _ _ _ _ _ _ _ 
2026-10-08T19:29:34.9628995Z 
2026-10-08T19:29:34.9630068Z script = '\nimport fs from "node:fs";\nimport path from "node:path";\nimport {pathToFileURL} from "node:url";\nconst root = pro...ery(Object.isFrozen)}}));\n} catch (error) { console.log(JSON.stringify({ok:false, error:String(error.message)})); }\n'
2026-10-08T19:29:34.9632318Z value = {'text': '{"format":"tastetable.saved-week.v1","receivedAt":"2027-12-31T23:59:59.789Z","savedAt":"2028-02-27T19:08:07....pick-2":null,"pick-3":null,"pick-4":"Monday"}}}\n', 'options': {'newCalendarId': 'ABCDEF0123456789ABCDEF0123456789AB'}}
2026-10-08T19:29:34.9633456Z 
2026-10-08T19:29:34.9633594Z     def _run_node(script, value):
2026-10-08T19:29:34.9633973Z         p = subprocess.run(
2026-10-08T19:29:34.9634587Z             [NODE, "--input-type=module", "-e", script, str(ROOT)],
2026-10-08T19:29:34.9635429Z             input=json.dumps(value, ensure_ascii=True).encode(), capture_output=True,
2026-10-08T19:29:34.9636026Z             cwd=ROOT, timeout=15,
2026-10-08T19:29:34.9636374Z         )
2026-10-08T19:29:34.9637026Z >       assert p.returncode == 0, (p.returncode, p.stdout.decode(errors="replace"), p.stderr.decode(errors="replace"))
2026-10-08T19:29:34.9637944Z E       AssertionError: (1, '', "node:internal/modules/esm/resolve:275
2026-10-08T19:29:34.9638506Z E             throw new ERR_MODULE_NOT_FOUND(
2026-10-08T19:29:34.9638916Z E                   ^
2026-10-08T19:29:34.9639219Z E         
2026-10-08T19:29:34.9639509Z E         Error [ERR_MODULE_...',
2026-10-08T19:29:34.9640148Z E           url: 'file:///home/runner/work/tastetable/tastetable/tools/saved_week_to_calendar.mjs'
2026-10-08T19:29:34.9640814Z E         }
2026-10-08T19:29:34.9641081Z E         
2026-10-08T19:29:34.9641361Z E         Node.js v22.23.3
2026-10-08T19:29:34.9641699Z E         ")
2026-10-08T19:29:34.9641979Z E       assert 1 == 0
2026-10-08T19:29:34.9643383Z E        +  where 1 = CompletedProcess(args=['/usr/local/bin/node', '--input-type=module', '-e', '\nimport fs from "node:fs";\nimport path f...',\n  url: 'file:///home/runner/work/tastetable/tastetable/tools/saved_week_to_calendar.mjs'\n}\n\nNode.js v22.23.3\n").returncode
2026-10-08T19:29:34.9644711Z 
2026-10-08T19:29:34.9645000Z tests/test_saved_week_calendar_receiving_ultra.py:159: AssertionError
2026-10-08T19:29:34.9646013Z _ test_new_api_identity_must_be_explicit_native_identifier[aaaaaaaaaaaaaaaaaaaaaaaaaaaaaaa] _
2026-10-08T19:29:34.9646569Z 
2026-10-08T19:29:34.9647191Z week = {'format': 'tastetable.saved-week.v1', 'receivedAt': '2027-12-31T23:59:59.789Z', 'savedAt': '2028-02-27T19:08:07.006Z', 'calendarId': None, ...}
2026-10-08T19:29:34.9648124Z bad_id = 'aaaaaaaaaaaaaaaaaaaaaaaaaaaaaaa'
2026-10-08T19:29:34.9648430Z 
2026-10-08T19:29:34.9648843Z     @pytest.mark.parametrize("bad_id", ["", "ABCDEF0123456789ABCDEF0123456789AB", "a" * 31, 7, None])
2026-10-08T19:29:34.9649722Z     def test_new_api_identity_must_be_explicit_native_identifier(week, bad_id):
2026-10-08T19:29:34.9650329Z         week["calendarId"] = None
2026-10-08T19:29:34.9650823Z >       assert _api(_text(week), newCalendarId=bad_id)["ok"] is False
2026-10-08T19:29:34.9651364Z                ^^^^^^^^^^^^^^^^^^^^^^^^^^^^^^^^^^^^^^^
2026-10-08T19:29:34.9651651Z 
2026-10-08T19:29:34.9652042Z tests/test_saved_week_calendar_receiving_ultra.py:360: 
2026-10-08T19:29:34.9652615Z _ _ _ _ _ _ _ _ _ _ _ _ _ _ _ _ _ _ _ _ _ _ _ _ _ _ _ _ _ _ _ _ _ _ _ _ _ _ _ _ 
2026-10-08T19:29:34.9653195Z tests/test_saved_week_calendar_receiving_ultra.py:168: in _api
2026-10-08T19:29:34.9653803Z     return _run_node(NODE_API, {"text": text, "options": options})
2026-10-08T19:29:34.9654319Z            ^^^^^^^^^^^^^^^^^^^^^^^^^^^^^^^^^^^^^^^^^^^^^^^^^^^^^^^
2026-10-08T19:29:34.9654826Z _ _ _ _ _ _ _ _ _ _ _ _ _ _ _ _ _ _ _ _ _ _ _ _ _ _ _ _ _ _ _ _ _ _ _ _ _ _ _ _ 
2026-10-08T19:29:34.9655200Z 
2026-10-08T19:29:34.9656534Z script = '\nimport fs from "node:fs";\nimport path from "node:path";\nimport {pathToFileURL} from "node:url";\nconst root = pro...ery(Object.isFrozen)}}));\n} catch (error) { console.log(JSON.stringify({ok:false, error:String(error.message)})); }\n'
2026-10-08T19:29:34.9658790Z value = {'text': '{"format":"tastetable.saved-week.v1","receivedAt":"2027-12-31T23:59:59.789Z","savedAt":"2028-02-27T19:08:07....","pick-2":null,"pick-3":null,"pick-4":"Monday"}}}\n', 'options': {'newCalendarId': 'aaaaaaaaaaaaaaaaaaaaaaaaaaaaaaa'}}
2026-10-08T19:29:34.9659945Z 
2026-10-08T19:29:34.9660094Z     def _run_node(script, value):
2026-10-08T19:29:34.9660463Z         p = subprocess.run(
2026-10-08T19:29:34.9660880Z             [NODE, "--input-type=module", "-e", script, str(ROOT)],
2026-10-08T19:29:34.9661520Z             input=json.dumps(value, ensure_ascii=True).encode(), capture_output=True,
2026-10-08T19:29:34.9662089Z             cwd=ROOT, timeout=15,
2026-10-08T19:29:34.9662614Z         )
2026-10-08T19:29:34.9663237Z >       assert p.returncode == 0, (p.returncode, p.stdout.decode(errors="replace"), p.stderr.decode(errors="replace"))
2026-10-08T19:29:34.9664126Z E       AssertionError: (1, '', "node:internal/modules/esm/resolve:275
2026-10-08T19:29:34.9664665Z E             throw new ERR_MODULE_NOT_FOUND(
2026-10-08T19:29:34.9665063Z E                   ^
2026-10-08T19:29:34.9665595Z E         
2026-10-08T19:29:34.9665902Z E         Error [ERR_MODULE_...',
2026-10-08T19:29:34.9666565Z E           url: 'file:///home/runner/work/tastetable/tastetable/tools/saved_week_to_calendar.mjs'
2026-10-08T19:29:34.9667230Z E         }
2026-10-08T19:29:34.9667509Z E         
2026-10-08T19:29:34.9667793Z E         Node.js v22.23.3
2026-10-08T19:29:34.9668112Z E         ")
2026-10-08T19:29:34.9668399Z E       assert 1 == 0
2026-10-08T19:29:34.9669834Z E        +  where 1 = CompletedProcess(args=['/usr/local/bin/node', '--input-type=module', '-e', '\nimport fs from "node:fs";\nimport path f...',\n  url: 'file:///home/runner/work/tastetable/tastetable/tools/saved_week_to_calendar.mjs'\n}\n\nNode.js v22.23.3\n").returncode
2026-10-08T19:29:34.9671225Z 
2026-10-08T19:29:34.9671518Z tests/test_saved_week_calendar_receiving_ultra.py:159: AssertionError
2026-10-08T19:29:34.9672252Z _________ test_new_api_identity_must_be_explicit_native_identifier[7] __________
2026-10-08T19:29:34.9672720Z 
2026-10-08T19:29:34.9673352Z week = {'format': 'tastetable.saved-week.v1', 'receivedAt': '2027-12-31T23:59:59.789Z', 'savedAt': '2028-02-27T19:08:07.006Z', 'calendarId': None, ...}
2026-10-08T19:29:34.9674241Z bad_id = 7
2026-10-08T19:29:34.9674401Z 
2026-10-08T19:29:34.9674808Z     @pytest.mark.parametrize("bad_id", ["", "ABCDEF0123456789ABCDEF0123456789AB", "a" * 31, 7, None])
2026-10-08T19:29:34.9675880Z     def test_new_api_identity_must_be_explicit_native_identifier(week, bad_id):
2026-10-08T19:29:34.9676479Z         week["calendarId"] = None
2026-10-08T19:29:34.9676990Z >       assert _api(_text(week), newCalendarId=bad_id)["ok"] is False
2026-10-08T19:29:34.9677519Z                ^^^^^^^^^^^^^^^^^^^^^^^^^^^^^^^^^^^^^^^
2026-10-08T19:29:34.9677822Z 
2026-10-08T19:29:34.9678111Z tests/test_saved_week_calendar_receiving_ultra.py:360: 
2026-10-08T19:29:34.9678682Z _ _ _ _ _ _ _ _ _ _ _ _ _ _ _ _ _ _ _ _ _ _ _ _ _ _ _ _ _ _ _ _ _ _ _ _ _ _ _ _ 
2026-10-08T19:29:34.9679294Z tests/test_saved_week_calendar_receiving_ultra.py:168: in _api
2026-10-08T19:29:34.9680089Z     return _run_node(NODE_API, {"text": text, "options": options})
2026-10-08T19:29:34.9680648Z            ^^^^^^^^^^^^^^^^^^^^^^^^^^^^^^^^^^^^^^^^^^^^^^^^^^^^^^^
2026-10-08T19:29:34.9681155Z _ _ _ _ _ _ _ _ _ _ _ _ _ _ _ _ _ _ _ _ _ _ _ _ _ _ _ _ _ _ _ _ _ _ _ _ _ _ _ _ 
2026-10-08T19:29:34.9681508Z 
2026-10-08T19:29:34.9682631Z script = '\nimport fs from "node:fs";\nimport path from "node:path";\nimport {pathToFileURL} from "node:url";\nconst root = pro...ery(Object.isFrozen)}}));\n} catch (error) { console.log(JSON.stringify({ok:false, error:String(error.message)})); }\n'
2026-10-08T19:29:34.9685043Z value = {'text': '{"format":"tastetable.saved-week.v1","receivedAt":"2027-12-31T23:59:59.789Z","savedAt":"2028-02-27T19:08:07....k-0":"Thursday","pick-1":"Monday","pick-2":null,"pick-3":null,"pick-4":"Monday"}}}\n', 'options': {'newCalendarId': 7}}
2026-10-08T19:29:34.9686439Z 
2026-10-08T19:29:34.9686589Z     def _run_node(script, value):
2026-10-08T19:29:34.9686976Z         p = subprocess.run(
2026-10-08T19:29:34.9687425Z             [NODE, "--input-type=module", "-e", script, str(ROOT)],
2026-10-08T19:29:34.9688091Z             input=json.dumps(value, ensure_ascii=True).encode(), capture_output=True,
2026-10-08T19:29:34.9688691Z             cwd=ROOT, timeout=15,
2026-10-08T19:29:34.9689043Z         )
2026-10-08T19:29:34.9689697Z >       assert p.returncode == 0, (p.returncode, p.stdout.decode(errors="replace"), p.stderr.decode(errors="replace"))
2026-10-08T19:29:34.9690592Z E       AssertionError: (1, '', "node:internal/modules/esm/resolve:275
2026-10-08T19:29:34.9691388Z E             throw new ERR_MODULE_NOT_FOUND(
2026-10-08T19:29:34.9691798Z E                   ^
2026-10-08T19:29:34.9692100Z E         
2026-10-08T19:29:34.9692391Z E         Error [ERR_MODULE_...',
2026-10-08T19:29:34.9693001Z E           url: 'file:///home/runner/work/tastetable/tastetable/tools/saved_week_to_calendar.mjs'
2026-10-08T19:29:34.9693650Z E         }
2026-10-08T19:29:34.9693908Z E         
2026-10-08T19:29:34.9694183Z E         Node.js v22.23.3
2026-10-08T19:29:34.9694514Z E         ")
2026-10-08T19:29:34.9694787Z E       assert 1 == 0
2026-10-08T19:29:34.9696397Z E        +  where 1 = CompletedProcess(args=['/usr/local/bin/node', '--input-type=module', '-e', '\nimport fs from "node:fs";\nimport path f...',\n  url: 'file:///home/runner/work/tastetable/tastetable/tools/saved_week_to_calendar.mjs'\n}\n\nNode.js v22.23.3\n").returncode
2026-10-08T19:29:34.9697747Z 
2026-10-08T19:29:34.9698039Z tests/test_saved_week_calendar_receiving_ultra.py:159: AssertionError
2026-10-08T19:29:34.9698777Z ________ test_new_api_identity_must_be_explicit_native_identifier[None] ________
2026-10-08T19:29:34.9699243Z 
2026-10-08T19:29:34.9699859Z week = {'format': 'tastetable.saved-week.v1', 'receivedAt': '2027-12-31T23:59:59.789Z', 'savedAt': '2028-02-27T19:08:07.006Z', 'calendarId': None, ...}
2026-10-08T19:29:34.9700734Z bad_id = None
2026-10-08T19:29:34.9700910Z 
2026-10-08T19:29:34.9701309Z     @pytest.mark.parametrize("bad_id", ["", "ABCDEF0123456789ABCDEF0123456789AB", "a" * 31, 7, None])
2026-10-08T19:29:34.9702163Z     def test_new_api_identity_must_be_explicit_native_identifier(week, bad_id):
2026-10-08T19:29:34.9702778Z         week["calendarId"] = None
2026-10-08T19:29:34.9703261Z >       assert _api(_text(week), newCalendarId=bad_id)["ok"] is False
2026-10-08T19:29:34.9703779Z                ^^^^^^^^^^^^^^^^^^^^^^^^^^^^^^^^^^^^^^^
2026-10-08T19:29:34.9704062Z 
2026-10-08T19:29:34.9704283Z tests/test_saved_week_calendar_receiving_ultra.py:360: 
2026-10-08T19:29:34.9704845Z _ _ _ _ _ _ _ _ _ _ _ _ _ _ _ _ _ _ _ _ _ _ _ _ _ _ _ _ _ _ _ _ _ _ _ _ _ _ _ _ 
2026-10-08T19:29:34.9705644Z tests/test_saved_week_calendar_receiving_ultra.py:168: in _api
2026-10-08T19:29:34.9706274Z     return _run_node(NODE_API, {"text": text, "options": options})
2026-10-08T19:29:34.9706800Z            ^^^^^^^^^^^^^^^^^^^^^^^^^^^^^^^^^^^^^^^^^^^^^^^^^^^^^^^
2026-10-08T19:29:34.9707469Z _ _ _ _ _ _ _ _ _ _ _ _ _ _ _ _ _ _ _ _ _ _ _ _ _ _ _ _ _ _ _ _ _ _ _ _ _ _ _ _ 
2026-10-08T19:29:34.9707844Z 
2026-10-08T19:29:34.9708982Z script = '\nimport fs from "node:fs";\nimport path from "node:path";\nimport {pathToFileURL} from "node:url";\nconst root = pro...ery(Object.isFrozen)}}));\n} catch (error) { console.log(JSON.stringify({ok:false, error:String(error.message)})); }\n'
2026-10-08T19:29:34.9711284Z value = {'text': '{"format":"tastetable.saved-week.v1","receivedAt":"2027-12-31T23:59:59.789Z","savedAt":"2028-02-27T19:08:07....":"Thursday","pick-1":"Monday","pick-2":null,"pick-3":null,"pick-4":"Monday"}}}\n', 'options': {'newCalendarId': None}}
2026-10-08T19:29:34.9712490Z 
2026-10-08T19:29:34.9712637Z     def _run_node(script, value):
2026-10-08T19:29:34.9713023Z         p = subprocess.run(
2026-10-08T19:29:34.9713468Z             [NODE, "--input-type=module", "-e", script, str(ROOT)],
2026-10-08T19:29:34.9714155Z             input=json.dumps(value, ensure_ascii=True).encode(), capture_output=True,
2026-10-08T19:29:34.9714770Z             cwd=ROOT, timeout=15,
2026-10-08T19:29:34.9715123Z         )
2026-10-08T19:29:34.9715966Z >       assert p.returncode == 0, (p.returncode, p.stdout.decode(errors="replace"), p.stderr.decode(errors="replace"))
2026-10-08T19:29:34.9716861Z E       AssertionError: (1, '', "node:internal/modules/esm/resolve:275
2026-10-08T19:29:34.9717397Z E             throw new ERR_MODULE_NOT_FOUND(
2026-10-08T19:29:34.9717792Z E                   ^
2026-10-08T19:29:34.9718071Z E         
2026-10-08T19:29:34.9718346Z E         Error [ERR_MODULE_...',
2026-10-08T19:29:34.9719154Z E           url: 'file:///home/runner/work/tastetable/tastetable/tools/saved_week_to_calendar.mjs'
2026-10-08T19:29:34.9719771Z E         }
2026-10-08T19:29:34.9720017Z E         
2026-10-08T19:29:34.9720281Z E         Node.js v22.23.3
2026-10-08T19:29:34.9720591Z E         ")
2026-10-08T19:29:34.9720853Z E       assert 1 == 0
2026-10-08T19:29:34.9722305Z E        +  where 1 = CompletedProcess(args=['/usr/local/bin/node', '--input-type=module', '-e', '\nimport fs from "node:fs";\nimport path f...',\n  url: 'file:///home/runner/work/tastetable/tastetable/tools/saved_week_to_calendar.mjs'\n}\n\nNode.js v22.23.3\n").returncode
2026-10-08T19:29:34.9723686Z 
2026-10-08T19:29:34.9723977Z tests/test_saved_week_calendar_receiving_ultra.py:159: AssertionError
2026-10-08T19:29:34.9724747Z ____ test_actual_cli_explicit_new_calendar_repeated_creations_are_distinct _____
2026-10-08T19:29:34.9725430Z 
2026-10-08T19:29:34.9726082Z week = {'format': 'tastetable.saved-week.v1', 'receivedAt': '2027-12-31T23:59:59.789Z', 'savedAt': '2028-02-27T19:08:07.006Z', 'calendarId': None, ...}
2026-10-08T19:29:34.9727248Z tmp_path = PosixPath('/tmp/pytest-of-runner/pytest-0/test_actual_cli_explicit_new_c0')
2026-10-08T19:29:34.9727791Z 
2026-10-08T19:29:34.9728200Z     def test_actual_cli_explicit_new_calendar_repeated_creations_are_distinct(week, tmp_path):
2026-10-08T19:29:34.9728905Z         week["calendarId"] = None
2026-10-08T19:29:34.9729285Z         text = _text(week)
2026-10-08T19:29:34.9729712Z         directory, source, output = _files(tmp_path, text)
2026-10-08T19:29:34.9730200Z         before = _snapshot(directory)
2026-10-08T19:29:34.9730680Z         refused = _cli(["--input", source, "--output", output])
2026-10-08T19:29:34.9731271Z >       assert refused.returncode == 2 and refused.stdout == b""
2026-10-08T19:29:34.9731759Z E       assert (1 == 2)
2026-10-08T19:29:34.9733205Z E        +  where 1 = CompletedProcess(args=['/usr/local/bin/node', '/home/runner/work/tastetable/tastetable/tools/saved_week_to_calendar.mj... node:internal/main/run_main_module:36:49 {\n  code: 'MODULE_NOT_FOUND',\n  requireStack: []\n}\n\nNode.js v22.23.3\n").returncode
2026-10-08T19:29:34.9734587Z 
2026-10-08T19:29:34.9734886Z tests/test_saved_week_calendar_receiving_ultra.py:369: AssertionError
2026-10-08T19:29:34.9735857Z __ test_public_api_and_cli_refuse_whole_native_invalid_input[unknown-source] ___
2026-10-08T19:29:34.9736353Z 
2026-10-08T19:29:34.9737287Z week = {'format': 'tastetable.saved-week.v1', 'receivedAt': '2027-12-31T23:59:59.789Z', 'savedAt': '2028-02-27T19:08:07.006Z', 'calendarId': '0123456789abcdef0123456789abcdef', ...}
2026-10-08T19:29:34.9738578Z tmp_path = PosixPath('/tmp/pytest-of-runner/pytest-0/test_public_api_and_cli_refuse0')
2026-10-08T19:29:34.9739260Z case = 'unknown-source'
2026-10-08T19:29:34.9739473Z 
2026-10-08T19:29:34.9739656Z     @pytest.mark.parametrize("case", BAD_NATIVE)
2026-10-08T19:29:34.9740315Z     def test_public_api_and_cli_refuse_whole_native_invalid_input(week, tmp_path, case):
2026-10-08T19:29:34.9740967Z         text = _bad_week(week, case)
2026-10-08T19:29:34.9741446Z         directory, source, output = _files(tmp_path, text)
2026-10-08T19:29:34.9741955Z         before = _snapshot(directory)
2026-10-08T19:29:34.9742351Z >       assert _api(text)["ok"] is False
2026-10-08T19:29:34.9742724Z                ^^^^^^^^^^
2026-10-08T19:29:34.9742923Z 
2026-10-08T19:29:34.9743136Z tests/test_saved_week_calendar_receiving_ultra.py:429: 
2026-10-08T19:29:34.9743678Z _ _ _ _ _ _ _ _ _ _ _ _ _ _ _ _ _ _ _ _ _ _ _ _ _ _ _ _ _ _ _ _ _ _ _ _ _ _ _ _ 
2026-10-08T19:29:34.9744272Z tests/test_saved_week_calendar_receiving_ultra.py:168: in _api
2026-10-08T19:29:34.9744875Z     return _run_node(NODE_API, {"text": text, "options": options})
2026-10-08T19:29:34.9745623Z            ^^^^^^^^^^^^^^^^^^^^^^^^^^^^^^^^^^^^^^^^^^^^^^^^^^^^^^^
2026-10-08T19:29:34.9746076Z _ _ _ _ _ _ _ _ _ _ _ _ _ _ _ _ _ _ _ _ _ _ _ _ _ _ _ _ _ _ _ _ _ _ _ _ _ _ _ _ 
2026-10-08T19:29:34.9746319Z 
2026-10-08T19:29:34.9747061Z script = '\nimport fs from "node:fs";\nimport path from "node:path";\nimport {pathToFileURL} from "node:url";\nconst root = pro...ery(Object.isFrozen)}}));\n} catch (error) { console.log(JSON.stringify({ok:false, error:String(error.message)})); }\n'
2026-10-08T19:29:34.9748755Z value = {'text': '{"format":"tastetable.saved-week.v1","receivedAt":"2027-12-31T23:59:59.789Z","savedAt":"2028-02-27T19:08:07....assignments":{"pick-0":"Thursday","pick-1":"Monday","pick-2":null,"pick-3":null,"pick-4":"Monday"}}}\n', 'options': {}}
2026-10-08T19:29:34.9749533Z 
2026-10-08T19:29:34.9749644Z     def _run_node(script, value):
2026-10-08T19:29:34.9749901Z         p = subprocess.run(
2026-10-08T19:29:34.9750195Z             [NODE, "--input-type=module", "-e", script, str(ROOT)],
2026-10-08T19:29:34.9750638Z             input=json.dumps(value, ensure_ascii=True).encode(), capture_output=True,
2026-10-08T19:29:34.9751027Z             cwd=ROOT, timeout=15,
2026-10-08T19:29:34.9751264Z         )
2026-10-08T19:29:34.9751693Z >       assert p.returncode == 0, (p.returncode, p.stdout.decode(errors="replace"), p.stderr.decode(errors="replace"))
2026-10-08T19:29:34.9752292Z E       AssertionError: (1, '', "node:internal/modules/esm/resolve:275
2026-10-08T19:29:34.9752656Z E             throw new ERR_MODULE_NOT_FOUND(
2026-10-08T19:29:34.9752927Z E                   ^
2026-10-08T19:29:34.9753125Z E         
2026-10-08T19:29:34.9753314Z E         Error [ERR_MODULE_...',
2026-10-08T19:29:34.9753730Z E           url: 'file:///home/runner/work/tastetable/tastetable/tools/saved_week_to_calendar.mjs'
2026-10-08T19:29:34.9754151Z E         }
2026-10-08T19:29:34.9754326Z E         
2026-10-08T19:29:34.9754518Z E         Node.js v22.23.3
2026-10-08T19:29:34.9754731Z E         ")
2026-10-08T19:29:34.9754914Z E       assert 1 == 0
2026-10-08T19:29:34.9756086Z E        +  where 1 = CompletedProcess(args=['/usr/local/bin/node', '--input-type=module', '-e', '\nimport fs from "node:fs";\nimport path f...',\n  url: 'file:///home/runner/work/tastetable/tastetable/tools/saved_week_to_calendar.mjs'\n}\n\nNode.js v22.23.3\n").returncode
2026-10-08T19:29:34.9756993Z 
2026-10-08T19:29:34.9757182Z tests/test_saved_week_calendar_receiving_ultra.py:159: AssertionError
2026-10-08T19:29:34.9757677Z ____ test_public_api_and_cli_refuse_whole_native_invalid_input[all-omitted] ____
2026-10-08T19:29:34.9757988Z 
2026-10-08T19:29:34.9758606Z week = {'format': 'tastetable.saved-week.v1', 'receivedAt': '2027-12-31T23:59:59.789Z', 'savedAt': '2028-02-27T19:08:07.006Z', 'calendarId': '0123456789abcdef0123456789abcdef', ...}
2026-10-08T19:29:34.9759439Z tmp_path = PosixPath('/tmp/pytest-of-runner/pytest-0/test_public_api_and_cli_refuse1')
2026-10-08T19:29:34.9759861Z case = 'all-omitted'
2026-10-08T19:29:34.9759992Z 
2026-10-08T19:29:34.9760118Z     @pytest.mark.parametrize("case", BAD_NATIVE)
2026-10-08T19:29:34.9760553Z     def test_public_api_and_cli_refuse_whole_native_invalid_input(week, tmp_path, case):
2026-10-08T19:29:34.9760972Z         text = _bad_week(week, case)
2026-10-08T19:29:34.9761277Z         directory, source, output = _files(tmp_path, text)
2026-10-08T19:29:34.9761595Z         before = _snapshot(directory)
2026-10-08T19:29:34.9761861Z >       assert _api(text)["ok"] is False
2026-10-08T19:29:34.9762119Z                ^^^^^^^^^^
2026-10-08T19:29:34.9762251Z 
2026-10-08T19:29:34.9762398Z tests/test_saved_week_calendar_receiving_ultra.py:429: 
2026-10-08T19:29:34.9762759Z _ _ _ _ _ _ _ _ _ _ _ _ _ _ _ _ _ _ _ _ _ _ _ _ _ _ _ _ _ _ _ _ _ _ _ _ _ _ _ _ 
2026-10-08T19:29:34.9763156Z tests/test_saved_week_calendar_receiving_ultra.py:168: in _api
2026-10-08T19:29:34.9763563Z     return _run_node(NODE_API, {"text": text, "options": options})
2026-10-08T19:29:34.9763913Z            ^^^^^^^^^^^^^^^^^^^^^^^^^^^^^^^^^^^^^^^^^^^^^^^^^^^^^^^
2026-10-08T19:29:34.9764239Z _ _ _ _ _ _ _ _ _ _ _ _ _ _ _ _ _ _ _ _ _ _ _ _ _ _ _ _ _ _ _ _ _ _ _ _ _ _ _ _ 
2026-10-08T19:29:34.9764473Z 
2026-10-08T19:29:34.9765221Z script = '\nimport fs from "node:fs";\nimport path from "node:path";\nimport {pathToFileURL} from "node:url";\nconst root = pro...ery(Object.isFrozen)}}));\n} catch (error) { console.log(JSON.stringify({ok:false, error:String(error.message)})); }\n'
2026-10-08T19:29:34.9767139Z value = {'text': '{"format":"tastetable.saved-week.v1","receivedAt":"2027-12-31T23:59:59.789Z","savedAt":"2028-02-27T19:08:07...."2028-02-28","assignments":{"pick-0":null,"pick-1":null,"pick-2":null,"pick-3":null,"pick-4":null}}}\n', 'options': {}}
2026-10-08T19:29:34.9767914Z 
2026-10-08T19:29:34.9768022Z     def _run_node(script, value):
2026-10-08T19:29:34.9768279Z         p = subprocess.run(
2026-10-08T19:29:34.9768580Z             [NODE, "--input-type=module", "-e", script, str(ROOT)],
2026-10-08T19:29:34.9769025Z             input=json.dumps(value, ensure_ascii=True).encode(), capture_output=True,
2026-10-08T19:29:34.9769421Z             cwd=ROOT, timeout=15,
2026-10-08T19:29:34.9769658Z         )
2026-10-08T19:29:34.9770085Z >       assert p.returncode == 0, (p.returncode, p.stdout.decode(errors="replace"), p.stderr.decode(errors="replace"))
2026-10-08T19:29:34.9770677Z E       AssertionError: (1, '', "node:internal/modules/esm/resolve:275
2026-10-08T19:29:34.9771040Z E             throw new ERR_MODULE_NOT_FOUND(
2026-10-08T19:29:34.9771303Z E                   ^
2026-10-08T19:29:34.9771497Z E         
2026-10-08T19:29:34.9771685Z E         Error [ERR_MODULE_...',
2026-10-08T19:29:34.9772096Z E           url: 'file:///home/runner/work/tastetable/tastetable/tools/saved_week_to_calendar.mjs'
2026-10-08T19:29:34.9772523Z E         }
2026-10-08T19:29:34.9772703Z E         
2026-10-08T19:29:34.9772887Z E         Node.js v22.23.3
2026-10-08T19:29:34.9773098Z E         ")
2026-10-08T19:29:34.9773282Z E       assert 1 == 0
2026-10-08T19:29:34.9774201Z E        +  where 1 = CompletedProcess(args=['/usr/local/bin/node', '--input-type=module', '-e', '\nimport fs from "node:fs";\nimport path f...',\n  url: 'file:///home/runner/work/tastetable/tastetable/tools/saved_week_to_calendar.mjs'\n}\n\nNode.js v22.23.3\n").returncode
2026-10-08T19:29:34.9775075Z 
2026-10-08T19:29:34.9775455Z tests/test_saved_week_calendar_receiving_ultra.py:159: AssertionError
2026-10-08T19:29:34.9775965Z ___ test_public_api_and_cli_refuse_whole_native_invalid_input[invalid-date] ____
2026-10-08T19:29:34.9776279Z 
2026-10-08T19:29:34.9776777Z week = {'format': 'tastetable.saved-week.v1', 'receivedAt': '2027-12-31T23:59:59.789Z', 'savedAt': '2028-02-27T19:08:07.006Z', 'calendarId': '0123456789abcdef0123456789abcdef', ...}
2026-10-08T19:29:34.9777720Z tmp_path = PosixPath('/tmp/pytest-of-runner/pytest-0/test_public_api_and_cli_refuse2')
2026-10-08T19:29:34.9778148Z case = 'invalid-date'
2026-10-08T19:29:34.9778277Z 
2026-10-08T19:29:34.9778404Z     @pytest.mark.parametrize("case", BAD_NATIVE)
2026-10-08T19:29:34.9778844Z     def test_public_api_and_cli_refuse_whole_native_invalid_input(week, tmp_path, case):
2026-10-08T19:29:34.9779278Z         text = _bad_week(week, case)
2026-10-08T19:29:34.9779585Z         directory, source, output = _files(tmp_path, text)
2026-10-08T19:29:34.9779910Z         before = _snapshot(directory)
2026-10-08T19:29:34.9780180Z >       assert _api(text)["ok"] is False
2026-10-08T19:29:34.9780440Z                ^^^^^^^^^^
2026-10-08T19:29:34.9780571Z 
2026-10-08T19:29:34.9780718Z tests/test_saved_week_calendar_receiving_ultra.py:429: 
2026-10-08T19:29:34.9781082Z _ _ _ _ _ _ _ _ _ _ _ _ _ _ _ _ _ _ _ _ _ _ _ _ _ _ _ _ _ _ _ _ _ _ _ _ _ _ _ _ 
2026-10-08T19:29:34.9781479Z tests/test_saved_week_calendar_receiving_ultra.py:168: in _api
2026-10-08T19:29:34.9781890Z     return _run_node(NODE_API, {"text": text, "options": options})
2026-10-08T19:29:34.9782250Z            ^^^^^^^^^^^^^^^^^^^^^^^^^^^^^^^^^^^^^^^^^^^^^^^^^^^^^^^
2026-10-08T19:29:34.9782590Z _ _ _ _ _ _ _ _ _ _ _ _ _ _ _ _ _ _ _ _ _ _ _ _ _ _ _ _ _ _ _ _ _ _ _ _ _ _ _ _ 
2026-10-08T19:29:34.9782835Z 
2026-10-08T19:29:34.9783590Z script = '\nimport fs from "node:fs";\nimport path from "node:path";\nimport {pathToFileURL} from "node:url";\nconst root = pro...ery(Object.isFrozen)}}));\n} catch (error) { console.log(JSON.stringify({ok:false, error:String(error.message)})); }\n'
2026-10-08T19:29:34.9785408Z value = {'text': '{"format":"tastetable.saved-week.v1","receivedAt":"2027-12-31T23:59:59.789Z","savedAt":"2028-02-27T19:08:07....assignments":{"pick-0":"Thursday","pick-1":"Monday","pick-2":null,"pick-3":null,"pick-4":"Monday"}}}\n', 'options': {}}
2026-10-08T19:29:34.9786212Z 
2026-10-08T19:29:34.9786305Z     def _run_node(script, value):
2026-10-08T19:29:34.9786569Z         p = subprocess.run(
2026-10-08T19:29:34.9786866Z             [NODE, "--input-type=module", "-e", script, str(ROOT)],
2026-10-08T19:29:34.9787316Z             input=json.dumps(value, ensure_ascii=True).encode(), capture_output=True,
2026-10-08T19:29:34.9787714Z             cwd=ROOT, timeout=15,
2026-10-08T19:29:34.9787945Z         )
2026-10-08T19:29:34.9788373Z >       assert p.returncode == 0, (p.returncode, p.stdout.decode(errors="replace"), p.stderr.decode(errors="replace"))
2026-10-08T19:29:34.9788966Z E       AssertionError: (1, '', "node:internal/modules/esm/resolve:275
2026-10-08T19:29:34.9789339Z E             throw new ERR_MODULE_NOT_FOUND(
2026-10-08T19:29:34.9789609Z E                   ^
2026-10-08T19:29:34.9789806Z E         
2026-10-08T19:29:34.9789993Z E         Error [ERR_MODULE_...',
2026-10-08T19:29:34.9790410Z E           url: 'file:///home/runner/work/tastetable/tastetable/tools/saved_week_to_calendar.mjs'
2026-10-08T19:29:34.9790839Z E         }
2026-10-08T19:29:34.9791019Z E         
2026-10-08T19:29:34.9791204Z E         Node.js v22.23.3
2026-10-08T19:29:34.9791419Z E         ")
2026-10-08T19:29:34.9791607Z E       assert 1 == 0
2026-10-08T19:29:34.9792521Z E        +  where 1 = CompletedProcess(args=['/usr/local/bin/node', '--input-type=module', '-e', '\nimport fs from "node:fs";\nimport path f...',\n  url: 'file:///home/runner/work/tastetable/tastetable/tools/saved_week_to_calendar.mjs'\n}\n\nNode.js v22.23.3\n").returncode
2026-10-08T19:29:34.9793398Z 
2026-10-08T19:29:34.9793578Z tests/test_saved_week_calendar_receiving_ultra.py:159: AssertionError
2026-10-08T19:29:34.9794077Z _ test_public_api_and_cli_refuse_whole_native_invalid_input[extra-assignment] __
2026-10-08T19:29:34.9794399Z 
2026-10-08T19:29:34.9794888Z week = {'format': 'tastetable.saved-week.v1', 'receivedAt': '2027-12-31T23:59:59.789Z', 'savedAt': '2028-02-27T19:08:07.006Z', 'calendarId': '0123456789abcdef0123456789abcdef', ...}
2026-10-08T19:29:34.9795956Z tmp_path = PosixPath('/tmp/pytest-of-runner/pytest-0/test_public_api_and_cli_refuse3')
2026-10-08T19:29:34.9796398Z case = 'extra-assignment'
2026-10-08T19:29:34.9796556Z 
2026-10-08T19:29:34.9796680Z     @pytest.mark.parametrize("case", BAD_NATIVE)
2026-10-08T19:29:34.9797118Z     def test_public_api_and_cli_refuse_whole_native_invalid_input(week, tmp_path, case):
2026-10-08T19:29:34.9797536Z         text = _bad_week(week, case)
2026-10-08T19:29:34.9797844Z         directory, source, output = _files(tmp_path, text)
2026-10-08T19:29:34.9798168Z         before = _snapshot(directory)
2026-10-08T19:29:34.9798435Z >       assert _api(text)["ok"] is False
2026-10-08T19:29:34.9798696Z                ^^^^^^^^^^
2026-10-08T19:29:34.9798831Z 
2026-10-08T19:29:34.9798977Z tests/test_saved_week_calendar_receiving_ultra.py:429: 
2026-10-08T19:29:34.9799336Z _ _ _ _ _ _ _ _ _ _ _ _ _ _ _ _ _ _ _ _ _ _ _ _ _ _ _ _ _ _ _ _ _ _ _ _ _ _ _ _ 
2026-10-08T19:29:34.9799749Z tests/test_saved_week_calendar_receiving_ultra.py:168: in _api
2026-10-08T19:29:34.9800173Z     return _run_node(NODE_API, {"text": text, "options": options})
2026-10-08T19:29:34.9800527Z            ^^^^^^^^^^^^^^^^^^^^^^^^^^^^^^^^^^^^^^^^^^^^^^^^^^^^^^^
2026-10-08T19:29:34.9800861Z _ _ _ _ _ _ _ _ _ _ _ _ _ _ _ _ _ _ _ _ _ _ _ _ _ _ _ _ _ _ _ _ _ _ _ _ _ _ _ _ 
2026-10-08T19:29:34.9801095Z 
2026-10-08T19:29:34.9801846Z script = '\nimport fs from "node:fs";\nimport path from "node:path";\nimport {pathToFileURL} from "node:url";\nconst root = pro...ery(Object.isFrozen)}}));\n} catch (error) { console.log(JSON.stringify({ok:false, error:String(error.message)})); }\n'
2026-10-08T19:29:34.9803475Z value = {'text': '{"format":"tastetable.saved-week.v1","receivedAt":"2027-12-31T23:59:59.789Z","savedAt":"2028-02-27T19:08:07....0":"Thursday","pick-1":"Monday","pick-2":null,"pick-3":null,"pick-4":"Monday","pick-999":"Monday"}}}\n', 'options': {}}
2026-10-08T19:29:34.9804253Z 
2026-10-08T19:29:34.9804346Z     def _run_node(script, value):
2026-10-08T19:29:34.9804598Z         p = subprocess.run(
2026-10-08T19:29:34.9804899Z             [NODE, "--input-type=module", "-e", script, str(ROOT)],
2026-10-08T19:29:34.9805605Z             input=json.dumps(value, ensure_ascii=True).encode(), capture_output=True,
2026-10-08T19:29:34.9806008Z             cwd=ROOT, timeout=15,
2026-10-08T19:29:34.9806248Z         )
2026-10-08T19:29:34.9806675Z >       assert p.returncode == 0, (p.returncode, p.stdout.decode(errors="replace"), p.stderr.decode(errors="replace"))
2026-10-08T19:29:34.9807264Z E       AssertionError: (1, '', "node:internal/modules/esm/resolve:275
2026-10-08T19:29:34.9807647Z E             throw new ERR_MODULE_NOT_FOUND(
2026-10-08T19:29:34.9807915Z E                   ^
2026-10-08T19:29:34.9808112Z E         
2026-10-08T19:29:34.9808303Z E         Error [ERR_MODULE_...',
2026-10-08T19:29:34.9808720Z E           url: 'file:///home/runner/work/tastetable/tastetable/tools/saved_week_to_calendar.mjs'
2026-10-08T19:29:34.9809145Z E         }
2026-10-08T19:29:34.9809321Z E         
2026-10-08T19:29:34.9809504Z E         Node.js v22.23.3
2026-10-08T19:29:34.9809724Z E         ")
2026-10-08T19:29:34.9809908Z E       assert 1 == 0
2026-10-08T19:29:34.9810825Z E        +  where 1 = CompletedProcess(args=['/usr/local/bin/node', '--input-type=module', '-e', '\nimport fs from "node:fs";\nimport path f...',\n  url: 'file:///home/runner/work/tastetable/tastetable/tools/saved_week_to_calendar.mjs'\n}\n\nNode.js v22.23.3\n").returncode
2026-10-08T19:29:34.9811713Z 
2026-10-08T19:29:34.9811894Z tests/test_saved_week_calendar_receiving_ultra.py:159: AssertionError
2026-10-08T19:29:34.9812406Z _ test_public_api_and_cli_refuse_whole_native_invalid_input[missing-calendar-id] _
2026-10-08T19:29:34.9812728Z 
2026-10-08T19:29:34.9813229Z week = {'format': 'tastetable.saved-week.v1', 'receivedAt': '2027-12-31T23:59:59.789Z', 'savedAt': '2028-02-27T19:08:07.006Z', 'calendarId': '0123456789abcdef0123456789abcdef', ...}
2026-10-08T19:29:34.9814057Z tmp_path = PosixPath('/tmp/pytest-of-runner/pytest-0/test_public_api_and_cli_refuse4')
2026-10-08T19:29:34.9814619Z case = 'missing-calendar-id'
2026-10-08T19:29:34.9814788Z 
2026-10-08T19:29:34.9814911Z     @pytest.mark.parametrize("case", BAD_NATIVE)
2026-10-08T19:29:34.9815570Z     def test_public_api_and_cli_refuse_whole_native_invalid_input(week, tmp_path, case):
2026-10-08T19:29:34.9816014Z         text = _bad_week(week, case)
2026-10-08T19:29:34.9816330Z         directory, source, output = _files(tmp_path, text)
2026-10-08T19:29:34.9816662Z         before = _snapshot(directory)
2026-10-08T19:29:34.9816931Z >       assert _api(text)["ok"] is False
2026-10-08T19:29:34.9817196Z                ^^^^^^^^^^
2026-10-08T19:29:34.9817330Z 
2026-10-08T19:29:34.9817476Z tests/test_saved_week_calendar_receiving_ultra.py:429: 
2026-10-08T19:29:34.9817843Z _ _ _ _ _ _ _ _ _ _ _ _ _ _ _ _ _ _ _ _ _ _ _ _ _ _ _ _ _ _ _ _ _ _ _ _ _ _ _ _ 
2026-10-08T19:29:34.9818244Z tests/test_saved_week_calendar_receiving_ultra.py:168: in _api
2026-10-08T19:29:34.9818699Z     return _run_node(NODE_API, {"text": text, "options": options})
2026-10-08T19:29:34.9819067Z            ^^^^^^^^^^^^^^^^^^^^^^^^^^^^^^^^^^^^^^^^^^^^^^^^^^^^^^^
2026-10-08T19:29:34.9819397Z _ _ _ _ _ _ _ _ _ _ _ _ _ _ _ _ _ _ _ _ _ _ _ _ _ _ _ _ _ _ _ _ _ _ _ _ _ _ _ _ 
2026-10-08T19:29:34.9819631Z 
2026-10-08T19:29:34.9820385Z script = '\nimport fs from "node:fs";\nimport path from "node:path";\nimport {pathToFileURL} from "node:url";\nconst root = pro...ery(Object.isFrozen)}}));\n} catch (error) { console.log(JSON.stringify({ok:false, error:String(error.message)})); }\n'
2026-10-08T19:29:34.9821912Z value = {'text': '{"format":"tastetable.saved-week.v1","receivedAt":"2027-12-31T23:59:59.789Z","savedAt":"2028-02-27T19:08:07....assignments":{"pick-0":"Thursday","pick-1":"Monday","pick-2":null,"pick-3":null,"pick-4":"Monday"}}}\n', 'options': {}}
2026-10-08T19:29:34.9822844Z 
2026-10-08T19:29:34.9822939Z     def _run_node(script, value):
2026-10-08T19:29:34.9823191Z         p = subprocess.run(
2026-10-08T19:29:34.9823491Z             [NODE, "--input-type=module", "-e", script, str(ROOT)],
2026-10-08T19:29:34.9823936Z             input=json.dumps(value, ensure_ascii=True).encode(), capture_output=True,
2026-10-08T19:29:34.9824331Z             cwd=ROOT, timeout=15,
2026-10-08T19:29:34.9824562Z         )
2026-10-08T19:29:34.9824987Z >       assert p.returncode == 0, (p.returncode, p.stdout.decode(errors="replace"), p.stderr.decode(errors="replace"))
2026-10-08T19:29:34.9825719Z E       AssertionError: (1, '', "node:internal/modules/esm/resolve:275
2026-10-08T19:29:34.9826088Z E             throw new ERR_MODULE_NOT_FOUND(
2026-10-08T19:29:34.9826362Z E                   ^
2026-10-08T19:29:34.9826563Z E         
2026-10-08T19:29:34.9826761Z E         Error [ERR_MODULE_...',
2026-10-08T19:29:34.9827167Z E           url: 'file:///home/runner/work/tastetable/tastetable/tools/saved_week_to_calendar.mjs'
2026-10-08T19:29:34.9827587Z E         }
2026-10-08T19:29:34.9827770Z E         
2026-10-08T19:29:34.9827957Z E         Node.js v22.23.3
2026-10-08T19:29:34.9828171Z E         ")
2026-10-08T19:29:34.9828360Z E       assert 1 == 0
2026-10-08T19:29:34.9829284Z E        +  where 1 = CompletedProcess(args=['/usr/local/bin/node', '--input-type=module', '-e', '\nimport fs from "node:fs";\nimport path f...',\n  url: 'file:///home/runner/work/tastetable/tastetable/tools/saved_week_to_calendar.mjs'\n}\n\nNode.js v22.23.3\n").returncode
2026-10-08T19:29:34.9830169Z 
2026-10-08T19:29:34.9830358Z tests/test_saved_week_calendar_receiving_ultra.py:159: AssertionError
2026-10-08T19:29:34.9830873Z _ test_public_api_and_cli_refuse_whole_native_invalid_input[mismatched-constraints] _
2026-10-08T19:29:34.9831209Z 
2026-10-08T19:29:34.9831705Z week = {'format': 'tastetable.saved-week.v1', 'receivedAt': '2027-12-31T23:59:59.789Z', 'savedAt': '2028-02-27T19:08:07.006Z', 'calendarId': '0123456789abcdef0123456789abcdef', ...}
2026-10-08T19:29:34.9832520Z tmp_path = PosixPath('/tmp/pytest-of-runner/pytest-0/test_public_api_and_cli_refuse5')
2026-10-08T19:29:34.9832960Z case = 'mismatched-constraints'
2026-10-08T19:29:34.9833132Z 
2026-10-08T19:29:34.9833370Z     @pytest.mark.parametrize("case", BAD_NATIVE)
2026-10-08T19:29:34.9833818Z     def test_public_api_and_cli_refuse_whole_native_invalid_input(week, tmp_path, case):
2026-10-08T19:29:34.9834252Z         text = _bad_week(week, case)
2026-10-08T19:29:34.9834555Z         directory, source, output = _files(tmp_path, text)
2026-10-08T19:29:34.9834876Z         before = _snapshot(directory)
2026-10-08T19:29:34.9835142Z >       assert _api(text)["ok"] is False
2026-10-08T19:29:34.9835522Z                ^^^^^^^^^^
2026-10-08T19:29:34.9835665Z 
2026-10-08T19:29:34.9835805Z tests/test_saved_week_calendar_receiving_ultra.py:429: 
2026-10-08T19:29:34.9836170Z _ _ _ _ _ _ _ _ _ _ _ _ _ _ _ _ _ _ _ _ _ _ _ _ _ _ _ _ _ _ _ _ _ _ _ _ _ _ _ _ 
2026-10-08T19:29:34.9836566Z tests/test_saved_week_calendar_receiving_ultra.py:168: in _api
2026-10-08T19:29:34.9836979Z     return _run_node(NODE_API, {"text": text, "options": options})
2026-10-08T19:29:34.9837343Z            ^^^^^^^^^^^^^^^^^^^^^^^^^^^^^^^^^^^^^^^^^^^^^^^^^^^^^^^
2026-10-08T19:29:34.9837672Z _ _ _ _ _ _ _ _ _ _ _ _ _ _ _ _ _ _ _ _ _ _ _ _ _ _ _ _ _ _ _ _ _ _ _ _ _ _ _ _ 
2026-10-08T19:29:34.9837905Z 
2026-10-08T19:29:34.9838647Z script = '\nimport fs from "node:fs";\nimport path from "node:path";\nimport {pathToFileURL} from "node:url";\nconst root = pro...ery(Object.isFrozen)}}));\n} catch (error) { console.log(JSON.stringify({ok:false, error:String(error.message)})); }\n'
2026-10-08T19:29:34.9840168Z value = {'text': '{"format":"tastetable.saved-week.v1","receivedAt":"2027-12-31T23:59:59.789Z","savedAt":"2028-02-27T19:08:07....assignments":{"pick-0":"Thursday","pick-1":"Monday","pick-2":null,"pick-3":null,"pick-4":"Monday"}}}\n', 'options': {}}
2026-10-08T19:29:34.9841124Z 
2026-10-08T19:29:34.9841218Z     def _run_node(script, value):
2026-10-08T19:29:34.9841478Z         p = subprocess.run(
2026-10-08T19:29:34.9841768Z             [NODE, "--input-type=module", "-e", script, str(ROOT)],
2026-10-08T19:29:34.9842210Z             input=json.dumps(value, ensure_ascii=True).encode(), capture_output=True,
2026-10-08T19:29:34.9842604Z             cwd=ROOT, timeout=15,
2026-10-08T19:29:34.9842834Z         )
2026-10-08T19:29:34.9843257Z >       assert p.returncode == 0, (p.returncode, p.stdout.decode(errors="replace"), p.stderr.decode(errors="replace"))
2026-10-08T19:29:34.9843841Z E       AssertionError: (1, '', "node:internal/modules/esm/resolve:275
2026-10-08T19:29:34.9844207Z E             throw new ERR_MODULE_NOT_FOUND(
2026-10-08T19:29:34.9844474Z E                   ^
2026-10-08T19:29:34.9844680Z E         
2026-10-08T19:29:34.9844869Z E         Error [ERR_MODULE_...',
2026-10-08T19:29:34.9845523Z E           url: 'file:///home/runner/work/tastetable/tastetable/tools/saved_week_to_calendar.mjs'
2026-10-08T19:29:34.9845986Z E         }
2026-10-08T19:29:34.9846167Z E         
2026-10-08T19:29:34.9846364Z E         Node.js v22.23.3
2026-10-08T19:29:34.9846584Z E         ")
2026-10-08T19:29:34.9846770Z E       assert 1 == 0
2026-10-08T19:29:34.9847702Z E        +  where 1 = CompletedProcess(args=['/usr/local/bin/node', '--input-type=module', '-e', '\nimport fs from "node:fs";\nimport path f...',\n  url: 'file:///home/runner/work/tastetable/tastetable/tools/saved_week_to_calendar.mjs'\n}\n\nNode.js v22.23.3\n").returncode
2026-10-08T19:29:34.9848583Z 
2026-10-08T19:29:34.9848771Z tests/test_saved_week_calendar_receiving_ultra.py:159: AssertionError
2026-10-08T19:29:34.9849286Z _ test_public_api_and_cli_refuse_whole_native_invalid_input[control-in-omitted-pick] _
2026-10-08T19:29:34.9849622Z 
2026-10-08T19:29:34.9850115Z week = {'format': 'tastetable.saved-week.v1', 'receivedAt': '2027-12-31T23:59:59.789Z', 'savedAt': '2028-02-27T19:08:07.006Z', 'calendarId': '0123456789abcdef0123456789abcdef', ...}
2026-10-08T19:29:34.9850934Z tmp_path = PosixPath('/tmp/pytest-of-runner/pytest-0/test_public_api_and_cli_refuse6')
2026-10-08T19:29:34.9851370Z case = 'control-in-omitted-pick'
2026-10-08T19:29:34.9851546Z 
2026-10-08T19:29:34.9851793Z     @pytest.mark.parametrize("case", BAD_NATIVE)
2026-10-08T19:29:34.9852243Z     def test_public_api_and_cli_refuse_whole_native_invalid_input(week, tmp_path, case):
2026-10-08T19:29:34.9852663Z         text = _bad_week(week, case)
2026-10-08T19:29:34.9852970Z         directory, source, output = _files(tmp_path, text)
2026-10-08T19:29:34.9853293Z         before = _snapshot(directory)
2026-10-08T19:29:34.9853558Z >       assert _api(text)["ok"] is False
2026-10-08T19:29:34.9853811Z                ^^^^^^^^^^
2026-10-08T19:29:34.9853952Z 
2026-10-08T19:29:34.9854097Z tests/test_saved_week_calendar_receiving_ultra.py:429: 
2026-10-08T19:29:34.9854462Z _ _ _ _ _ _ _ _ _ _ _ _ _ _ _ _ _ _ _ _ _ _ _ _ _ _ _ _ _ _ _ _ _ _ _ _ _ _ _ _ 
2026-10-08T19:29:34.9854860Z tests/test_saved_week_calendar_receiving_ultra.py:168: in _api
2026-10-08T19:29:34.9855483Z     return _run_node(NODE_API, {"text": text, "options": options})
2026-10-08T19:29:34.9855859Z            ^^^^^^^^^^^^^^^^^^^^^^^^^^^^^^^^^^^^^^^^^^^^^^^^^^^^^^^
2026-10-08T19:29:34.9856193Z _ _ _ _ _ _ _ _ _ _ _ _ _ _ _ _ _ _ _ _ _ _ _ _ _ _ _ _ _ _ _ _ _ _ _ _ _ _ _ _ 
2026-10-08T19:29:34.9856431Z 
2026-10-08T19:29:34.9857175Z script = '\nimport fs from "node:fs";\nimport path from "node:path";\nimport {pathToFileURL} from "node:url";\nconst root = pro...ery(Object.isFrozen)}}));\n} catch (error) { console.log(JSON.stringify({ok:false, error:String(error.message)})); }\n'
2026-10-08T19:29:34.9858706Z value = {'text': '{"format":"tastetable.saved-week.v1","receivedAt":"2027-12-31T23:59:59.789Z","savedAt":"2028-02-27T19:08:07....assignments":{"pick-0":"Thursday","pick-1":"Monday","pick-2":null,"pick-3":null,"pick-4":"Monday"}}}\n', 'options': {}}
2026-10-08T19:29:34.9859678Z 
2026-10-08T19:29:34.9859779Z     def _run_node(script, value):
2026-10-08T19:29:34.9860032Z         p = subprocess.run(
2026-10-08T19:29:34.9860328Z             [NODE, "--input-type=module", "-e", script, str(ROOT)],
2026-10-08T19:29:34.9860774Z             input=json.dumps(value, ensure_ascii=True).encode(), capture_output=True,
2026-10-08T19:29:34.9861166Z             cwd=ROOT, timeout=15,
2026-10-08T19:29:34.9861395Z         )
2026-10-08T19:29:34.9861821Z >       assert p.returncode == 0, (p.returncode, p.stdout.decode(errors="replace"), p.stderr.decode(errors="replace"))
2026-10-08T19:29:34.9862404Z E       AssertionError: (1, '', "node:internal/modules/esm/resolve:275
2026-10-08T19:29:34.9862772Z E             throw new ERR_MODULE_NOT_FOUND(
2026-10-08T19:29:34.9863049Z E                   ^
2026-10-08T19:29:34.9863245Z E         
2026-10-08T19:29:34.9863441Z E         Error [ERR_MODULE_...',
2026-10-08T19:29:34.9863845Z E           url: 'file:///home/runner/work/tastetable/tastetable/tools/saved_week_to_calendar.mjs'
2026-10-08T19:29:34.9864265Z E         }
2026-10-08T19:29:34.9864442Z E         
2026-10-08T19:29:34.9864631Z E         Node.js v22.23.3
2026-10-08T19:29:34.9864844Z E         ")
2026-10-08T19:29:34.9865028Z E       assert 1 == 0
2026-10-08T19:29:34.9866078Z E        +  where 1 = CompletedProcess(args=['/usr/local/bin/node', '--input-type=module', '-e', '\nimport fs from "node:fs";\nimport path f...',\n  url: 'file:///home/runner/work/tastetable/tastetable/tools/saved_week_to_calendar.mjs'\n}\n\nNode.js v22.23.3\n").returncode
2026-10-08T19:29:34.9866960Z 
2026-10-08T19:29:34.9867147Z tests/test_saved_week_calendar_receiving_ultra.py:159: AssertionError
2026-10-08T19:29:34.9867640Z _ test_public_api_and_cli_refuse_whole_native_invalid_input[surrogate-in-source] _
2026-10-08T19:29:34.9867960Z 
2026-10-08T19:29:34.9868461Z week = {'format': 'tastetable.saved-week.v1', 'receivedAt': '2027-12-31T23:59:59.789Z', 'savedAt': '2028-02-27T19:08:07.006Z', 'calendarId': '0123456789abcdef0123456789abcdef', ...}
2026-10-08T19:29:34.9869283Z tmp_path = PosixPath('/tmp/pytest-of-runner/pytest-0/test_public_api_and_cli_refuse7')
2026-10-08T19:29:34.9869712Z case = 'surrogate-in-source'
2026-10-08T19:29:34.9869874Z 
2026-10-08T19:29:34.9870001Z     @pytest.mark.parametrize("case", BAD_NATIVE)
2026-10-08T19:29:34.9870552Z     def test_public_api_and_cli_refuse_whole_native_invalid_input(week, tmp_path, case):
2026-10-08T19:29:34.9870977Z         text = _bad_week(week, case)
2026-10-08T19:29:34.9871284Z         directory, source, output = _files(tmp_path, text)
2026-10-08T19:29:34.9871602Z         before = _snapshot(directory)
2026-10-08T19:29:34.9871868Z >       assert _api(text)["ok"] is False
2026-10-08T19:29:34.9872122Z                ^^^^^^^^^^
2026-10-08T19:29:34.9872263Z 
2026-10-08T19:29:34.9872404Z tests/test_saved_week_calendar_receiving_ultra.py:429: 
2026-10-08T19:29:34.9872773Z _ _ _ _ _ _ _ _ _ _ _ _ _ _ _ _ _ _ _ _ _ _ _ _ _ _ _ _ _ _ _ _ _ _ _ _ _ _ _ _ 
2026-10-08T19:29:34.9873177Z tests/test_saved_week_calendar_receiving_ultra.py:168: in _api
2026-10-08T19:29:34.9873590Z     return _run_node(NODE_API, {"text": text, "options": options})
2026-10-08T19:29:34.9873946Z            ^^^^^^^^^^^^^^^^^^^^^^^^^^^^^^^^^^^^^^^^^^^^^^^^^^^^^^^
2026-10-08T19:29:34.9874278Z _ _ _ _ _ _ _ _ _ _ _ _ _ _ _ _ _ _ _ _ _ _ _ _ _ _ _ _ _ _ _ _ _ _ _ _ _ _ _ _ 
2026-10-08T19:29:34.9874515Z 
2026-10-08T19:29:34.9875370Z script = '\nimport fs from "node:fs";\nimport path from "node:path";\nimport {pathToFileURL} from "node:url";\nconst root = pro...ery(Object.isFrozen)}}));\n} catch (error) { console.log(JSON.stringify({ok:false, error:String(error.message)})); }\n'
2026-10-08T19:29:34.9876904Z value = {'text': '{"format":"tastetable.saved-week.v1","receivedAt":"2027-12-31T23:59:59.789Z","savedAt":"2028-02-27T19:08:07....assignments":{"pick-0":"Thursday","pick-1":"Monday","pick-2":null,"pick-3":null,"pick-4":"Monday"}}}\n', 'options': {}}
2026-10-08T19:29:34.9877816Z 
2026-10-08T19:29:34.9877916Z     def _run_node(script, value):
2026-10-08T19:29:34.9878167Z         p = subprocess.run(
2026-10-08T19:29:34.9878458Z             [NODE, "--input-type=module", "-e", script, str(ROOT)],
2026-10-08T19:29:34.9878902Z             input=json.dumps(value, ensure_ascii=True).encode(), capture_output=True,
2026-10-08T19:29:34.9879294Z             cwd=ROOT, timeout=15,
2026-10-08T19:29:34.9879520Z         )
2026-10-08T19:29:34.9879936Z >       assert p.returncode == 0, (p.returncode, p.stdout.decode(errors="replace"), p.stderr.decode(errors="replace"))
2026-10-08T19:29:34.9880519Z E       AssertionError: (1, '', "node:internal/modules/esm/resolve:275
2026-10-08T19:29:34.9880887Z E             throw new ERR_MODULE_NOT_FOUND(
2026-10-08T19:29:34.9881150Z E                   ^
2026-10-08T19:29:34.9881346Z E         
2026-10-08T19:29:34.9881532Z E         Error [ERR_MODULE_...',
2026-10-08T19:29:34.9881941Z E           url: 'file:///home/runner/work/tastetable/tastetable/tools/saved_week_to_calendar.mjs'
2026-10-08T19:29:34.9882364Z E         }
2026-10-08T19:29:34.9882539Z E         
2026-10-08T19:29:34.9882721Z E         Node.js v22.23.3
2026-10-08T19:29:34.9882932Z E         ")
2026-10-08T19:29:34.9883116Z E       assert 1 == 0
2026-10-08T19:29:34.9884039Z E        +  where 1 = CompletedProcess(args=['/usr/local/bin/node', '--input-type=module', '-e', '\nimport fs from "node:fs";\nimport path f...',\n  url: 'file:///home/runner/work/tastetable/tastetable/tools/saved_week_to_calendar.mjs'\n}\n\nNode.js v22.23.3\n").returncode
2026-10-08T19:29:34.9884951Z 
2026-10-08T19:29:34.9885140Z tests/test_saved_week_calendar_receiving_ultra.py:159: AssertionError
2026-10-08T19:29:34.9885910Z _ test_public_api_and_cli_refuse_whole_native_invalid_input[duplicate-original-slot] _
2026-10-08T19:29:34.9886256Z 
2026-10-08T19:29:34.9886747Z week = {'format': 'tastetable.saved-week.v1', 'receivedAt': '2027-12-31T23:59:59.789Z', 'savedAt': '2028-02-27T19:08:07.006Z', 'calendarId': '0123456789abcdef0123456789abcdef', ...}
2026-10-08T19:29:34.9887566Z tmp_path = PosixPath('/tmp/pytest-of-runner/pytest-0/test_public_api_and_cli_refuse8')
2026-10-08T19:29:34.9888003Z case = 'duplicate-original-slot'
2026-10-08T19:29:34.9888177Z 
2026-10-08T19:29:34.9888302Z     @pytest.mark.parametrize("case", BAD_NATIVE)
2026-10-08T19:29:34.9888864Z     def test_public_api_and_cli_refuse_whole_native_invalid_input(week, tmp_path, case):
2026-10-08T19:29:34.9889290Z         text = _bad_week(week, case)
2026-10-08T19:29:34.9889592Z         directory, source, output = _files(tmp_path, text)
2026-10-08T19:29:34.9890315Z         before = _snapshot(directory)
2026-10-08T19:29:34.9890693Z >       assert _api(text)["ok"] is False
2026-10-08T19:29:34.9891031Z                ^^^^^^^^^^
2026-10-08T19:29:34.9891254Z 
2026-10-08T19:29:34.9891492Z tests/test_saved_week_calendar_receiving_ultra.py:429: 
2026-10-08T19:29:34.9892009Z _ _ _ _ _ _ _ _ _ _ _ _ _ _ _ _ _ _ _ _ _ _ _ _ _ _ _ _ _ _ _ _ _ _ _ _ _ _ _ _ 
2026-10-08T19:29:34.9892541Z tests/test_saved_week_calendar_receiving_ultra.py:168: in _api
2026-10-08T19:29:34.9893078Z     return _run_node(NODE_API, {"text": text, "options": options})
2026-10-08T19:29:34.9893540Z            ^^^^^^^^^^^^^^^^^^^^^^^^^^^^^^^^^^^^^^^^^^^^^^^^^^^^^^^
2026-10-08T19:29:34.9894099Z _ _ _ _ _ _ _ _ _ _ _ _ _ _ _ _ _ _ _ _ _ _ _ _ _ _ _ _ _ _ _ _ _ _ _ _ _ _ _ _ 
2026-10-08T19:29:34.9894373Z 
2026-10-08T19:29:34.9895198Z script = '\nimport fs from "node:fs";\nimport path from "node:path";\nimport {pathToFileURL} from "node:url";\nconst root = pro...ery(Object.isFrozen)}}));\n} catch (error) { console.log(JSON.stringify({ok:false, error:String(error.message)})); }\n'
2026-10-08T19:29:34.9897432Z value = {'text': '{"format":"tastetable.saved-week.v1","receivedAt":"2027-12-31T23:59:59.789Z","savedAt":"2028-02-27T19:08:07....assignments":{"pick-0":"Thursday","pick-1":"Monday","pick-2":null,"pick-3":null,"pick-4":"Monday"}}}\n', 'options': {}}
2026-10-08T19:29:34.9898495Z 
2026-10-08T19:29:34.9898631Z     def _run_node(script, value):
2026-10-08T19:29:34.9898995Z         p = subprocess.run(
2026-10-08T19:29:34.9899527Z             [NODE, "--input-type=module", "-e", script, str(ROOT)],
2026-10-08T19:29:34.9900076Z             input=json.dumps(value, ensure_ascii=True).encode(), capture_output=True,
2026-10-08T19:29:34.9900600Z             cwd=ROOT, timeout=15,
2026-10-08T19:29:34.9900944Z         )
2026-10-08T19:29:34.9901476Z >       assert p.returncode == 0, (p.returncode, p.stdout.decode(errors="replace"), p.stderr.decode(errors="replace"))
2026-10-08T19:29:34.9902241Z E       AssertionError: (1, '', "node:internal/modules/esm/resolve:275
2026-10-08T19:29:34.9902707Z E             throw new ERR_MODULE_NOT_FOUND(
2026-10-08T19:29:34.9903139Z E                   ^
2026-10-08T19:29:34.9903458Z E         
2026-10-08T19:29:34.9903728Z E         Error [ERR_MODULE_...',
2026-10-08T19:29:34.9916572Z E           url: 'file:///home/runner/work/tastetable/tastetable/tools/saved_week_to_calendar.mjs'
2026-10-08T19:29:34.9917348Z E         }
2026-10-08T19:29:34.9917602Z E         
2026-10-08T19:29:34.9917937Z E         Node.js v22.23.3
2026-10-08T19:29:34.9918167Z E         ")
2026-10-08T19:29:34.9918356Z E       assert 1 == 0
2026-10-08T19:29:34.9919290Z E        +  where 1 = CompletedProcess(args=['/usr/local/bin/node', '--input-type=module', '-e', '\nimport fs from "node:fs";\nimport path f...',\n  url: 'file:///home/runner/work/tastetable/tastetable/tools/saved_week_to_calendar.mjs'\n}\n\nNode.js v22.23.3\n").returncode
2026-10-08T19:29:34.9920179Z 
2026-10-08T19:29:34.9920370Z tests/test_saved_week_calendar_receiving_ultra.py:159: AssertionError
2026-10-08T19:29:34.9920863Z ____ test_public_api_and_cli_refuse_whole_native_invalid_input[empty-plan] _____
2026-10-08T19:29:34.9921176Z 
2026-10-08T19:29:34.9921666Z week = {'format': 'tastetable.saved-week.v1', 'receivedAt': '2027-12-31T23:59:59.789Z', 'savedAt': '2028-02-27T19:08:07.006Z', 'calendarId': '0123456789abcdef0123456789abcdef', ...}
2026-10-08T19:29:34.9922492Z tmp_path = PosixPath('/tmp/pytest-of-runner/pytest-0/test_public_api_and_cli_refuse9')
2026-10-08T19:29:34.9922918Z case = 'empty-plan'
2026-10-08T19:29:34.9923048Z 
2026-10-08T19:29:34.9923177Z     @pytest.mark.parametrize("case", BAD_NATIVE)
2026-10-08T19:29:34.9923617Z     def test_public_api_and_cli_refuse_whole_native_invalid_input(week, tmp_path, case):
2026-10-08T19:29:34.9924224Z         text = _bad_week(week, case)
2026-10-08T19:29:34.9924545Z         directory, source, output = _files(tmp_path, text)
2026-10-08T19:29:34.9924876Z         before = _snapshot(directory)
2026-10-08T19:29:34.9925151Z >       assert _api(text)["ok"] is False
2026-10-08T19:29:34.9925741Z                ^^^^^^^^^^
2026-10-08T19:29:34.9925881Z 
2026-10-08T19:29:34.9926031Z tests/test_saved_week_calendar_receiving_ultra.py:429: 
2026-10-08T19:29:34.9926400Z _ _ _ _ _ _ _ _ _ _ _ _ _ _ _ _ _ _ _ _ _ _ _ _ _ _ _ _ _ _ _ _ _ _ _ _ _ _ _ _ 
2026-10-08T19:29:34.9926807Z tests/test_saved_week_calendar_receiving_ultra.py:168: in _api
2026-10-08T19:29:34.9927221Z     return _run_node(NODE_API, {"text": text, "options": options})
2026-10-08T19:29:34.9927580Z            ^^^^^^^^^^^^^^^^^^^^^^^^^^^^^^^^^^^^^^^^^^^^^^^^^^^^^^^
2026-10-08T19:29:34.9927910Z _ _ _ _ _ _ _ _ _ _ _ _ _ _ _ _ _ _ _ _ _ _ _ _ _ _ _ _ _ _ _ _ _ _ _ _ _ _ _ _ 
2026-10-08T19:29:34.9928158Z 
2026-10-08T19:29:34.9928923Z script = '\nimport fs from "node:fs";\nimport path from "node:path";\nimport {pathToFileURL} from "node:url";\nconst root = pro...ery(Object.isFrozen)}}));\n} catch (error) { console.log(JSON.stringify({ok:false, error:String(error.message)})); }\n'
2026-10-08T19:29:34.9930467Z value = {'text': '{"format":"tastetable.saved-week.v1","receivedAt":"2027-12-31T23:59:59.789Z","savedAt":"2028-02-27T19:08:07....":"4/5 passed","step":8,"tool":"constraint_check"}]},"week":{"start":"2028-02-28","assignments":{}}}\n', 'options': {}}
2026-10-08T19:29:34.9931244Z 
2026-10-08T19:29:34.9931530Z     def _run_node(script, value):
2026-10-08T19:29:34.9931793Z         p = subprocess.run(
2026-10-08T19:29:34.9932091Z             [NODE, "--input-type=module", "-e", script, str(ROOT)],
2026-10-08T19:29:34.9932543Z             input=json.dumps(value, ensure_ascii=True).encode(), capture_output=True,
2026-10-08T19:29:34.9932943Z             cwd=ROOT, timeout=15,
2026-10-08T19:29:34.9933189Z         )
2026-10-08T19:29:34.9933624Z >       assert p.returncode == 0, (p.returncode, p.stdout.decode(errors="replace"), p.stderr.decode(errors="replace"))
2026-10-08T19:29:34.9934222Z E       AssertionError: (1, '', "node:internal/modules/esm/resolve:275
2026-10-08T19:29:34.9934591Z E             throw new ERR_MODULE_NOT_FOUND(
2026-10-08T19:29:34.9934865Z E                   ^
2026-10-08T19:29:34.9935071Z E         
2026-10-08T19:29:34.9935514Z E         Error [ERR_MODULE_...',
2026-10-08T19:29:34.9936114Z E           url: 'file:///home/runner/work/tastetable/tastetable/tools/saved_week_to_calendar.mjs'
2026-10-08T19:29:34.9936560Z E         }
2026-10-08T19:29:34.9936750Z E         
2026-10-08T19:29:34.9936947Z E         Node.js v22.23.3
2026-10-08T19:29:34.9937165Z E         ")
2026-10-08T19:29:34.9937355Z E       assert 1 == 0
2026-10-08T19:29:34.9938294Z E        +  where 1 = CompletedProcess(args=['/usr/local/bin/node', '--input-type=module', '-e', '\nimport fs from "node:fs";\nimport path f...',\n  url: 'file:///home/runner/work/tastetable/tastetable/tools/saved_week_to_calendar.mjs'\n}\n\nNode.js v22.23.3\n").returncode
2026-10-08T19:29:34.9939189Z 
2026-10-08T19:29:34.9939377Z tests/test_saved_week_calendar_receiving_ultra.py:159: AssertionError
2026-10-08T19:29:34.9939868Z _______ test_actual_cli_strict_bytes_and_size_are_atomic[trailing-junk] ________
2026-10-08T19:29:34.9940181Z 
2026-10-08T19:29:34.9940681Z week = {'format': 'tastetable.saved-week.v1', 'receivedAt': '2027-12-31T23:59:59.789Z', 'savedAt': '2028-02-27T19:08:07.006Z', 'calendarId': '0123456789abcdef0123456789abcdef', ...}
2026-10-08T19:29:34.9941514Z tmp_path = PosixPath('/tmp/pytest-of-runner/pytest-0/test_actual_cli_strict_bytes_a0')
2026-10-08T19:29:34.9941942Z case = 'trailing-junk'
2026-10-08T19:29:34.9942077Z 
2026-10-08T19:29:34.9942461Z     @pytest.mark.parametrize("case", ["trailing-junk", "double-bom", "invalid-utf8", "overlong-utf8", "utf8-surrogate", "oversize"])
2026-10-08T19:29:34.9943138Z     def test_actual_cli_strict_bytes_and_size_are_atomic(week, tmp_path, case):
2026-10-08T19:29:34.9943671Z         text = _text(week)
2026-10-08T19:29:34.9943913Z         data = text.encode()
2026-10-08T19:29:34.9944158Z         if case == "trailing-junk":
2026-10-08T19:29:34.9944420Z             data += b"{}"
2026-10-08T19:29:34.9944649Z         elif case == "double-bom":
2026-10-08T19:29:34.9944929Z             data = b"\xef\xbb\xbf\xef\xbb\xbf" + data
2026-10-08T19:29:34.9945403Z         elif case == "invalid-utf8":
2026-10-08T19:29:34.9945734Z             data = data.replace(b"Pasadena", b"Pasa\xffdena")
2026-10-08T19:29:34.9946070Z         elif case == "overlong-utf8":
2026-10-08T19:29:34.9946384Z             data = data.replace(b"Pasadena", b"Pasa\xc0\xafdena")
2026-10-08T19:29:34.9946721Z         elif case == "utf8-surrogate":
2026-10-08T19:29:34.9947044Z             data = data.replace(b"Pasadena", b"Pasa\xed\xa0\x80dena")
2026-10-08T19:29:34.9947392Z         elif case == "oversize":
2026-10-08T19:29:34.9947679Z             data += b" " * (4 * 1024 * 1024 + 1 - len(data))
2026-10-08T19:29:34.9948037Z         directory, source, output = _files(tmp_path, text)
2026-10-08T19:29:34.9948355Z         source.write_bytes(data)
2026-10-08T19:29:34.9948607Z         before = _snapshot(directory)
2026-10-08T19:29:34.9948901Z         p = _cli(["--input", source, "--output", output])
2026-10-08T19:29:34.9949311Z >       assert p.returncode == 2 and p.stdout == b"", (p.returncode, p.stderr)
2026-10-08T19:29:34.9949768Z E       AssertionError: (1, b"node:internal/modules/cjs/loader:1433
2026-10-08T19:29:34.9950106Z E           throw err;
2026-10-08T19:29:34.9950450Z E           ^
2026-10-08T19:29:34.9950638Z E         
2026-10-08T19:29:34.9951036Z E         Error: Cannot find module '/home/runner/work/tasteta... node:internal/main/run_main_module:36:49 {
2026-10-08T19:29:34.9951518Z E           code: 'MODULE_NOT_FOUND',
2026-10-08T19:29:34.9951777Z E           requireStack: []
2026-10-08T19:29:34.9951998Z E         }
2026-10-08T19:29:34.9952180Z E         
2026-10-08T19:29:34.9952370Z E         Node.js v22.23.3
2026-10-08T19:29:34.9952590Z E         ")
2026-10-08T19:29:34.9952781Z E       assert (1 == 2)
2026-10-08T19:29:34.9953732Z E        +  where 1 = CompletedProcess(args=['/usr/local/bin/node', '/home/runner/work/tastetable/tastetable/tools/saved_week_to_calendar.mj... node:internal/main/run_main_module:36:49 {\n  code: 'MODULE_NOT_FOUND',\n  requireStack: []\n}\n\nNode.js v22.23.3\n").returncode
2026-10-08T19:29:34.9954624Z 
2026-10-08T19:29:34.9954811Z tests/test_saved_week_calendar_receiving_ultra.py:456: AssertionError
2026-10-08T19:29:34.9955433Z _________ test_actual_cli_strict_bytes_and_size_are_atomic[double-bom] _________
2026-10-08T19:29:34.9955743Z 
2026-10-08T19:29:34.9956236Z week = {'format': 'tastetable.saved-week.v1', 'receivedAt': '2027-12-31T23:59:59.789Z', 'savedAt': '2028-02-27T19:08:07.006Z', 'calendarId': '0123456789abcdef0123456789abcdef', ...}
2026-10-08T19:29:34.9957053Z tmp_path = PosixPath('/tmp/pytest-of-runner/pytest-0/test_actual_cli_strict_bytes_a1')
2026-10-08T19:29:34.9957478Z case = 'double-bom'
2026-10-08T19:29:34.9957613Z 
2026-10-08T19:29:34.9957999Z     @pytest.mark.parametrize("case", ["trailing-junk", "double-bom", "invalid-utf8", "overlong-utf8", "utf8-surrogate", "oversize"])
2026-10-08T19:29:34.9958673Z     def test_actual_cli_strict_bytes_and_size_are_atomic(week, tmp_path, case):
2026-10-08T19:29:34.9959058Z         text = _text(week)
2026-10-08T19:29:34.9959287Z         data = text.encode()
2026-10-08T19:29:34.9959533Z         if case == "trailing-junk":
2026-10-08T19:29:34.9959784Z             data += b"{}"
2026-10-08T19:29:34.9960019Z         elif case == "double-bom":
2026-10-08T19:29:34.9960301Z             data = b"\xef\xbb\xbf\xef\xbb\xbf" + data
2026-10-08T19:29:34.9960600Z         elif case == "invalid-utf8":
2026-10-08T19:29:34.9960914Z             data = data.replace(b"Pasadena", b"Pasa\xffdena")
2026-10-08T19:29:34.9961235Z         elif case == "overlong-utf8":
2026-10-08T19:29:34.9961544Z             data = data.replace(b"Pasadena", b"Pasa\xc0\xafdena")
2026-10-08T19:29:34.9961995Z         elif case == "utf8-surrogate":
2026-10-08T19:29:34.9962323Z             data = data.replace(b"Pasadena", b"Pasa\xed\xa0\x80dena")
2026-10-08T19:29:34.9962661Z         elif case == "oversize":
2026-10-08T19:29:34.9962933Z             data += b" " * (4 * 1024 * 1024 + 1 - len(data))
2026-10-08T19:29:34.9963276Z         directory, source, output = _files(tmp_path, text)
2026-10-08T19:29:34.9963591Z         source.write_bytes(data)
2026-10-08T19:29:34.9963849Z         before = _snapshot(directory)
2026-10-08T19:29:34.9964146Z         p = _cli(["--input", source, "--output", output])
2026-10-08T19:29:34.9964559Z >       assert p.returncode == 2 and p.stdout == b"", (p.returncode, p.stderr)
2026-10-08T19:29:34.9965009Z E       AssertionError: (1, b"node:internal/modules/cjs/loader:1433
2026-10-08T19:29:34.9965585Z E           throw err;
2026-10-08T19:29:34.9965803Z E           ^
2026-10-08T19:29:34.9965994Z E         
2026-10-08T19:29:34.9966407Z E         Error: Cannot find module '/home/runner/work/tasteta... node:internal/main/run_main_module:36:49 {
2026-10-08T19:29:34.9966905Z E           code: 'MODULE_NOT_FOUND',
2026-10-08T19:29:34.9967167Z E           requireStack: []
2026-10-08T19:29:34.9967401Z E         }
2026-10-08T19:29:34.9967579Z E         
2026-10-08T19:29:34.9967764Z E         Node.js v22.23.3
2026-10-08T19:29:34.9967976Z E         ")
2026-10-08T19:29:34.9968170Z E       assert (1 == 2)
2026-10-08T19:29:34.9969116Z E        +  where 1 = CompletedProcess(args=['/usr/local/bin/node', '/home/runner/work/tastetable/tastetable/tools/saved_week_to_calendar.mj... node:internal/main/run_main_module:36:49 {\n  code: 'MODULE_NOT_FOUND',\n  requireStack: []\n}\n\nNode.js v22.23.3\n").returncode
2026-10-08T19:29:34.9970144Z 
2026-10-08T19:29:34.9970327Z tests/test_saved_week_calendar_receiving_ultra.py:456: AssertionError
2026-10-08T19:29:34.9970811Z ________ test_actual_cli_strict_bytes_and_size_are_atomic[invalid-utf8] ________
2026-10-08T19:29:34.9971121Z 
2026-10-08T19:29:34.9971624Z week = {'format': 'tastetable.saved-week.v1', 'receivedAt': '2027-12-31T23:59:59.789Z', 'savedAt': '2028-02-27T19:08:07.006Z', 'calendarId': '0123456789abcdef0123456789abcdef', ...}
2026-10-08T19:29:34.9972449Z tmp_path = PosixPath('/tmp/pytest-of-runner/pytest-0/test_actual_cli_strict_bytes_a2')
2026-10-08T19:29:34.9972875Z case = 'invalid-utf8'
2026-10-08T19:29:34.9973011Z 
2026-10-08T19:29:34.9973389Z     @pytest.mark.parametrize("case", ["trailing-junk", "double-bom", "invalid-utf8", "overlong-utf8", "utf8-surrogate", "oversize"])
2026-10-08T19:29:34.9974078Z     def test_actual_cli_strict_bytes_and_size_are_atomic(week, tmp_path, case):
2026-10-08T19:29:34.9974464Z         text = _text(week)
2026-10-08T19:29:34.9974692Z         data = text.encode()
2026-10-08T19:29:34.9974942Z         if case == "trailing-junk":
2026-10-08T19:29:34.9975195Z             data += b"{}"
2026-10-08T19:29:34.9975771Z         elif case == "double-bom":
2026-10-08T19:29:34.9976076Z             data = b"\xef\xbb\xbf\xef\xbb\xbf" + data
2026-10-08T19:29:34.9976386Z         elif case == "invalid-utf8":
2026-10-08T19:29:34.9976698Z             data = data.replace(b"Pasadena", b"Pasa\xffdena")
2026-10-08T19:29:34.9977033Z         elif case == "overlong-utf8":
2026-10-08T19:29:34.9977350Z             data = data.replace(b"Pasadena", b"Pasa\xc0\xafdena")
2026-10-08T19:29:34.9977683Z         elif case == "utf8-surrogate":
2026-10-08T19:29:34.9978003Z             data = data.replace(b"Pasadena", b"Pasa\xed\xa0\x80dena")
2026-10-08T19:29:34.9978338Z         elif case == "oversize":
2026-10-08T19:29:34.9978626Z             data += b" " * (4 * 1024 * 1024 + 1 - len(data))
2026-10-08T19:29:34.9978974Z         directory, source, output = _files(tmp_path, text)
2026-10-08T19:29:34.9979289Z         source.write_bytes(data)
2026-10-08T19:29:34.9979541Z         before = _snapshot(directory)
2026-10-08T19:29:34.9979835Z         p = _cli(["--input", source, "--output", output])
2026-10-08T19:29:34.9980374Z >       assert p.returncode == 2 and p.stdout == b"", (p.returncode, p.stderr)
2026-10-08T19:29:34.9980827Z E       AssertionError: (1, b"node:internal/modules/cjs/loader:1433
2026-10-08T19:29:34.9981161Z E           throw err;
2026-10-08T19:29:34.9981362Z E           ^
2026-10-08T19:29:34.9981545Z E         
2026-10-08T19:29:34.9981940Z E         Error: Cannot find module '/home/runner/work/tasteta... node:internal/main/run_main_module:36:49 {
2026-10-08T19:29:34.9982430Z E           code: 'MODULE_NOT_FOUND',
2026-10-08T19:29:34.9982686Z E           requireStack: []
2026-10-08T19:29:34.9982908Z E         }
2026-10-08T19:29:34.9983087Z E         
2026-10-08T19:29:34.9983278Z E         Node.js v22.23.3
2026-10-08T19:29:34.9983492Z E         ")
2026-10-08T19:29:34.9983681Z E       assert (1 == 2)
2026-10-08T19:29:34.9984622Z E        +  where 1 = CompletedProcess(args=['/usr/local/bin/node', '/home/runner/work/tastetable/tastetable/tools/saved_week_to_calendar.mj... node:internal/main/run_main_module:36:49 {\n  code: 'MODULE_NOT_FOUND',\n  requireStack: []\n}\n\nNode.js v22.23.3\n").returncode
2026-10-08T19:29:34.9985720Z 
2026-10-08T19:29:34.9985910Z tests/test_saved_week_calendar_receiving_ultra.py:456: AssertionError
2026-10-08T19:29:34.9986395Z _______ test_actual_cli_strict_bytes_and_size_are_atomic[overlong-utf8] ________
2026-10-08T19:29:34.9986694Z 
2026-10-08T19:29:34.9987191Z week = {'format': 'tastetable.saved-week.v1', 'receivedAt': '2027-12-31T23:59:59.789Z', 'savedAt': '2028-02-27T19:08:07.006Z', 'calendarId': '0123456789abcdef0123456789abcdef', ...}
2026-10-08T19:29:34.9988132Z tmp_path = PosixPath('/tmp/pytest-of-runner/pytest-0/test_actual_cli_strict_bytes_a3')
2026-10-08T19:29:34.9988560Z case = 'overlong-utf8'
2026-10-08T19:29:34.9988703Z 
2026-10-08T19:29:34.9989085Z     @pytest.mark.parametrize("case", ["trailing-junk", "double-bom", "invalid-utf8", "overlong-utf8", "utf8-surrogate", "oversize"])
2026-10-08T19:29:34.9989767Z     def test_actual_cli_strict_bytes_and_size_are_atomic(week, tmp_path, case):
2026-10-08T19:29:34.9990155Z         text = _text(week)
2026-10-08T19:29:34.9990386Z         data = text.encode()
2026-10-08T19:29:34.9990629Z         if case == "trailing-junk":
2026-10-08T19:29:34.9990881Z             data += b"{}"
2026-10-08T19:29:34.9991107Z         elif case == "double-bom":
2026-10-08T19:29:34.9991386Z             data = b"\xef\xbb\xbf\xef\xbb\xbf" + data
2026-10-08T19:29:34.9991683Z         elif case == "invalid-utf8":
2026-10-08T19:29:34.9991988Z             data = data.replace(b"Pasadena", b"Pasa\xffdena")
2026-10-08T19:29:34.9992309Z         elif case == "overlong-utf8":
2026-10-08T19:29:34.9992627Z             data = data.replace(b"Pasadena", b"Pasa\xc0\xafdena")
2026-10-08T19:29:34.9992958Z         elif case == "utf8-surrogate":
2026-10-08T19:29:34.9993275Z             data = data.replace(b"Pasadena", b"Pasa\xed\xa0\x80dena")
2026-10-08T19:29:34.9993608Z         elif case == "oversize":
2026-10-08T19:29:34.9993876Z             data += b" " * (4 * 1024 * 1024 + 1 - len(data))
2026-10-08T19:29:34.9994215Z         directory, source, output = _files(tmp_path, text)
2026-10-08T19:29:34.9994531Z         source.write_bytes(data)
2026-10-08T19:29:34.9994780Z         before = _snapshot(directory)
2026-10-08T19:29:34.9995072Z         p = _cli(["--input", source, "--output", output])
2026-10-08T19:29:34.9995621Z >       assert p.returncode == 2 and p.stdout == b"", (p.returncode, p.stderr)
2026-10-08T19:29:34.9996070Z E       AssertionError: (1, b"node:internal/modules/cjs/loader:1433
2026-10-08T19:29:34.9996399Z E           throw err;
2026-10-08T19:29:34.9996606Z E           ^
2026-10-08T19:29:34.9996793Z E         
2026-10-08T19:29:34.9997187Z E         Error: Cannot find module '/home/runner/work/tasteta... node:internal/main/run_main_module:36:49 {
2026-10-08T19:29:34.9997666Z E           code: 'MODULE_NOT_FOUND',
2026-10-08T19:29:34.9997919Z E           requireStack: []
2026-10-08T19:29:34.9998138Z E         }
2026-10-08T19:29:34.9998315Z E         
2026-10-08T19:29:34.9998509Z E         Node.js v22.23.3
2026-10-08T19:29:34.9998838Z E         ")
2026-10-08T19:29:34.9999034Z E       assert (1 == 2)
2026-10-08T19:29:34.9999970Z E        +  where 1 = CompletedProcess(args=['/usr/local/bin/node', '/home/runner/work/tastetable/tastetable/tools/saved_week_to_calendar.mj... node:internal/main/run_main_module:36:49 {\n  code: 'MODULE_NOT_FOUND',\n  requireStack: []\n}\n\nNode.js v22.23.3\n").returncode
2026-10-08T19:29:35.0000862Z 
2026-10-08T19:29:35.0001046Z tests/test_saved_week_calendar_receiving_ultra.py:456: AssertionError
2026-10-08T19:29:35.0001530Z _______ test_actual_cli_strict_bytes_and_size_are_atomic[utf8-surrogate] _______
2026-10-08T19:29:35.0001843Z 
2026-10-08T19:29:35.0002333Z week = {'format': 'tastetable.saved-week.v1', 'receivedAt': '2027-12-31T23:59:59.789Z', 'savedAt': '2028-02-27T19:08:07.006Z', 'calendarId': '0123456789abcdef0123456789abcdef', ...}
2026-10-08T19:29:35.0003162Z tmp_path = PosixPath('/tmp/pytest-of-runner/pytest-0/test_actual_cli_strict_bytes_a4')
2026-10-08T19:29:35.0003588Z case = 'utf8-surrogate'
2026-10-08T19:29:35.0003727Z 
2026-10-08T19:29:35.0004111Z     @pytest.mark.parametrize("case", ["trailing-junk", "double-bom", "invalid-utf8", "overlong-utf8", "utf8-surrogate", "oversize"])
2026-10-08T19:29:35.0004784Z     def test_actual_cli_strict_bytes_and_size_are_atomic(week, tmp_path, case):
2026-10-08T19:29:35.0005169Z         text = _text(week)
2026-10-08T19:29:35.0005524Z         data = text.encode()
2026-10-08T19:29:35.0005765Z         if case == "trailing-junk":
2026-10-08T19:29:35.0006021Z             data += b"{}"
2026-10-08T19:29:35.0006375Z         elif case == "double-bom":
2026-10-08T19:29:35.0006651Z             data = b"\xef\xbb\xbf\xef\xbb\xbf" + data
2026-10-08T19:29:35.0006946Z         elif case == "invalid-utf8":
2026-10-08T19:29:35.0007251Z             data = data.replace(b"Pasadena", b"Pasa\xffdena")
2026-10-08T19:29:35.0007805Z         elif case == "overlong-utf8":
2026-10-08T19:29:35.0008120Z             data = data.replace(b"Pasadena", b"Pasa\xc0\xafdena")
2026-10-08T19:29:35.0008457Z         elif case == "utf8-surrogate":
2026-10-08T19:29:35.0008772Z             data = data.replace(b"Pasadena", b"Pasa\xed\xa0\x80dena")
2026-10-08T19:29:35.0009106Z         elif case == "oversize":
2026-10-08T19:29:35.0009381Z             data += b" " * (4 * 1024 * 1024 + 1 - len(data))
2026-10-08T19:29:35.0009715Z         directory, source, output = _files(tmp_path, text)
2026-10-08T19:29:35.0010027Z         source.write_bytes(data)
2026-10-08T19:29:35.0010280Z         before = _snapshot(directory)
2026-10-08T19:29:35.0010576Z         p = _cli(["--input", source, "--output", output])
2026-10-08T19:29:35.0010979Z >       assert p.returncode == 2 and p.stdout == b"", (p.returncode, p.stderr)
2026-10-08T19:29:35.0011428Z E       AssertionError: (1, b"node:internal/modules/cjs/loader:1433
2026-10-08T19:29:35.0011760Z E           throw err;
2026-10-08T19:29:35.0011964Z E           ^
2026-10-08T19:29:35.0012153Z E         
2026-10-08T19:29:35.0012553Z E         Error: Cannot find module '/home/runner/work/tasteta... node:internal/main/run_main_module:36:49 {
2026-10-08T19:29:35.0013035Z E           code: 'MODULE_NOT_FOUND',
2026-10-08T19:29:35.0013289Z E           requireStack: []
2026-10-08T19:29:35.0013509Z E         }
2026-10-08T19:29:35.0013685Z E         
2026-10-08T19:29:35.0013872Z E         Node.js v22.23.3
2026-10-08T19:29:35.0014084Z E         ")
2026-10-08T19:29:35.0014272Z E       assert (1 == 2)
2026-10-08T19:29:35.0015205Z E        +  where 1 = CompletedProcess(args=['/usr/local/bin/node', '/home/runner/work/tastetable/tastetable/tools/saved_week_to_calendar.mj... node:internal/main/run_main_module:36:49 {\n  code: 'MODULE_NOT_FOUND',\n  requireStack: []\n}\n\nNode.js v22.23.3\n").returncode
2026-10-08T19:29:35.0016432Z 
2026-10-08T19:29:35.0016626Z tests/test_saved_week_calendar_receiving_ultra.py:456: AssertionError
2026-10-08T19:29:35.0017116Z __________ test_actual_cli_strict_bytes_and_size_are_atomic[oversize] __________
2026-10-08T19:29:35.0017412Z 
2026-10-08T19:29:35.0018045Z week = {'format': 'tastetable.saved-week.v1', 'receivedAt': '2027-12-31T23:59:59.789Z', 'savedAt': '2028-02-27T19:08:07.006Z', 'calendarId': '0123456789abcdef0123456789abcdef', ...}
2026-10-08T19:29:35.0018866Z tmp_path = PosixPath('/tmp/pytest-of-runner/pytest-0/test_actual_cli_strict_bytes_a5')
2026-10-08T19:29:35.0019286Z case = 'oversize'
2026-10-08T19:29:35.0019413Z 
2026-10-08T19:29:35.0019795Z     @pytest.mark.parametrize("case", ["trailing-junk", "double-bom", "invalid-utf8", "overlong-utf8", "utf8-surrogate", "oversize"])
2026-10-08T19:29:35.0020471Z     def test_actual_cli_strict_bytes_and_size_are_atomic(week, tmp_path, case):
2026-10-08T19:29:35.0020851Z         text = _text(week)
2026-10-08T19:29:35.0021083Z         data = text.encode()
2026-10-08T19:29:35.0021326Z         if case == "trailing-junk":
2026-10-08T19:29:35.0021580Z             data += b"{}"
2026-10-08T19:29:35.0021807Z         elif case == "double-bom":
2026-10-08T19:29:35.0022085Z             data = b"\xef\xbb\xbf\xef\xbb\xbf" + data
2026-10-08T19:29:35.0022385Z         elif case == "invalid-utf8":
2026-10-08T19:29:35.0022691Z             data = data.replace(b"Pasadena", b"Pasa\xffdena")
2026-10-08T19:29:35.0023022Z         elif case == "overlong-utf8":
2026-10-08T19:29:35.0023332Z             data = data.replace(b"Pasadena", b"Pasa\xc0\xafdena")
2026-10-08T19:29:35.0023662Z         elif case == "utf8-surrogate":
2026-10-08T19:29:35.0023980Z             data = data.replace(b"Pasadena", b"Pasa\xed\xa0\x80dena")
2026-10-08T19:29:35.0024315Z         elif case == "oversize":
2026-10-08T19:29:35.0024702Z             data += b" " * (4 * 1024 * 1024 + 1 - len(data))
2026-10-08T19:29:35.0025039Z         directory, source, output = _files(tmp_path, text)
2026-10-08T19:29:35.0025488Z         source.write_bytes(data)
2026-10-08T19:29:35.0025740Z         before = _snapshot(directory)
2026-10-08T19:29:35.0026037Z         p = _cli(["--input", source, "--output", output])
2026-10-08T19:29:35.0026444Z >       assert p.returncode == 2 and p.stdout == b"", (p.returncode, p.stderr)
2026-10-08T19:29:35.0026898Z E       AssertionError: (1, b"node:internal/modules/cjs/loader:1433
2026-10-08T19:29:35.0027230Z E           throw err;
2026-10-08T19:29:35.0027435Z E           ^
2026-10-08T19:29:35.0027619Z E         
2026-10-08T19:29:35.0028011Z E         Error: Cannot find module '/home/runner/work/tasteta... node:internal/main/run_main_module:36:49 {
2026-10-08T19:29:35.0028493Z E           code: 'MODULE_NOT_FOUND',
2026-10-08T19:29:35.0028751Z E           requireStack: []
2026-10-08T19:29:35.0028980Z E         }
2026-10-08T19:29:35.0029157Z E         
2026-10-08T19:29:35.0029342Z E         Node.js v22.23.3
2026-10-08T19:29:35.0029558Z E         ")
2026-10-08T19:29:35.0029743Z E       assert (1 == 2)
2026-10-08T19:29:35.0030678Z E        +  where 1 = CompletedProcess(args=['/usr/local/bin/node', '/home/runner/work/tastetable/tastetable/tools/saved_week_to_calendar.mj... node:internal/main/run_main_module:36:49 {\n  code: 'MODULE_NOT_FOUND',\n  requireStack: []\n}\n\nNode.js v22.23.3\n").returncode
2026-10-08T19:29:35.0031574Z 
2026-10-08T19:29:35.0031755Z tests/test_saved_week_calendar_receiving_ultra.py:456: AssertionError
2026-10-08T19:29:35.0032231Z _________ test_exact_four_mib_valid_input_is_accepted_without_rewrite __________
2026-10-08T19:29:35.0032535Z 
2026-10-08T19:29:35.0033024Z week = {'format': 'tastetable.saved-week.v1', 'receivedAt': '2027-12-31T23:59:59.789Z', 'savedAt': '2028-02-27T19:08:07.006Z', 'calendarId': '0123456789abcdef0123456789abcdef', ...}
2026-10-08T19:29:35.0033843Z tmp_path = PosixPath('/tmp/pytest-of-runner/pytest-0/test_exact_four_mib_valid_inpu0')
2026-10-08T19:29:35.0034179Z 
2026-10-08T19:29:35.0034400Z     def test_exact_four_mib_valid_input_is_accepted_without_rewrite(week, tmp_path):
2026-10-08T19:29:35.0034801Z         text = _text(week)
2026-10-08T19:29:35.0035063Z         text += " " * (4 * 1024 * 1024 - len(text.encode()))
2026-10-08T19:29:35.0035530Z         directory, source, output = _files(tmp_path, text)
2026-10-08T19:29:35.0035972Z         before = _snapshot(directory)
2026-10-08T19:29:35.0036242Z         expected = _oracle(text)
2026-10-08T19:29:35.0036521Z         p = _cli(["--input", source, "--output", output])
2026-10-08T19:29:35.0036867Z >       _assert_receipt(p, source, output, text, expected)
2026-10-08T19:29:35.0037086Z 
2026-10-08T19:29:35.0037234Z tests/test_saved_week_calendar_receiving_ultra.py:467: 
2026-10-08T19:29:35.0037598Z _ _ _ _ _ _ _ _ _ _ _ _ _ _ _ _ _ _ _ _ _ _ _ _ _ _ _ _ _ _ _ _ _ _ _ _ _ _ _ _ 
2026-10-08T19:29:35.0037834Z 
2026-10-08T19:29:35.0038583Z p = CompletedProcess(args=['/usr/local/bin/node', '/home/runner/work/tastetable/tastetable/tools/saved_week_to_calendar.mj... node:internal/main/run_main_module:36:49 {\n  code: 'MODULE_NOT_FOUND',\n  requireStack: []\n}\n\nNode.js v22.23.3\n")
2026-10-08T19:29:35.0039758Z source = PosixPath('/tmp/pytest-of-runner/pytest-0/test_exact_four_mib_valid_inpu0/files/arranged week.json')
2026-10-08T19:29:35.0040498Z output = PosixPath('/tmp/pytest-of-runner/pytest-0/test_exact_four_mib_valid_inpu0/files/calendar result.ics')
2026-10-08T19:29:35.0041467Z text = '{"format":"tastetable.saved-week.v1","receivedAt":"2027-12-31T23:59:59.789Z","savedAt":"2028-02-27T19:08:07.006Z","ca...                                                                                                                      '
2026-10-08T19:29:35.0042824Z expected = {'ok': True, 'calendar': {'filename': 'tastetable-demo-2028-02-28.ics', 'text': 'BEGIN:VCALENDAR\r\nVERSION:2.0\r\nPRO...': 'Thursday', 'kind': 'restaurant', ...}], 'source': 'DEMO: synthetic Qloo fixture; these venues are fictional.', ...}
2026-10-08T19:29:35.0043940Z identity = 'saved', identifier = '0123456789abcdef0123456789abcdef'
2026-10-08T19:29:35.0044207Z 
2026-10-08T19:29:35.0044459Z     def _assert_receipt(p, source, output, text, expected, identity="saved", identifier=ID):
2026-10-08T19:29:35.0044963Z >       assert p.returncode == 0, (p.returncode, p.stdout, p.stderr)
2026-10-08T19:29:35.0045642Z E       AssertionError: (1, b'', b"node:internal/modules/cjs/loader:1433
2026-10-08T19:29:35.0046015Z E           throw err;
2026-10-08T19:29:35.0046219Z E           ^
2026-10-08T19:29:35.0046404Z E         
2026-10-08T19:29:35.0046771Z E         Error: Cannot find module '/home/runner/work/ta... node:internal/main/run_main_module:36:49 {
2026-10-08T19:29:35.0047229Z E           code: 'MODULE_NOT_FOUND',
2026-10-08T19:29:35.0047485Z E           requireStack: []
2026-10-08T19:29:35.0047710Z E         }
2026-10-08T19:29:35.0047884Z E         
2026-10-08T19:29:35.0048072Z E         Node.js v22.23.3
2026-10-08T19:29:35.0048283Z E         ")
2026-10-08T19:29:35.0048468Z E       assert 1 == 0
2026-10-08T19:29:35.0049394Z E        +  where 1 = CompletedProcess(args=['/usr/local/bin/node', '/home/runner/work/tastetable/tastetable/tools/saved_week_to_calendar.mj... node:internal/main/run_main_module:36:49 {\n  code: 'MODULE_NOT_FOUND',\n  requireStack: []\n}\n\nNode.js v22.23.3\n").returncode
2026-10-08T19:29:35.0050282Z 
2026-10-08T19:29:35.0050463Z tests/test_saved_week_calendar_receiving_ultra.py:246: AssertionError
2026-10-08T19:29:35.0050946Z __________ test_occupied_output_and_input_aliases_never_replace[file] __________
2026-10-08T19:29:35.0051252Z 
2026-10-08T19:29:35.0051745Z week = {'format': 'tastetable.saved-week.v1', 'receivedAt': '2027-12-31T23:59:59.789Z', 'savedAt': '2028-02-27T19:08:07.006Z', 'calendarId': '0123456789abcdef0123456789abcdef', ...}
2026-10-08T19:29:35.0052562Z tmp_path = PosixPath('/tmp/pytest-of-runner/pytest-0/test_occupied_output_and_input0')
2026-10-08T19:29:35.0052980Z case = 'file'
2026-10-08T19:29:35.0053098Z 
2026-10-08T19:29:35.0053413Z     @pytest.mark.parametrize("case", ["file", "directory", "symlink", "dangling", "hardlink-input", "input-itself"])
2026-10-08T19:29:35.0054045Z     def test_occupied_output_and_input_aliases_never_replace(week, tmp_path, case):
2026-10-08T19:29:35.0054442Z         text = _text(week)
2026-10-08T19:29:35.0054714Z         directory, source, output = _files(tmp_path, text)
2026-10-08T19:29:35.0055158Z         if case == "file":
2026-10-08T19:29:35.0055808Z             output.write_bytes(b"preexisting calendar sentinel\n")
2026-10-08T19:29:35.0056174Z         elif case == "directory":
2026-10-08T19:29:35.0056429Z             output.mkdir()
2026-10-08T19:29:35.0056722Z             (output / "keep").write_bytes(b"occupied directory\n")
2026-10-08T19:29:35.0057048Z         elif case == "symlink":
2026-10-08T19:29:35.0057302Z             output.symlink_to(source)
2026-10-08T19:29:35.0057564Z         elif case == "dangling":
2026-10-08T19:29:35.0057857Z             output.symlink_to(directory / "absent-target")
2026-10-08T19:29:35.0058183Z         elif case == "hardlink-input":
2026-10-08T19:29:35.0058449Z             os.link(source, output)
2026-10-08T19:29:35.0058705Z         elif case == "input-itself":
2026-10-08T19:29:35.0058961Z             output = source
2026-10-08T19:29:35.0059199Z         before = _snapshot(directory)
2026-10-08T19:29:35.0059499Z         p = _cli(["--input", source, "--output", output])
2026-10-08T19:29:35.0059954Z >       assert p.returncode == 2 and p.stdout == b"", (p.returncode, p.stderr)
2026-10-08T19:29:35.0060408Z E       AssertionError: (1, b"node:internal/modules/cjs/loader:1433
2026-10-08T19:29:35.0060744Z E           throw err;
2026-10-08T19:29:35.0060954Z E           ^
2026-10-08T19:29:35.0061138Z E         
2026-10-08T19:29:35.0061533Z E         Error: Cannot find module '/home/runner/work/tasteta... node:internal/main/run_main_module:36:49 {
2026-10-08T19:29:35.0062012Z E           code: 'MODULE_NOT_FOUND',
2026-10-08T19:29:35.0062416Z E           requireStack: []
2026-10-08T19:29:35.0062637Z E         }
2026-10-08T19:29:35.0062814Z E         
2026-10-08T19:29:35.0062994Z E         Node.js v22.23.3
2026-10-08T19:29:35.0063206Z E         ")
2026-10-08T19:29:35.0063389Z E       assert (1 == 2)
2026-10-08T19:29:35.0064336Z E        +  where 1 = CompletedProcess(args=['/usr/local/bin/node', '/home/runner/work/tastetable/tastetable/tools/saved_week_to_calendar.mj... node:internal/main/run_main_module:36:49 {\n  code: 'MODULE_NOT_FOUND',\n  requireStack: []\n}\n\nNode.js v22.23.3\n").returncode
2026-10-08T19:29:35.0065229Z 
2026-10-08T19:29:35.0065566Z tests/test_saved_week_calendar_receiving_ultra.py:490: AssertionError
2026-10-08T19:29:35.0066055Z _______ test_occupied_output_and_input_aliases_never_replace[directory] ________
2026-10-08T19:29:35.0066364Z 
2026-10-08T19:29:35.0066857Z week = {'format': 'tastetable.saved-week.v1', 'receivedAt': '2027-12-31T23:59:59.789Z', 'savedAt': '2028-02-27T19:08:07.006Z', 'calendarId': '0123456789abcdef0123456789abcdef', ...}
2026-10-08T19:29:35.0067679Z tmp_path = PosixPath('/tmp/pytest-of-runner/pytest-0/test_occupied_output_and_input1')
2026-10-08T19:29:35.0068101Z case = 'directory'
2026-10-08T19:29:35.0068229Z 
2026-10-08T19:29:35.0068550Z     @pytest.mark.parametrize("case", ["file", "directory", "symlink", "dangling", "hardlink-input", "input-itself"])
2026-10-08T19:29:35.0069188Z     def test_occupied_output_and_input_aliases_never_replace(week, tmp_path, case):
2026-10-08T19:29:35.0069585Z         text = _text(week)
2026-10-08T19:29:35.0069857Z         directory, source, output = _files(tmp_path, text)
2026-10-08T19:29:35.0070168Z         if case == "file":
2026-10-08T19:29:35.0070459Z             output.write_bytes(b"preexisting calendar sentinel\n")
2026-10-08T19:29:35.0070793Z         elif case == "directory":
2026-10-08T19:29:35.0071038Z             output.mkdir()
2026-10-08T19:29:35.0071317Z             (output / "keep").write_bytes(b"occupied directory\n")
2026-10-08T19:29:35.0071645Z         elif case == "symlink":
2026-10-08T19:29:35.0071894Z             output.symlink_to(source)
2026-10-08T19:29:35.0072158Z         elif case == "dangling":
2026-10-08T19:29:35.0072442Z             output.symlink_to(directory / "absent-target")
2026-10-08T19:29:35.0072760Z         elif case == "hardlink-input":
2026-10-08T19:29:35.0073025Z             os.link(source, output)
2026-10-08T19:29:35.0073408Z         elif case == "input-itself":
2026-10-08T19:29:35.0073664Z             output = source
2026-10-08T19:29:35.0073901Z         before = _snapshot(directory)
2026-10-08T19:29:35.0074194Z         p = _cli(["--input", source, "--output", output])
2026-10-08T19:29:35.0074606Z >       assert p.returncode == 2 and p.stdout == b"", (p.returncode, p.stderr)
2026-10-08T19:29:35.0075057Z E       AssertionError: (1, b"node:internal/modules/cjs/loader:1433
2026-10-08T19:29:35.0075523Z E           throw err;
2026-10-08T19:29:35.0075734Z E           ^
2026-10-08T19:29:35.0075925Z E         
2026-10-08T19:29:35.0076316Z E         Error: Cannot find module '/home/runner/work/tasteta... node:internal/main/run_main_module:36:49 {
2026-10-08T19:29:35.0076796Z E           code: 'MODULE_NOT_FOUND',
2026-10-08T19:29:35.0077055Z E           requireStack: []
2026-10-08T19:29:35.0077276Z E         }
2026-10-08T19:29:35.0077461Z E         
2026-10-08T19:29:35.0077643Z E         Node.js v22.23.3
2026-10-08T19:29:35.0077854Z E         ")
2026-10-08T19:29:35.0078045Z E       assert (1 == 2)
2026-10-08T19:29:35.0078982Z E        +  where 1 = CompletedProcess(args=['/usr/local/bin/node', '/home/runner/work/tastetable/tastetable/tools/saved_week_to_calendar.mj... node:internal/main/run_main_module:36:49 {\n  code: 'MODULE_NOT_FOUND',\n  requireStack: []\n}\n\nNode.js v22.23.3\n").returncode
2026-10-08T19:29:35.0079879Z 
2026-10-08T19:29:35.0080059Z tests/test_saved_week_calendar_receiving_ultra.py:490: AssertionError
2026-10-08T19:29:35.0080541Z ________ test_occupied_output_and_input_aliases_never_replace[symlink] _________
2026-10-08T19:29:35.0081037Z 
2026-10-08T19:29:35.0081535Z week = {'format': 'tastetable.saved-week.v1', 'receivedAt': '2027-12-31T23:59:59.789Z', 'savedAt': '2028-02-27T19:08:07.006Z', 'calendarId': '0123456789abcdef0123456789abcdef', ...}
2026-10-08T19:29:35.0082349Z tmp_path = PosixPath('/tmp/pytest-of-runner/pytest-0/test_occupied_output_and_input2')
2026-10-08T19:29:35.0082768Z case = 'symlink'
2026-10-08T19:29:35.0082886Z 
2026-10-08T19:29:35.0083210Z     @pytest.mark.parametrize("case", ["file", "directory", "symlink", "dangling", "hardlink-input", "input-itself"])
2026-10-08T19:29:35.0083836Z     def test_occupied_output_and_input_aliases_never_replace(week, tmp_path, case):
2026-10-08T19:29:35.0084233Z         text = _text(week)
2026-10-08T19:29:35.0084504Z         directory, source, output = _files(tmp_path, text)
2026-10-08T19:29:35.0084806Z         if case == "file":
2026-10-08T19:29:35.0085142Z             output.write_bytes(b"preexisting calendar sentinel\n")
2026-10-08T19:29:35.0085602Z         elif case == "directory":
2026-10-08T19:29:35.0085850Z             output.mkdir()
2026-10-08T19:29:35.0086129Z             (output / "keep").write_bytes(b"occupied directory\n")
2026-10-08T19:29:35.0086445Z         elif case == "symlink":
2026-10-08T19:29:35.0086693Z             output.symlink_to(source)
2026-10-08T19:29:35.0086955Z         elif case == "dangling":
2026-10-08T19:29:35.0087240Z             output.symlink_to(directory / "absent-target")
2026-10-08T19:29:35.0087565Z         elif case == "hardlink-input":
2026-10-08T19:29:35.0087828Z             os.link(source, output)
2026-10-08T19:29:35.0088089Z         elif case == "input-itself":
2026-10-08T19:29:35.0088342Z             output = source
2026-10-08T19:29:35.0088578Z         before = _snapshot(directory)
2026-10-08T19:29:35.0088869Z         p = _cli(["--input", source, "--output", output])
2026-10-08T19:29:35.0089272Z >       assert p.returncode == 2 and p.stdout == b"", (p.returncode, p.stderr)
2026-10-08T19:29:35.0089725Z E       AssertionError: (1, b"node:internal/modules/cjs/loader:1433
2026-10-08T19:29:35.0090062Z E           throw err;
2026-10-08T19:29:35.0090266Z E           ^
2026-10-08T19:29:35.0090448Z E         
2026-10-08T19:29:35.0090850Z E         Error: Cannot find module '/home/runner/work/tasteta... node:internal/main/run_main_module:36:49 {
2026-10-08T19:29:35.0091330Z E           code: 'MODULE_NOT_FOUND',
2026-10-08T19:29:35.0091586Z E           requireStack: []
2026-10-08T19:29:35.0091931Z E         }
2026-10-08T19:29:35.0092114Z E         
2026-10-08T19:29:35.0092302Z E         Node.js v22.23.3
2026-10-08T19:29:35.0092517Z E         ")
2026-10-08T19:29:35.0092707Z E       assert (1 == 2)
2026-10-08T19:29:35.0093640Z E        +  where 1 = CompletedProcess(args=['/usr/local/bin/node', '/home/runner/work/tastetable/tastetable/tools/saved_week_to_calendar.mj... node:internal/main/run_main_module:36:49 {\n  code: 'MODULE_NOT_FOUND',\n  requireStack: []\n}\n\nNode.js v22.23.3\n").returncode
2026-10-08T19:29:35.0094536Z 
2026-10-08T19:29:35.0094720Z tests/test_saved_week_calendar_receiving_ultra.py:490: AssertionError
2026-10-08T19:29:35.0095201Z ________ test_occupied_output_and_input_aliases_never_replace[dangling] ________
2026-10-08T19:29:35.0095747Z 
2026-10-08T19:29:35.0096250Z week = {'format': 'tastetable.saved-week.v1', 'receivedAt': '2027-12-31T23:59:59.789Z', 'savedAt': '2028-02-27T19:08:07.006Z', 'calendarId': '0123456789abcdef0123456789abcdef', ...}
2026-10-08T19:29:35.0097068Z tmp_path = PosixPath('/tmp/pytest-of-runner/pytest-0/test_occupied_output_and_input3')
2026-10-08T19:29:35.0097500Z case = 'dangling'
2026-10-08T19:29:35.0097625Z 
2026-10-08T19:29:35.0097938Z     @pytest.mark.parametrize("case", ["file", "directory", "symlink", "dangling", "hardlink-input", "input-itself"])
2026-10-08T19:29:35.0098572Z     def test_occupied_output_and_input_aliases_never_replace(week, tmp_path, case):
2026-10-08T19:29:35.0098963Z         text = _text(week)
2026-10-08T19:29:35.0099231Z         directory, source, output = _files(tmp_path, text)
2026-10-08T19:29:35.0099666Z         if case == "file":
2026-10-08T19:29:35.0099956Z             output.write_bytes(b"preexisting calendar sentinel\n")
2026-10-08T19:29:35.0100288Z         elif case == "directory":
2026-10-08T19:29:35.0100528Z             output.mkdir()
2026-10-08T19:29:35.0100805Z             (output / "keep").write_bytes(b"occupied directory\n")
2026-10-08T19:29:35.0101118Z         elif case == "symlink":
2026-10-08T19:29:35.0101368Z             output.symlink_to(source)
2026-10-08T19:29:35.0101632Z         elif case == "dangling":
2026-10-08T19:29:35.0101913Z             output.symlink_to(directory / "absent-target")
2026-10-08T19:29:35.0102229Z         elif case == "hardlink-input":
2026-10-08T19:29:35.0102495Z             os.link(source, output)
2026-10-08T19:29:35.0102752Z         elif case == "input-itself":
2026-10-08T19:29:35.0103004Z             output = source
2026-10-08T19:29:35.0103248Z         before = _snapshot(directory)
2026-10-08T19:29:35.0103546Z         p = _cli(["--input", source, "--output", output])
2026-10-08T19:29:35.0103952Z >       assert p.returncode == 2 and p.stdout == b"", (p.returncode, p.stderr)
2026-10-08T19:29:35.0104411Z E       AssertionError: (1, b"node:internal/modules/cjs/loader:1433
2026-10-08T19:29:35.0104745Z E           throw err;
2026-10-08T19:29:35.0104947Z E           ^
2026-10-08T19:29:35.0105140Z E         
2026-10-08T19:29:35.0105682Z E         Error: Cannot find module '/home/runner/work/tasteta... node:internal/main/run_main_module:36:49 {
2026-10-08T19:29:35.0106165Z E           code: 'MODULE_NOT_FOUND',
2026-10-08T19:29:35.0106423Z E           requireStack: []
2026-10-08T19:29:35.0106645Z E         }
2026-10-08T19:29:35.0106827Z E         
2026-10-08T19:29:35.0107013Z E         Node.js v22.23.3
2026-10-08T19:29:35.0107228Z E         ")
2026-10-08T19:29:35.0107422Z E       assert (1 == 2)
2026-10-08T19:29:35.0108355Z E        +  where 1 = CompletedProcess(args=['/usr/local/bin/node', '/home/runner/work/tastetable/tastetable/tools/saved_week_to_calendar.mj... node:internal/main/run_main_module:36:49 {\n  code: 'MODULE_NOT_FOUND',\n  requireStack: []\n}\n\nNode.js v22.23.3\n").returncode
2026-10-08T19:29:35.0109252Z 
2026-10-08T19:29:35.0109436Z tests/test_saved_week_calendar_receiving_ultra.py:490: AssertionError
2026-10-08T19:29:35.0109924Z _____ test_occupied_output_and_input_aliases_never_replace[hardlink-input] _____
2026-10-08T19:29:35.0110238Z 
2026-10-08T19:29:35.0110846Z week = {'format': 'tastetable.saved-week.v1', 'receivedAt': '2027-12-31T23:59:59.789Z', 'savedAt': '2028-02-27T19:08:07.006Z', 'calendarId': '0123456789abcdef0123456789abcdef', ...}
2026-10-08T19:29:35.0111666Z tmp_path = PosixPath('/tmp/pytest-of-runner/pytest-0/test_occupied_output_and_input4')
2026-10-08T19:29:35.0112091Z case = 'hardlink-input'
2026-10-08T19:29:35.0112228Z 
2026-10-08T19:29:35.0112548Z     @pytest.mark.parametrize("case", ["file", "directory", "symlink", "dangling", "hardlink-input", "input-itself"])
2026-10-08T19:29:35.0113182Z     def test_occupied_output_and_input_aliases_never_replace(week, tmp_path, case):
2026-10-08T19:29:35.0113576Z         text = _text(week)
2026-10-08T19:29:35.0113843Z         directory, source, output = _files(tmp_path, text)
2026-10-08T19:29:35.0114147Z         if case == "file":
2026-10-08T19:29:35.0114431Z             output.write_bytes(b"preexisting calendar sentinel\n")
2026-10-08T19:29:35.0114765Z         elif case == "directory":
2026-10-08T19:29:35.0115014Z             output.mkdir()
2026-10-08T19:29:35.0115410Z             (output / "keep").write_bytes(b"occupied directory\n")
2026-10-08T19:29:35.0115729Z         elif case == "symlink":
2026-10-08T19:29:35.0115977Z             output.symlink_to(source)
2026-10-08T19:29:35.0116236Z         elif case == "dangling":
2026-10-08T19:29:35.0116520Z             output.symlink_to(directory / "absent-target")
2026-10-08T19:29:35.0116836Z         elif case == "hardlink-input":
2026-10-08T19:29:35.0117099Z             os.link(source, output)
2026-10-08T19:29:35.0117477Z         elif case == "input-itself":
2026-10-08T19:29:35.0117733Z             output = source
2026-10-08T19:29:35.0117967Z         before = _snapshot(directory)
2026-10-08T19:29:35.0118260Z         p = _cli(["--input", source, "--output", output])
2026-10-08T19:29:35.0118665Z >       assert p.returncode == 2 and p.stdout == b"", (p.returncode, p.stderr)
2026-10-08T19:29:35.0119119Z E       AssertionError: (1, b"node:internal/modules/cjs/loader:1433
2026-10-08T19:29:35.0119458Z E           throw err;
2026-10-08T19:29:35.0119666Z E           ^
2026-10-08T19:29:35.0119852Z E         
2026-10-08T19:29:35.0120244Z E         Error: Cannot find module '/home/runner/work/tasteta... node:internal/main/run_main_module:36:49 {
2026-10-08T19:29:35.0120725Z E           code: 'MODULE_NOT_FOUND',
2026-10-08T19:29:35.0120996Z E           requireStack: []
2026-10-08T19:29:35.0121220Z E         }
2026-10-08T19:29:35.0121399Z E         
2026-10-08T19:29:35.0121587Z E         Node.js v22.23.3
2026-10-08T19:29:35.0121808Z E         ")
2026-10-08T19:29:35.0122000Z E       assert (1 == 2)
2026-10-08T19:29:35.0122934Z E        +  where 1 = CompletedProcess(args=['/usr/local/bin/node', '/home/runner/work/tastetable/tastetable/tools/saved_week_to_calendar.mj... node:internal/main/run_main_module:36:49 {\n  code: 'MODULE_NOT_FOUND',\n  requireStack: []\n}\n\nNode.js v22.23.3\n").returncode
2026-10-08T19:29:35.0123832Z 
2026-10-08T19:29:35.0124017Z tests/test_saved_week_calendar_receiving_ultra.py:490: AssertionError
2026-10-08T19:29:35.0124515Z ______ test_occupied_output_and_input_aliases_never_replace[input-itself] ______
2026-10-08T19:29:35.0124820Z 
2026-10-08T19:29:35.0125564Z week = {'format': 'tastetable.saved-week.v1', 'receivedAt': '2027-12-31T23:59:59.789Z', 'savedAt': '2028-02-27T19:08:07.006Z', 'calendarId': '0123456789abcdef0123456789abcdef', ...}
2026-10-08T19:29:35.0126412Z tmp_path = PosixPath('/tmp/pytest-of-runner/pytest-0/test_occupied_output_and_input5')
2026-10-08T19:29:35.0126852Z case = 'input-itself'
2026-10-08T19:29:35.0127007Z 
2026-10-08T19:29:35.0127326Z     @pytest.mark.parametrize("case", ["file", "directory", "symlink", "dangling", "hardlink-input", "input-itself"])
2026-10-08T19:29:35.0127959Z     def test_occupied_output_and_input_aliases_never_replace(week, tmp_path, case):
2026-10-08T19:29:35.0128357Z         text = _text(week)
2026-10-08T19:29:35.0128631Z         directory, source, output = _files(tmp_path, text)
2026-10-08T19:29:35.0129062Z         if case == "file":
2026-10-08T19:29:35.0129356Z             output.write_bytes(b"preexisting calendar sentinel\n")
2026-10-08T19:29:35.0129693Z         elif case == "directory":
2026-10-08T19:29:35.0129942Z             output.mkdir()
2026-10-08T19:29:35.0130224Z             (output / "keep").write_bytes(b"occupied directory\n")
2026-10-08T19:29:35.0130547Z         elif case == "symlink":
2026-10-08T19:29:35.0130793Z             output.symlink_to(source)
2026-10-08T19:29:35.0131053Z         elif case == "dangling":
2026-10-08T19:29:35.0131349Z             output.symlink_to(directory / "absent-target")
2026-10-08T19:29:35.0131668Z         elif case == "hardlink-input":
2026-10-08T19:29:35.0131934Z             os.link(source, output)
2026-10-08T19:29:35.0132194Z         elif case == "input-itself":
2026-10-08T19:29:35.0132454Z             output = source
2026-10-08T19:29:35.0132691Z         before = _snapshot(directory)
2026-10-08T19:29:35.0132983Z         p = _cli(["--input", source, "--output", output])
2026-10-08T19:29:35.0133399Z >       assert p.returncode == 2 and p.stdout == b"", (p.returncode, p.stderr)
2026-10-08T19:29:35.0133847Z E       AssertionError: (1, b"node:internal/modules/cjs/loader:1433
2026-10-08T19:29:35.0134182Z E           throw err;
2026-10-08T19:29:35.0134393Z E           ^
2026-10-08T19:29:35.0134577Z E         
2026-10-08T19:29:35.0134975Z E         Error: Cannot find module '/home/runner/work/tasteta... node:internal/main/run_main_module:36:49 {
2026-10-08T19:29:35.0135668Z E           code: 'MODULE_NOT_FOUND',
2026-10-08T19:29:35.0136072Z E           requireStack: []
2026-10-08T19:29:35.0136297Z E         }
2026-10-08T19:29:35.0136474Z E         
2026-10-08T19:29:35.0136662Z E         Node.js v22.23.3
2026-10-08T19:29:35.0136876Z E         ")
2026-10-08T19:29:35.0137067Z E       assert (1 == 2)
2026-10-08T19:29:35.0138022Z E        +  where 1 = CompletedProcess(args=['/usr/local/bin/node', '/home/runner/work/tastetable/tastetable/tools/saved_week_to_calendar.mj... node:internal/main/run_main_module:36:49 {\n  code: 'MODULE_NOT_FOUND',\n  requireStack: []\n}\n\nNode.js v22.23.3\n").returncode
2026-10-08T19:29:35.0138929Z 
2026-10-08T19:29:35.0139118Z tests/test_saved_week_calendar_receiving_ultra.py:490: AssertionError
2026-10-08T19:29:35.0139608Z ________ test_nonregular_or_missing_input_is_bounded_refusal[directory] ________
2026-10-08T19:29:35.0139919Z 
2026-10-08T19:29:35.0140410Z week = {'format': 'tastetable.saved-week.v1', 'receivedAt': '2027-12-31T23:59:59.789Z', 'savedAt': '2028-02-27T19:08:07.006Z', 'calendarId': '0123456789abcdef0123456789abcdef', ...}
2026-10-08T19:29:35.0141238Z tmp_path = PosixPath('/tmp/pytest-of-runner/pytest-0/test_nonregular_or_missing_inp0')
2026-10-08T19:29:35.0141662Z case = 'directory'
2026-10-08T19:29:35.0141793Z 
2026-10-08T19:29:35.0141978Z     @pytest.mark.parametrize("case", ["directory", "fifo", "missing"])
2026-10-08T19:29:35.0142475Z     def test_nonregular_or_missing_input_is_bounded_refusal(week, tmp_path, case):
2026-10-08T19:29:35.0142872Z         text = _text(week)
2026-10-08T19:29:35.0143144Z         directory, source, output = _files(tmp_path, text)
2026-10-08T19:29:35.0143451Z         source.unlink()
2026-10-08T19:29:35.0143672Z         if case == "directory":
2026-10-08T19:29:35.0143910Z             source.mkdir()
2026-10-08T19:29:35.0144130Z         elif case == "fifo":
2026-10-08T19:29:35.0144360Z             os.mkfifo(source)
2026-10-08T19:29:35.0144609Z         before = _snapshot(directory)
2026-10-08T19:29:35.0144927Z         p = _cli(["--input", source, "--output", output], timeout=5)
2026-10-08T19:29:35.0145494Z >       assert p.returncode == 2 and p.stdout == b"", (p.returncode, p.stderr)
2026-10-08T19:29:35.0145951Z E       AssertionError: (1, b"node:internal/modules/cjs/loader:1433
2026-10-08T19:29:35.0146286Z E           throw err;
2026-10-08T19:29:35.0146488Z E           ^
2026-10-08T19:29:35.0146671Z E         
2026-10-08T19:29:35.0147179Z E         Error: Cannot find module '/home/runner/work/tasteta... node:internal/main/run_main_module:36:49 {
2026-10-08T19:29:35.0147668Z E           code: 'MODULE_NOT_FOUND',
2026-10-08T19:29:35.0147929Z E           requireStack: []
2026-10-08T19:29:35.0148149Z E         }
2026-10-08T19:29:35.0148328Z E         
2026-10-08T19:29:35.0148513Z E         Node.js v22.23.3
2026-10-08T19:29:35.0148725Z E         ")
2026-10-08T19:29:35.0148912Z E       assert (1 == 2)
2026-10-08T19:29:35.0149852Z E        +  where 1 = CompletedProcess(args=['/usr/local/bin/node', '/home/runner/work/tastetable/tastetable/tools/saved_week_to_calendar.mj... node:internal/main/run_main_module:36:49 {\n  code: 'MODULE_NOT_FOUND',\n  requireStack: []\n}\n\nNode.js v22.23.3\n").returncode
2026-10-08T19:29:35.0150751Z 
2026-10-08T19:29:35.0150935Z tests/test_saved_week_calendar_receiving_ultra.py:505: AssertionError
2026-10-08T19:29:35.0151417Z __________ test_nonregular_or_missing_input_is_bounded_refusal[fifo] ___________
2026-10-08T19:29:35.0151719Z 
2026-10-08T19:29:35.0152219Z week = {'format': 'tastetable.saved-week.v1', 'receivedAt': '2027-12-31T23:59:59.789Z', 'savedAt': '2028-02-27T19:08:07.006Z', 'calendarId': '0123456789abcdef0123456789abcdef', ...}
2026-10-08T19:29:35.0153037Z tmp_path = PosixPath('/tmp/pytest-of-runner/pytest-0/test_nonregular_or_missing_inp1')
2026-10-08T19:29:35.0153454Z case = 'fifo'
2026-10-08T19:29:35.0153572Z 
2026-10-08T19:29:35.0153753Z     @pytest.mark.parametrize("case", ["directory", "fifo", "missing"])
2026-10-08T19:29:35.0154242Z     def test_nonregular_or_missing_input_is_bounded_refusal(week, tmp_path, case):
2026-10-08T19:29:35.0154766Z         text = _text(week)
2026-10-08T19:29:35.0155036Z         directory, source, output = _files(tmp_path, text)
2026-10-08T19:29:35.0155486Z         source.unlink()
2026-10-08T19:29:35.0155710Z         if case == "directory":
2026-10-08T19:29:35.0155953Z             source.mkdir()
2026-10-08T19:29:35.0156178Z         elif case == "fifo":
2026-10-08T19:29:35.0156413Z             os.mkfifo(source)
2026-10-08T19:29:35.0156661Z         before = _snapshot(directory)
2026-10-08T19:29:35.0156978Z         p = _cli(["--input", source, "--output", output], timeout=5)
2026-10-08T19:29:35.0157411Z >       assert p.returncode == 2 and p.stdout == b"", (p.returncode, p.stderr)
2026-10-08T19:29:35.0157861Z E       AssertionError: (1, b"node:internal/modules/cjs/loader:1433
2026-10-08T19:29:35.0158201Z E           throw err;
2026-10-08T19:29:35.0158403Z E           ^
2026-10-08T19:29:35.0158586Z E         
2026-10-08T19:29:35.0158976Z E         Error: Cannot find module '/home/runner/work/tasteta... node:internal/main/run_main_module:36:49 {
2026-10-08T19:29:35.0159074Z E           code: 'MODULE_NOT_FOUND',
2026-10-08T19:29:35.0159169Z E           requireStack: []
2026-10-08T19:29:35.0159247Z E         }
2026-10-08T19:29:35.0159320Z E         
2026-10-08T19:29:35.0159408Z E         Node.js v22.23.3
2026-10-08T19:29:35.0159481Z E         ")
2026-10-08T19:29:35.0159567Z E       assert (1 == 2)
2026-10-08T19:29:35.0160372Z E        +  where 1 = CompletedProcess(args=['/usr/local/bin/node', '/home/runner/work/tastetable/tastetable/tools/saved_week_to_calendar.mj... node:internal/main/run_main_module:36:49 {\n  code: 'MODULE_NOT_FOUND',\n  requireStack: []\n}\n\nNode.js v22.23.3\n").returncode
2026-10-08T19:29:35.0160379Z 
2026-10-08T19:29:35.0160567Z tests/test_saved_week_calendar_receiving_ultra.py:505: AssertionError
2026-10-08T19:29:35.0160773Z _________ test_nonregular_or_missing_input_is_bounded_refusal[missing] _________
2026-10-08T19:29:35.0160778Z 
2026-10-08T19:29:35.0161264Z week = {'format': 'tastetable.saved-week.v1', 'receivedAt': '2027-12-31T23:59:59.789Z', 'savedAt': '2028-02-27T19:08:07.006Z', 'calendarId': '0123456789abcdef0123456789abcdef', ...}
2026-10-08T19:29:35.0161511Z tmp_path = PosixPath('/tmp/pytest-of-runner/pytest-0/test_nonregular_or_missing_inp2')
2026-10-08T19:29:35.0161592Z case = 'missing'
2026-10-08T19:29:35.0161605Z 
2026-10-08T19:29:35.0161783Z     @pytest.mark.parametrize("case", ["directory", "fifo", "missing"])
2026-10-08T19:29:35.0162117Z     def test_nonregular_or_missing_input_is_bounded_refusal(week, tmp_path, case):
2026-10-08T19:29:35.0162206Z         text = _text(week)
2026-10-08T19:29:35.0162341Z         directory, source, output = _files(tmp_path, text)
2026-10-08T19:29:35.0162429Z         source.unlink()
2026-10-08T19:29:35.0162521Z         if case == "directory":
2026-10-08T19:29:35.0162611Z             source.mkdir()
2026-10-08T19:29:35.0162695Z         elif case == "fifo":
2026-10-08T19:29:35.0162785Z             os.mkfifo(source)
2026-10-08T19:29:35.0162883Z         before = _snapshot(directory)
2026-10-08T19:29:35.0163033Z         p = _cli(["--input", source, "--output", output], timeout=5)
2026-10-08T19:29:35.0163223Z >       assert p.returncode == 2 and p.stdout == b"", (p.returncode, p.stderr)
2026-10-08T19:29:35.0163394Z E       AssertionError: (1, b"node:internal/modules/cjs/loader:1433
2026-10-08T19:29:35.0163481Z E           throw err;
2026-10-08T19:29:35.0163555Z E           ^
2026-10-08T19:29:35.0163632Z E         
2026-10-08T19:29:35.0163921Z E         Error: Cannot find module '/home/runner/work/tasteta... node:internal/main/run_main_module:36:49 {
2026-10-08T19:29:35.0164018Z E           code: 'MODULE_NOT_FOUND',
2026-10-08T19:29:35.0164106Z E           requireStack: []
2026-10-08T19:29:35.0164188Z E         }
2026-10-08T19:29:35.0164260Z E         
2026-10-08T19:29:35.0164350Z E         Node.js v22.23.3
2026-10-08T19:29:35.0164429Z E         ")
2026-10-08T19:29:35.0164510Z E       assert (1 == 2)
2026-10-08T19:29:35.0165436Z E        +  where 1 = CompletedProcess(args=['/usr/local/bin/node', '/home/runner/work/tastetable/tastetable/tools/saved_week_to_calendar.mj... node:internal/main/run_main_module:36:49 {\n  code: 'MODULE_NOT_FOUND',\n  requireStack: []\n}\n\nNode.js v22.23.3\n").returncode
2026-10-08T19:29:35.0165556Z 
2026-10-08T19:29:35.0165747Z tests/test_saved_week_calendar_receiving_ultra.py:505: AssertionError
2026-10-08T19:29:35.0165949Z _____________ test_actual_argument_refusals_leave_no_output[none] ______________
2026-10-08T19:29:35.0165958Z 
2026-10-08T19:29:35.0166451Z week = {'format': 'tastetable.saved-week.v1', 'receivedAt': '2027-12-31T23:59:59.789Z', 'savedAt': '2028-02-27T19:08:07.006Z', 'calendarId': '0123456789abcdef0123456789abcdef', ...}
2026-10-08T19:29:35.0166691Z tmp_path = PosixPath('/tmp/pytest-of-runner/pytest-0/test_actual_argument_refusals_0')
2026-10-08T19:29:35.0166776Z case = 'none'
2026-10-08T19:29:35.0166781Z 
2026-10-08T19:29:35.0166886Z     @pytest.mark.parametrize("case", [
2026-10-08T19:29:35.0167101Z         "none", "unknown", "duplicate-input", "duplicate-output", "duplicate-new",
2026-10-08T19:29:35.0167261Z         "help-mixed", "stdin", "existing-new", "missing-output",
2026-10-08T19:29:35.0167337Z     ])
2026-10-08T19:29:35.0167539Z     def test_actual_argument_refusals_leave_no_output(week, tmp_path, case):
2026-10-08T19:29:35.0167623Z         text = _text(week)
2026-10-08T19:29:35.0167761Z         directory, source, output = _files(tmp_path, text)
2026-10-08T19:29:35.0167884Z         args = ["--input", source, "--output", output]
2026-10-08T19:29:35.0167973Z         if case == "none":
2026-10-08T19:29:35.0168066Z             args = []
2026-10-08T19:29:35.0168156Z         elif case == "unknown":
2026-10-08T19:29:35.0168259Z             args += ["--timezone", "UTC"]
2026-10-08T19:29:35.0168361Z         elif case == "duplicate-input":
2026-10-08T19:29:35.0168457Z             args += ["--input", source]
2026-10-08T19:29:35.0168555Z         elif case == "duplicate-output":
2026-10-08T19:29:35.0168651Z             args += ["--output", output]
2026-10-08T19:29:35.0168755Z         elif case == "duplicate-new":
2026-10-08T19:29:35.0168878Z             args += ["--new-calendar", "--new-calendar"]
2026-10-08T19:29:35.0168978Z         elif case == "help-mixed":
2026-10-08T19:29:35.0169065Z             args += ["--help"]
2026-10-08T19:29:35.0169158Z         elif case == "stdin":
2026-10-08T19:29:35.0169270Z             args = ["--input", "-", "--output", output]
2026-10-08T19:29:35.0169480Z         elif case == "existing-new":
2026-10-08T19:29:35.0169585Z             args += ["--new-calendar"]
2026-10-08T19:29:35.0169681Z         elif case == "missing-output":
2026-10-08T19:29:35.0169774Z             args = ["--input", source]
2026-10-08T19:29:35.0169869Z         before = _snapshot(directory)
2026-10-08T19:29:35.0169957Z         p = _cli(args)
2026-10-08T19:29:35.0170172Z >       assert p.returncode == 2 and p.stdout == b"", (p.returncode, p.stdout, p.stderr)
2026-10-08T19:29:35.0170353Z E       AssertionError: (1, b'', b"node:internal/modules/cjs/loader:1433
2026-10-08T19:29:35.0170440Z E           throw err;
2026-10-08T19:29:35.0170516Z E           ^
2026-10-08T19:29:35.0170597Z E         
2026-10-08T19:29:35.0170870Z E         Error: Cannot find module '/home/runner/work/ta... node:internal/main/run_main_module:36:49 {
2026-10-08T19:29:35.0170967Z E           code: 'MODULE_NOT_FOUND',
2026-10-08T19:29:35.0171055Z E           requireStack: []
2026-10-08T19:29:35.0171137Z E         }
2026-10-08T19:29:35.0171221Z E         
2026-10-08T19:29:35.0171303Z E         Node.js v22.23.3
2026-10-08T19:29:35.0171382Z E         ")
2026-10-08T19:29:35.0171463Z E       assert (1 == 2)
2026-10-08T19:29:35.0172271Z E        +  where 1 = CompletedProcess(args=['/usr/local/bin/node', '/home/runner/work/tastetable/tastetable/tools/saved_week_to_calendar.mj... node:internal/main/run_main_module:36:49 {\n  code: 'MODULE_NOT_FOUND',\n  requireStack: []\n}\n\nNode.js v22.23.3\n").returncode
2026-10-08T19:29:35.0172277Z 
2026-10-08T19:29:35.0172547Z tests/test_saved_week_calendar_receiving_ultra.py:537: AssertionError
2026-10-08T19:29:35.0172750Z ____________ test_actual_argument_refusals_leave_no_output[unknown] ____________
2026-10-08T19:29:35.0172755Z 
2026-10-08T19:29:35.0173252Z week = {'format': 'tastetable.saved-week.v1', 'receivedAt': '2027-12-31T23:59:59.789Z', 'savedAt': '2028-02-27T19:08:07.006Z', 'calendarId': '0123456789abcdef0123456789abcdef', ...}
2026-10-08T19:29:35.0173492Z tmp_path = PosixPath('/tmp/pytest-of-runner/pytest-0/test_actual_argument_refusals_1')
2026-10-08T19:29:35.0173577Z case = 'unknown'
2026-10-08T19:29:35.0173582Z 
2026-10-08T19:29:35.0173688Z     @pytest.mark.parametrize("case", [
2026-10-08T19:29:35.0173885Z         "none", "unknown", "duplicate-input", "duplicate-output", "duplicate-new",
2026-10-08T19:29:35.0174038Z         "help-mixed", "stdin", "existing-new", "missing-output",
2026-10-08T19:29:35.0174112Z     ])
2026-10-08T19:29:35.0174312Z     def test_actual_argument_refusals_leave_no_output(week, tmp_path, case):
2026-10-08T19:29:35.0174398Z         text = _text(week)
2026-10-08T19:29:35.0174536Z         directory, source, output = _files(tmp_path, text)
2026-10-08T19:29:35.0174754Z         args = ["--input", source, "--output", output]
2026-10-08T19:29:35.0175153Z         if case == "none":
2026-10-08T19:29:35.0175576Z             args = []
2026-10-08T19:29:35.0175856Z         elif case == "unknown":
2026-10-08T19:29:35.0176039Z             args += ["--timezone", "UTC"]
2026-10-08T19:29:35.0176165Z         elif case == "duplicate-input":
2026-10-08T19:29:35.0176413Z             args += ["--input", source]
2026-10-08T19:29:35.0176550Z         elif case == "duplicate-output":
2026-10-08T19:29:35.0176714Z             args += ["--output", output]
2026-10-08T19:29:35.0176846Z         elif case == "duplicate-new":
2026-10-08T19:29:35.0177031Z             args += ["--new-calendar", "--new-calendar"]
2026-10-08T19:29:35.0177307Z         elif case == "help-mixed":
2026-10-08T19:29:35.0177431Z             args += ["--help"]
2026-10-08T19:29:35.0177592Z         elif case == "stdin":
2026-10-08T19:29:35.0232096Z             args = ["--input", "-", "--output", output]
2026-10-08T19:29:35.0232300Z         elif case == "existing-new":
2026-10-08T19:29:35.0232416Z             args += ["--new-calendar"]
2026-10-08T19:29:35.0232520Z         elif case == "missing-output":
2026-10-08T19:29:35.0232622Z             args = ["--input", source]
2026-10-08T19:29:35.0232725Z         before = _snapshot(directory)
2026-10-08T19:29:35.0233097Z         p = _cli(args)
2026-10-08T19:29:35.0233362Z >       assert p.returncode == 2 and p.stdout == b"", (p.returncode, p.stdout, p.stderr)
2026-10-08T19:29:35.0233561Z E       AssertionError: (1, b'', b"node:internal/modules/cjs/loader:1433
2026-10-08T19:29:35.0233656Z E           throw err;
2026-10-08T19:29:35.0233735Z E           ^
2026-10-08T19:29:35.0233816Z E         
2026-10-08T19:29:35.0234104Z E         Error: Cannot find module '/home/runner/work/ta... node:internal/main/run_main_module:36:49 {
2026-10-08T19:29:35.0234219Z E           code: 'MODULE_NOT_FOUND',
2026-10-08T19:29:35.0234319Z E           requireStack: []
2026-10-08T19:29:35.0234394Z E         }
2026-10-08T19:29:35.0234472Z E         
2026-10-08T19:29:35.0234559Z E         Node.js v22.23.3
2026-10-08T19:29:35.0234637Z E         ")
2026-10-08T19:29:35.0234719Z E       assert (1 == 2)
2026-10-08T19:29:35.0235743Z E        +  where 1 = CompletedProcess(args=['/usr/local/bin/node', '/home/runner/work/tastetable/tastetable/tools/saved_week_to_calendar.mj... node:internal/main/run_main_module:36:49 {\n  code: 'MODULE_NOT_FOUND',\n  requireStack: []\n}\n\nNode.js v22.23.3\n").returncode
2026-10-08T19:29:35.0235755Z 
2026-10-08T19:29:35.0235964Z tests/test_saved_week_calendar_receiving_ultra.py:537: AssertionError
2026-10-08T19:29:35.0236192Z ________ test_actual_argument_refusals_leave_no_output[duplicate-input] ________
2026-10-08T19:29:35.0236198Z 
2026-10-08T19:29:35.0236720Z week = {'format': 'tastetable.saved-week.v1', 'receivedAt': '2027-12-31T23:59:59.789Z', 'savedAt': '2028-02-27T19:08:07.006Z', 'calendarId': '0123456789abcdef0123456789abcdef', ...}
2026-10-08T19:29:35.0237118Z tmp_path = PosixPath('/tmp/pytest-of-runner/pytest-0/test_actual_argument_refusals_2')
2026-10-08T19:29:35.0237216Z case = 'duplicate-input'
2026-10-08T19:29:35.0237221Z 
2026-10-08T19:29:35.0237338Z     @pytest.mark.parametrize("case", [
2026-10-08T19:29:35.0237553Z         "none", "unknown", "duplicate-input", "duplicate-output", "duplicate-new",
2026-10-08T19:29:35.0237715Z         "help-mixed", "stdin", "existing-new", "missing-output",
2026-10-08T19:29:35.0237789Z     ])
2026-10-08T19:29:35.0237998Z     def test_actual_argument_refusals_leave_no_output(week, tmp_path, case):
2026-10-08T19:29:35.0238091Z         text = _text(week)
2026-10-08T19:29:35.0238233Z         directory, source, output = _files(tmp_path, text)
2026-10-08T19:29:35.0238357Z         args = ["--input", source, "--output", output]
2026-10-08T19:29:35.0238442Z         if case == "none":
2026-10-08T19:29:35.0238530Z             args = []
2026-10-08T19:29:35.0238618Z         elif case == "unknown":
2026-10-08T19:29:35.0238721Z             args += ["--timezone", "UTC"]
2026-10-08T19:29:35.0238825Z         elif case == "duplicate-input":
2026-10-08T19:29:35.0238915Z             args += ["--input", source]
2026-10-08T19:29:35.0239020Z         elif case == "duplicate-output":
2026-10-08T19:29:35.0239110Z             args += ["--output", output]
2026-10-08T19:29:35.0239213Z         elif case == "duplicate-new":
2026-10-08T19:29:35.0239338Z             args += ["--new-calendar", "--new-calendar"]
2026-10-08T19:29:35.0239439Z         elif case == "help-mixed":
2026-10-08T19:29:35.0239531Z             args += ["--help"]
2026-10-08T19:29:35.0239618Z         elif case == "stdin":
2026-10-08T19:29:35.0239744Z             args = ["--input", "-", "--output", output]
2026-10-08T19:29:35.0239841Z         elif case == "existing-new":
2026-10-08T19:29:35.0239942Z             args += ["--new-calendar"]
2026-10-08T19:29:35.0240041Z         elif case == "missing-output":
2026-10-08T19:29:35.0240130Z             args = ["--input", source]
2026-10-08T19:29:35.0240232Z         before = _snapshot(directory)
2026-10-08T19:29:35.0240316Z         p = _cli(args)
2026-10-08T19:29:35.0240552Z >       assert p.returncode == 2 and p.stdout == b"", (p.returncode, p.stdout, p.stderr)
2026-10-08T19:29:35.0240734Z E       AssertionError: (1, b'', b"node:internal/modules/cjs/loader:1433
2026-10-08T19:29:35.0240998Z E           throw err;
2026-10-08T19:29:35.0241078Z E           ^
2026-10-08T19:29:35.0241159Z E         
2026-10-08T19:29:35.0241445Z E         Error: Cannot find module '/home/runner/work/ta... node:internal/main/run_main_module:36:49 {
2026-10-08T19:29:35.0241537Z E           code: 'MODULE_NOT_FOUND',
2026-10-08T19:29:35.0241634Z E           requireStack: []
2026-10-08T19:29:35.0241707Z E         }
2026-10-08T19:29:35.0241783Z E         
2026-10-08T19:29:35.0241867Z E         Node.js v22.23.3
2026-10-08T19:29:35.0241952Z E         ")
2026-10-08T19:29:35.0242035Z E       assert (1 == 2)
2026-10-08T19:29:35.0242856Z E        +  where 1 = CompletedProcess(args=['/usr/local/bin/node', '/home/runner/work/tastetable/tastetable/tools/saved_week_to_calendar.mj... node:internal/main/run_main_module:36:49 {\n  code: 'MODULE_NOT_FOUND',\n  requireStack: []\n}\n\nNode.js v22.23.3\n").returncode
2026-10-08T19:29:35.0242863Z 
2026-10-08T19:29:35.0243065Z tests/test_saved_week_calendar_receiving_ultra.py:537: AssertionError
2026-10-08T19:29:35.0243285Z _______ test_actual_argument_refusals_leave_no_output[duplicate-output] ________
2026-10-08T19:29:35.0243290Z 
2026-10-08T19:29:35.0243794Z week = {'format': 'tastetable.saved-week.v1', 'receivedAt': '2027-12-31T23:59:59.789Z', 'savedAt': '2028-02-27T19:08:07.006Z', 'calendarId': '0123456789abcdef0123456789abcdef', ...}
2026-10-08T19:29:35.0244047Z tmp_path = PosixPath('/tmp/pytest-of-runner/pytest-0/test_actual_argument_refusals_3')
2026-10-08T19:29:35.0244145Z case = 'duplicate-output'
2026-10-08T19:29:35.0244230Z 
2026-10-08T19:29:35.0244346Z     @pytest.mark.parametrize("case", [
2026-10-08T19:29:35.0244555Z         "none", "unknown", "duplicate-input", "duplicate-output", "duplicate-new",
2026-10-08T19:29:35.0244714Z         "help-mixed", "stdin", "existing-new", "missing-output",
2026-10-08T19:29:35.0244792Z     ])
2026-10-08T19:29:35.0244990Z     def test_actual_argument_refusals_leave_no_output(week, tmp_path, case):
2026-10-08T19:29:35.0245085Z         text = _text(week)
2026-10-08T19:29:35.0245224Z         directory, source, output = _files(tmp_path, text)
2026-10-08T19:29:35.0245489Z         args = ["--input", source, "--output", output]
2026-10-08T19:29:35.0245576Z         if case == "none":
2026-10-08T19:29:35.0245660Z             args = []
2026-10-08T19:29:35.0245759Z         elif case == "unknown":
2026-10-08T19:29:35.0245860Z             args += ["--timezone", "UTC"]
2026-10-08T19:29:35.0245968Z         elif case == "duplicate-input":
2026-10-08T19:29:35.0246056Z             args += ["--input", source]
2026-10-08T19:29:35.0246165Z         elif case == "duplicate-output":
2026-10-08T19:29:35.0246259Z             args += ["--output", output]
2026-10-08T19:29:35.0246363Z         elif case == "duplicate-new":
2026-10-08T19:29:35.0246492Z             args += ["--new-calendar", "--new-calendar"]
2026-10-08T19:29:35.0246585Z         elif case == "help-mixed":
2026-10-08T19:29:35.0246679Z             args += ["--help"]
2026-10-08T19:29:35.0246771Z         elif case == "stdin":
2026-10-08T19:29:35.0246891Z             args = ["--input", "-", "--output", output]
2026-10-08T19:29:35.0246986Z         elif case == "existing-new":
2026-10-08T19:29:35.0247085Z             args += ["--new-calendar"]
2026-10-08T19:29:35.0247179Z         elif case == "missing-output":
2026-10-08T19:29:35.0247271Z             args = ["--input", source]
2026-10-08T19:29:35.0247373Z         before = _snapshot(directory)
2026-10-08T19:29:35.0247455Z         p = _cli(args)
2026-10-08T19:29:35.0247680Z >       assert p.returncode == 2 and p.stdout == b"", (p.returncode, p.stdout, p.stderr)
2026-10-08T19:29:35.0247864Z E       AssertionError: (1, b'', b"node:internal/modules/cjs/loader:1433
2026-10-08T19:29:35.0247951Z E           throw err;
2026-10-08T19:29:35.0248028Z E           ^
2026-10-08T19:29:35.0248107Z E         
2026-10-08T19:29:35.0248390Z E         Error: Cannot find module '/home/runner/work/ta... node:internal/main/run_main_module:36:49 {
2026-10-08T19:29:35.0248603Z E           code: 'MODULE_NOT_FOUND',
2026-10-08T19:29:35.0248702Z E           requireStack: []
2026-10-08T19:29:35.0248777Z E         }
2026-10-08T19:29:35.0248854Z E         
2026-10-08T19:29:35.0248940Z E         Node.js v22.23.3
2026-10-08T19:29:35.0249018Z E         ")
2026-10-08T19:29:35.0249104Z E       assert (1 == 2)
2026-10-08T19:29:35.0249903Z E        +  where 1 = CompletedProcess(args=['/usr/local/bin/node', '/home/runner/work/tastetable/tastetable/tools/saved_week_to_calendar.mj... node:internal/main/run_main_module:36:49 {\n  code: 'MODULE_NOT_FOUND',\n  requireStack: []\n}\n\nNode.js v22.23.3\n").returncode
2026-10-08T19:29:35.0249913Z 
2026-10-08T19:29:35.0250109Z tests/test_saved_week_calendar_receiving_ultra.py:537: AssertionError
2026-10-08T19:29:35.0250320Z _________ test_actual_argument_refusals_leave_no_output[duplicate-new] _________
2026-10-08T19:29:35.0250331Z 
2026-10-08T19:29:35.0250828Z week = {'format': 'tastetable.saved-week.v1', 'receivedAt': '2027-12-31T23:59:59.789Z', 'savedAt': '2028-02-27T19:08:07.006Z', 'calendarId': '0123456789abcdef0123456789abcdef', ...}
2026-10-08T19:29:35.0251077Z tmp_path = PosixPath('/tmp/pytest-of-runner/pytest-0/test_actual_argument_refusals_4')
2026-10-08T19:29:35.0251165Z case = 'duplicate-new'
2026-10-08T19:29:35.0251170Z 
2026-10-08T19:29:35.0251280Z     @pytest.mark.parametrize("case", [
2026-10-08T19:29:35.0251480Z         "none", "unknown", "duplicate-input", "duplicate-output", "duplicate-new",
2026-10-08T19:29:35.0251634Z         "help-mixed", "stdin", "existing-new", "missing-output",
2026-10-08T19:29:35.0251815Z     ])
2026-10-08T19:29:35.0252011Z     def test_actual_argument_refusals_leave_no_output(week, tmp_path, case):
2026-10-08T19:29:35.0252101Z         text = _text(week)
2026-10-08T19:29:35.0252234Z         directory, source, output = _files(tmp_path, text)
2026-10-08T19:29:35.0252362Z         args = ["--input", source, "--output", output]
2026-10-08T19:29:35.0252446Z         if case == "none":
2026-10-08T19:29:35.0252529Z             args = []
2026-10-08T19:29:35.0252628Z         elif case == "unknown":
2026-10-08T19:29:35.0252726Z             args += ["--timezone", "UTC"]
2026-10-08T19:29:35.0252833Z         elif case == "duplicate-input":
2026-10-08T19:29:35.0252922Z             args += ["--input", source]
2026-10-08T19:29:35.0253029Z         elif case == "duplicate-output":
2026-10-08T19:29:35.0253120Z             args += ["--output", output]
2026-10-08T19:29:35.0253225Z         elif case == "duplicate-new":
2026-10-08T19:29:35.0253352Z             args += ["--new-calendar", "--new-calendar"]
2026-10-08T19:29:35.0253447Z         elif case == "help-mixed":
2026-10-08T19:29:35.0253539Z             args += ["--help"]
2026-10-08T19:29:35.0253626Z         elif case == "stdin":
2026-10-08T19:29:35.0253746Z             args = ["--input", "-", "--output", output]
2026-10-08T19:29:35.0253839Z         elif case == "existing-new":
2026-10-08T19:29:35.0253936Z             args += ["--new-calendar"]
2026-10-08T19:29:35.0254034Z         elif case == "missing-output":
2026-10-08T19:29:35.0254124Z             args = ["--input", source]
2026-10-08T19:29:35.0254225Z         before = _snapshot(directory)
2026-10-08T19:29:35.0254305Z         p = _cli(args)
2026-10-08T19:29:35.0254533Z >       assert p.returncode == 2 and p.stdout == b"", (p.returncode, p.stdout, p.stderr)
2026-10-08T19:29:35.0254712Z E       AssertionError: (1, b'', b"node:internal/modules/cjs/loader:1433
2026-10-08T19:29:35.0254798Z E           throw err;
2026-10-08T19:29:35.0254877Z E           ^
2026-10-08T19:29:35.0254951Z E         
2026-10-08T19:29:35.0255436Z E         Error: Cannot find module '/home/runner/work/ta... node:internal/main/run_main_module:36:49 {
2026-10-08T19:29:35.0255646Z E           code: 'MODULE_NOT_FOUND',
2026-10-08T19:29:35.0255812Z E           requireStack: []
2026-10-08T19:29:35.0255890Z E         }
2026-10-08T19:29:35.0255969Z E         
2026-10-08T19:29:35.0256057Z E         Node.js v22.23.3
2026-10-08T19:29:35.0256131Z E         ")
2026-10-08T19:29:35.0256354Z E       assert (1 == 2)
2026-10-08T19:29:35.0257185Z E        +  where 1 = CompletedProcess(args=['/usr/local/bin/node', '/home/runner/work/tastetable/tastetable/tools/saved_week_to_calendar.mj... node:internal/main/run_main_module:36:49 {\n  code: 'MODULE_NOT_FOUND',\n  requireStack: []\n}\n\nNode.js v22.23.3\n").returncode
2026-10-08T19:29:35.0257192Z 
2026-10-08T19:29:35.0257392Z tests/test_saved_week_calendar_receiving_ultra.py:537: AssertionError
2026-10-08T19:29:35.0257608Z __________ test_actual_argument_refusals_leave_no_output[help-mixed] ___________
2026-10-08T19:29:35.0257617Z 
2026-10-08T19:29:35.0258117Z week = {'format': 'tastetable.saved-week.v1', 'receivedAt': '2027-12-31T23:59:59.789Z', 'savedAt': '2028-02-27T19:08:07.006Z', 'calendarId': '0123456789abcdef0123456789abcdef', ...}
2026-10-08T19:29:35.0258372Z tmp_path = PosixPath('/tmp/pytest-of-runner/pytest-0/test_actual_argument_refusals_5')
2026-10-08T19:29:35.0258460Z case = 'help-mixed'
2026-10-08T19:29:35.0258465Z 
2026-10-08T19:29:35.0258582Z     @pytest.mark.parametrize("case", [
2026-10-08T19:29:35.0258793Z         "none", "unknown", "duplicate-input", "duplicate-output", "duplicate-new",
2026-10-08T19:29:35.0258944Z         "help-mixed", "stdin", "existing-new", "missing-output",
2026-10-08T19:29:35.0259022Z     ])
2026-10-08T19:29:35.0259219Z     def test_actual_argument_refusals_leave_no_output(week, tmp_path, case):
2026-10-08T19:29:35.0259312Z         text = _text(week)
2026-10-08T19:29:35.0259445Z         directory, source, output = _files(tmp_path, text)
2026-10-08T19:29:35.0259676Z         args = ["--input", source, "--output", output]
2026-10-08T19:29:35.0259765Z         if case == "none":
2026-10-08T19:29:35.0259843Z             args = []
2026-10-08T19:29:35.0259936Z         elif case == "unknown":
2026-10-08T19:29:35.0260033Z             args += ["--timezone", "UTC"]
2026-10-08T19:29:35.0260137Z         elif case == "duplicate-input":
2026-10-08T19:29:35.0260225Z             args += ["--input", source]
2026-10-08T19:29:35.0260334Z         elif case == "duplicate-output":
2026-10-08T19:29:35.0260432Z             args += ["--output", output]
2026-10-08T19:29:35.0260524Z         elif case == "duplicate-new":
2026-10-08T19:29:35.0260649Z             args += ["--new-calendar", "--new-calendar"]
2026-10-08T19:29:35.0260740Z         elif case == "help-mixed":
2026-10-08T19:29:35.0260828Z             args += ["--help"]
2026-10-08T19:29:35.0260913Z         elif case == "stdin":
2026-10-08T19:29:35.0261032Z             args = ["--input", "-", "--output", output]
2026-10-08T19:29:35.0261130Z         elif case == "existing-new":
2026-10-08T19:29:35.0261227Z             args += ["--new-calendar"]
2026-10-08T19:29:35.0261322Z         elif case == "missing-output":
2026-10-08T19:29:35.0261408Z             args = ["--input", source]
2026-10-08T19:29:35.0261507Z         before = _snapshot(directory)
2026-10-08T19:29:35.0261589Z         p = _cli(args)
2026-10-08T19:29:35.0261817Z >       assert p.returncode == 2 and p.stdout == b"", (p.returncode, p.stdout, p.stderr)
2026-10-08T19:29:35.0261999Z E       AssertionError: (1, b'', b"node:internal/modules/cjs/loader:1433
2026-10-08T19:29:35.0262085Z E           throw err;
2026-10-08T19:29:35.0262164Z E           ^
2026-10-08T19:29:35.0262239Z E         
2026-10-08T19:29:35.0262517Z E         Error: Cannot find module '/home/runner/work/ta... node:internal/main/run_main_module:36:49 {
2026-10-08T19:29:35.0262610Z E           code: 'MODULE_NOT_FOUND',
2026-10-08T19:29:35.0262703Z E           requireStack: []
2026-10-08T19:29:35.0262776Z E         }
2026-10-08T19:29:35.0262857Z E         
2026-10-08T19:29:35.0262944Z E         Node.js v22.23.3
2026-10-08T19:29:35.0263017Z E         ")
2026-10-08T19:29:35.0263104Z E       assert (1 == 2)
2026-10-08T19:29:35.0263993Z E        +  where 1 = CompletedProcess(args=['/usr/local/bin/node', '/home/runner/work/tastetable/tastetable/tools/saved_week_to_calendar.mj... node:internal/main/run_main_module:36:49 {\n  code: 'MODULE_NOT_FOUND',\n  requireStack: []\n}\n\nNode.js v22.23.3\n").returncode
2026-10-08T19:29:35.0264000Z 
2026-10-08T19:29:35.0264200Z tests/test_saved_week_calendar_receiving_ultra.py:537: AssertionError
2026-10-08T19:29:35.0264408Z _____________ test_actual_argument_refusals_leave_no_output[stdin] _____________
2026-10-08T19:29:35.0264414Z 
2026-10-08T19:29:35.0264910Z week = {'format': 'tastetable.saved-week.v1', 'receivedAt': '2027-12-31T23:59:59.789Z', 'savedAt': '2028-02-27T19:08:07.006Z', 'calendarId': '0123456789abcdef0123456789abcdef', ...}
2026-10-08T19:29:35.0265155Z tmp_path = PosixPath('/tmp/pytest-of-runner/pytest-0/test_actual_argument_refusals_6')
2026-10-08T19:29:35.0265390Z case = 'stdin'
2026-10-08T19:29:35.0265397Z 
2026-10-08T19:29:35.0265511Z     @pytest.mark.parametrize("case", [
2026-10-08T19:29:35.0265719Z         "none", "unknown", "duplicate-input", "duplicate-output", "duplicate-new",
2026-10-08T19:29:35.0265871Z         "help-mixed", "stdin", "existing-new", "missing-output",
2026-10-08T19:29:35.0265949Z     ])
2026-10-08T19:29:35.0266150Z     def test_actual_argument_refusals_leave_no_output(week, tmp_path, case):
2026-10-08T19:29:35.0266241Z         text = _text(week)
2026-10-08T19:29:35.0266374Z         directory, source, output = _files(tmp_path, text)
2026-10-08T19:29:35.0266501Z         args = ["--input", source, "--output", output]
2026-10-08T19:29:35.0266593Z         if case == "none":
2026-10-08T19:29:35.0266671Z             args = []
2026-10-08T19:29:35.0266763Z         elif case == "unknown":
2026-10-08T19:29:35.0266858Z             args += ["--timezone", "UTC"]
2026-10-08T19:29:35.0267079Z         elif case == "duplicate-input":
2026-10-08T19:29:35.0267167Z             args += ["--input", source]
2026-10-08T19:29:35.0267273Z         elif case == "duplicate-output":
2026-10-08T19:29:35.0267373Z             args += ["--output", output]
2026-10-08T19:29:35.0267468Z         elif case == "duplicate-new":
2026-10-08T19:29:35.0267595Z             args += ["--new-calendar", "--new-calendar"]
2026-10-08T19:29:35.0267692Z         elif case == "help-mixed":
2026-10-08T19:29:35.0267784Z             args += ["--help"]
2026-10-08T19:29:35.0267870Z         elif case == "stdin":
2026-10-08T19:29:35.0267991Z             args = ["--input", "-", "--output", output]
2026-10-08T19:29:35.0268089Z         elif case == "existing-new":
2026-10-08T19:29:35.0268180Z             args += ["--new-calendar"]
2026-10-08T19:29:35.0268280Z         elif case == "missing-output":
2026-10-08T19:29:35.0268368Z             args = ["--input", source]
2026-10-08T19:29:35.0268465Z         before = _snapshot(directory)
2026-10-08T19:29:35.0268549Z         p = _cli(args)
2026-10-08T19:29:35.0268774Z >       assert p.returncode == 2 and p.stdout == b"", (p.returncode, p.stdout, p.stderr)
2026-10-08T19:29:35.0268957Z E       AssertionError: (1, b'', b"node:internal/modules/cjs/loader:1433
2026-10-08T19:29:35.0269037Z E           throw err;
2026-10-08T19:29:35.0269118Z E           ^
2026-10-08T19:29:35.0269191Z E         
2026-10-08T19:29:35.0269479Z E         Error: Cannot find module '/home/runner/work/ta... node:internal/main/run_main_module:36:49 {
2026-10-08T19:29:35.0269571Z E           code: 'MODULE_NOT_FOUND',
2026-10-08T19:29:35.0269667Z E           requireStack: []
2026-10-08T19:29:35.0269750Z E         }
2026-10-08T19:29:35.0269824Z E         
2026-10-08T19:29:35.0269913Z E         Node.js v22.23.3
2026-10-08T19:29:35.0269987Z E         ")
2026-10-08T19:29:35.0270076Z E       assert (1 == 2)
2026-10-08T19:29:35.0270883Z E        +  where 1 = CompletedProcess(args=['/usr/local/bin/node', '/home/runner/work/tastetable/tastetable/tools/saved_week_to_calendar.mj... node:internal/main/run_main_module:36:49 {\n  code: 'MODULE_NOT_FOUND',\n  requireStack: []\n}\n\nNode.js v22.23.3\n").returncode
2026-10-08T19:29:35.0270892Z 
2026-10-08T19:29:35.0271082Z tests/test_saved_week_calendar_receiving_ultra.py:537: AssertionError
2026-10-08T19:29:35.0271295Z _________ test_actual_argument_refusals_leave_no_output[existing-new] __________
2026-10-08T19:29:35.0271300Z 
2026-10-08T19:29:35.0271898Z week = {'format': 'tastetable.saved-week.v1', 'receivedAt': '2027-12-31T23:59:59.789Z', 'savedAt': '2028-02-27T19:08:07.006Z', 'calendarId': '0123456789abcdef0123456789abcdef', ...}
2026-10-08T19:29:35.0272148Z tmp_path = PosixPath('/tmp/pytest-of-runner/pytest-0/test_actual_argument_refusals_7')
2026-10-08T19:29:35.0272234Z case = 'existing-new'
2026-10-08T19:29:35.0272246Z 
2026-10-08T19:29:35.0272352Z     @pytest.mark.parametrize("case", [
2026-10-08T19:29:35.0272559Z         "none", "unknown", "duplicate-input", "duplicate-output", "duplicate-new",
2026-10-08T19:29:35.0272706Z         "help-mixed", "stdin", "existing-new", "missing-output",
2026-10-08T19:29:35.0272785Z     ])
2026-10-08T19:29:35.0272979Z     def test_actual_argument_refusals_leave_no_output(week, tmp_path, case):
2026-10-08T19:29:35.0273067Z         text = _text(week)
2026-10-08T19:29:35.0273207Z         directory, source, output = _files(tmp_path, text)
2026-10-08T19:29:35.0273325Z         args = ["--input", source, "--output", output]
2026-10-08T19:29:35.0273414Z         if case == "none":
2026-10-08T19:29:35.0273492Z             args = []
2026-10-08T19:29:35.0273583Z         elif case == "unknown":
2026-10-08T19:29:35.0273678Z             args += ["--timezone", "UTC"]
2026-10-08T19:29:35.0273782Z         elif case == "duplicate-input":
2026-10-08T19:29:35.0273871Z             args += ["--input", source]
2026-10-08T19:29:35.0273975Z         elif case == "duplicate-output":
2026-10-08T19:29:35.0274067Z             args += ["--output", output]
2026-10-08T19:29:35.0274243Z         elif case == "duplicate-new":
2026-10-08T19:29:35.0274365Z             args += ["--new-calendar", "--new-calendar"]
2026-10-08T19:29:35.0274462Z         elif case == "help-mixed":
2026-10-08T19:29:35.0274550Z             args += ["--help"]
2026-10-08T19:29:35.0274635Z         elif case == "stdin":
2026-10-08T19:29:35.0274749Z             args = ["--input", "-", "--output", output]
2026-10-08T19:29:35.0274840Z         elif case == "existing-new":
2026-10-08T19:29:35.0274934Z             args += ["--new-calendar"]
2026-10-08T19:29:35.0275028Z         elif case == "missing-output":
2026-10-08T19:29:35.0275119Z             args = ["--input", source]
2026-10-08T19:29:35.0275214Z         before = _snapshot(directory)
2026-10-08T19:29:35.0275422Z         p = _cli(args)
2026-10-08T19:29:35.0275639Z >       assert p.returncode == 2 and p.stdout == b"", (p.returncode, p.stdout, p.stderr)
2026-10-08T19:29:35.0275811Z E       AssertionError: (1, b'', b"node:internal/modules/cjs/loader:1433
2026-10-08T19:29:35.0275897Z E           throw err;
2026-10-08T19:29:35.0275970Z E           ^
2026-10-08T19:29:35.0276045Z E         
2026-10-08T19:29:35.0276320Z E         Error: Cannot find module '/home/runner/work/ta... node:internal/main/run_main_module:36:49 {
2026-10-08T19:29:35.0276413Z E           code: 'MODULE_NOT_FOUND',
2026-10-08T19:29:35.0276501Z E           requireStack: []
2026-10-08T19:29:35.0276573Z E         }
2026-10-08T19:29:35.0276647Z E         
2026-10-08T19:29:35.0276731Z E         Node.js v22.23.3
2026-10-08T19:29:35.0276806Z E         ")
2026-10-08T19:29:35.0276885Z E       assert (1 == 2)
2026-10-08T19:29:35.0277687Z E        +  where 1 = CompletedProcess(args=['/usr/local/bin/node', '/home/runner/work/tastetable/tastetable/tools/saved_week_to_calendar.mj... node:internal/main/run_main_module:36:49 {\n  code: 'MODULE_NOT_FOUND',\n  requireStack: []\n}\n\nNode.js v22.23.3\n").returncode
2026-10-08T19:29:35.0277693Z 
2026-10-08T19:29:35.0277880Z tests/test_saved_week_calendar_receiving_ultra.py:537: AssertionError
2026-10-08T19:29:35.0278092Z ________ test_actual_argument_refusals_leave_no_output[missing-output] _________
2026-10-08T19:29:35.0278097Z 
2026-10-08T19:29:35.0278586Z week = {'format': 'tastetable.saved-week.v1', 'receivedAt': '2027-12-31T23:59:59.789Z', 'savedAt': '2028-02-27T19:08:07.006Z', 'calendarId': '0123456789abcdef0123456789abcdef', ...}
2026-10-08T19:29:35.0278824Z tmp_path = PosixPath('/tmp/pytest-of-runner/pytest-0/test_actual_argument_refusals_8')
2026-10-08T19:29:35.0279025Z case = 'missing-output'
2026-10-08T19:29:35.0279031Z 
2026-10-08T19:29:35.0279141Z     @pytest.mark.parametrize("case", [
2026-10-08T19:29:35.0279342Z         "none", "unknown", "duplicate-input", "duplicate-output", "duplicate-new",
2026-10-08T19:29:35.0279488Z         "help-mixed", "stdin", "existing-new", "missing-output",
2026-10-08T19:29:35.0279566Z     ])
2026-10-08T19:29:35.0279758Z     def test_actual_argument_refusals_leave_no_output(week, tmp_path, case):
2026-10-08T19:29:35.0279843Z         text = _text(week)
2026-10-08T19:29:35.0279977Z         directory, source, output = _files(tmp_path, text)
2026-10-08T19:29:35.0280095Z         args = ["--input", source, "--output", output]
2026-10-08T19:29:35.0280175Z         if case == "none":
2026-10-08T19:29:35.0280253Z             args = []
2026-10-08T19:29:35.0280343Z         elif case == "unknown":
2026-10-08T19:29:35.0280433Z             args += ["--timezone", "UTC"]
2026-10-08T19:29:35.0280532Z         elif case == "duplicate-input":
2026-10-08T19:29:35.0280617Z             args += ["--input", source]
2026-10-08T19:29:35.0280713Z         elif case == "duplicate-output":
2026-10-08T19:29:35.0280800Z             args += ["--output", output]
2026-10-08T19:29:35.0280895Z         elif case == "duplicate-new":
2026-10-08T19:29:35.0281015Z             args += ["--new-calendar", "--new-calendar"]
2026-10-08T19:29:35.0281105Z         elif case == "help-mixed":
2026-10-08T19:29:35.0281190Z             args += ["--help"]
2026-10-08T19:29:35.0281273Z         elif case == "stdin":
2026-10-08T19:29:35.0281493Z             args = ["--input", "-", "--output", output]
2026-10-08T19:29:35.0281583Z         elif case == "existing-new":
2026-10-08T19:29:35.0281676Z             args += ["--new-calendar"]
2026-10-08T19:29:35.0281767Z         elif case == "missing-output":
2026-10-08T19:29:35.0281854Z             args = ["--input", source]
2026-10-08T19:29:35.0281948Z         before = _snapshot(directory)
2026-10-08T19:29:35.0282026Z         p = _cli(args)
2026-10-08T19:29:35.0282244Z >       assert p.returncode == 2 and p.stdout == b"", (p.returncode, p.stdout, p.stderr)
2026-10-08T19:29:35.0282419Z E       AssertionError: (1, b'', b"node:internal/modules/cjs/loader:1433
2026-10-08T19:29:35.0282505Z E           throw err;
2026-10-08T19:29:35.0282579Z E           ^
2026-10-08T19:29:35.0282665Z E         
2026-10-08T19:29:35.0282938Z E         Error: Cannot find module '/home/runner/work/ta... node:internal/main/run_main_module:36:49 {
2026-10-08T19:29:35.0283030Z E           code: 'MODULE_NOT_FOUND',
2026-10-08T19:29:35.0283126Z E           requireStack: []
2026-10-08T19:29:35.0283199Z E         }
2026-10-08T19:29:35.0283276Z E         
2026-10-08T19:29:35.0283358Z E         Node.js v22.23.3
2026-10-08T19:29:35.0283436Z E         ")
2026-10-08T19:29:35.0283523Z E       assert (1 == 2)
2026-10-08T19:29:35.0284327Z E        +  where 1 = CompletedProcess(args=['/usr/local/bin/node', '/home/runner/work/tastetable/tastetable/tools/saved_week_to_calendar.mj... node:internal/main/run_main_module:36:49 {\n  code: 'MODULE_NOT_FOUND',\n  requireStack: []\n}\n\nNode.js v22.23.3\n").returncode
2026-10-08T19:29:35.0284332Z 
2026-10-08T19:29:35.0284521Z tests/test_saved_week_calendar_receiving_ultra.py:537: AssertionError
2026-10-08T19:29:35.0284709Z _________________ test_help_is_standalone_and_creates_nothing __________________
2026-10-08T19:29:35.0284714Z 
2026-10-08T19:29:35.0284993Z tmp_path = PosixPath('/tmp/pytest-of-runner/pytest-0/test_help_is_standalone_and_cr0')
2026-10-08T19:29:35.0285002Z 
2026-10-08T19:29:35.0285163Z     def test_help_is_standalone_and_creates_nothing(tmp_path):
2026-10-08T19:29:35.0285528Z         before = _snapshot(tmp_path)
2026-10-08T19:29:35.0285700Z         p = _cli(["--help"], cwd=tmp_path)
2026-10-08T19:29:35.0285994Z >       assert p.returncode == 0 and p.stderr == b"" and b"--input" in p.stdout and b"--output" in p.stdout
2026-10-08T19:29:35.0286083Z E       assert (1 == 0)
2026-10-08T19:29:35.0287033Z E        +  where 1 = CompletedProcess(args=['/usr/local/bin/node', '/home/runner/work/tastetable/tastetable/tools/saved_week_to_calendar.mj... node:internal/main/run_main_module:36:49 {\n  code: 'MODULE_NOT_FOUND',\n  requireStack: []\n}\n\nNode.js v22.23.3\n").returncode
2026-10-08T19:29:35.0287040Z 
2026-10-08T19:29:35.0287231Z tests/test_saved_week_calendar_receiving_ultra.py:544: AssertionError
2026-10-08T19:29:35.0287464Z _ test_explicit_delivery_fault_boundaries_and_completed_file_diagnostic[observe] _
2026-10-08T19:29:35.0287469Z 
2026-10-08T19:29:35.0287974Z week = {'format': 'tastetable.saved-week.v1', 'receivedAt': '2027-12-31T23:59:59.789Z', 'savedAt': '2028-02-27T19:08:07.006Z', 'calendarId': '0123456789abcdef0123456789abcdef', ...}
2026-10-08T19:29:35.0288212Z tmp_path = PosixPath('/tmp/pytest-of-runner/pytest-0/test_explicit_delivery_fault_b0')
2026-10-08T19:29:35.0288300Z mode = 'observe'
2026-10-08T19:29:35.0288305Z 
2026-10-08T19:29:35.0288562Z     @pytest.mark.parametrize("mode", ["observe", "race", "link-failure", "cleanup", "receipt"])
2026-10-08T19:29:35.0288854Z     def test_explicit_delivery_fault_boundaries_and_completed_file_diagnostic(week, tmp_path, mode):
2026-10-08T19:29:35.0288947Z         text = _text(week)
2026-10-08T19:29:35.0289040Z         expected = _oracle(text)
2026-10-08T19:29:35.0289183Z         directory, source, output = _files(tmp_path, text)
2026-10-08T19:29:35.0289277Z         before = _snapshot(directory)
2026-10-08T19:29:35.0289407Z         preload = tmp_path / "delivery-preload.cjs"
2026-10-08T19:29:35.0289513Z         preload.write_text(DELIVERY_PRELOAD)
2026-10-08T19:29:35.0289750Z         trace_path = tmp_path / "delivery-trace.json"
2026-10-08T19:29:35.0289954Z         p = _cli(["--input", source, "--output", output], preload=preload, extra_env={
2026-10-08T19:29:35.0290214Z             "TT_REVIEW_FAULT": mode, "TT_REVIEW_OUTPUT": str(output), "TT_REVIEW_TRACE": str(trace_path),
2026-10-08T19:29:35.0290293Z         })
2026-10-08T19:29:35.0290470Z         assert trace_path.is_file(), (p.returncode, p.stdout, p.stderr)
2026-10-08T19:29:35.0290591Z         trace = json.loads(trace_path.read_text())
2026-10-08T19:29:35.0290699Z >       assert len(trace["linkCalls"]) == 1, trace
2026-10-08T19:29:35.0290985Z E       AssertionError: {'mode': 'observe', 'linkCalls': [], 'published': False, 'cleanupAttempts': 0, ...}
2026-10-08T19:29:35.0291073Z E       assert 0 == 1
2026-10-08T19:29:35.0291159Z E        +  where 0 = len([])
2026-10-08T19:29:35.0291165Z 
2026-10-08T19:29:35.0291358Z tests/test_saved_week_calendar_receiving_ultra.py:562: AssertionError
2026-10-08T19:29:35.0291582Z _ test_explicit_delivery_fault_boundaries_and_completed_file_diagnostic[race] __
2026-10-08T19:29:35.0291587Z 
2026-10-08T19:29:35.0292080Z week = {'format': 'tastetable.saved-week.v1', 'receivedAt': '2027-12-31T23:59:59.789Z', 'savedAt': '2028-02-27T19:08:07.006Z', 'calendarId': '0123456789abcdef0123456789abcdef', ...}
2026-10-08T19:29:35.0292324Z tmp_path = PosixPath('/tmp/pytest-of-runner/pytest-0/test_explicit_delivery_fault_b1')
2026-10-08T19:29:35.0292404Z mode = 'race'
2026-10-08T19:29:35.0292409Z 
2026-10-08T19:29:35.0292667Z     @pytest.mark.parametrize("mode", ["observe", "race", "link-failure", "cleanup", "receipt"])
2026-10-08T19:29:35.0292950Z     def test_explicit_delivery_fault_boundaries_and_completed_file_diagnostic(week, tmp_path, mode):
2026-10-08T19:29:35.0293039Z         text = _text(week)
2026-10-08T19:29:35.0293139Z         expected = _oracle(text)
2026-10-08T19:29:35.0293275Z         directory, source, output = _files(tmp_path, text)
2026-10-08T19:29:35.0293379Z         before = _snapshot(directory)
2026-10-08T19:29:35.0293503Z         preload = tmp_path / "delivery-preload.cjs"
2026-10-08T19:29:35.0293620Z         preload.write_text(DELIVERY_PRELOAD)
2026-10-08T19:29:35.0293743Z         trace_path = tmp_path / "delivery-trace.json"
2026-10-08T19:29:35.0293948Z         p = _cli(["--input", source, "--output", output], preload=preload, extra_env={
2026-10-08T19:29:35.0294295Z             "TT_REVIEW_FAULT": mode, "TT_REVIEW_OUTPUT": str(output), "TT_REVIEW_TRACE": str(trace_path),
2026-10-08T19:29:35.0294371Z         })
2026-10-08T19:29:35.0294553Z         assert trace_path.is_file(), (p.returncode, p.stdout, p.stderr)
2026-10-08T19:29:35.0294666Z         trace = json.loads(trace_path.read_text())
2026-10-08T19:29:35.0294780Z >       assert len(trace["linkCalls"]) == 1, trace
2026-10-08T19:29:35.0295042Z E       AssertionError: {'mode': 'race', 'linkCalls': [], 'published': False, 'cleanupAttempts': 0, ...}
2026-10-08T19:29:35.0295131Z E       assert 0 == 1
2026-10-08T19:29:35.0295231Z E        +  where 0 = len([])
2026-10-08T19:29:35.0295239Z 
2026-10-08T19:29:35.0295798Z tests/test_saved_week_calendar_receiving_ultra.py:562: AssertionError
2026-10-08T19:29:35.0296089Z _ test_explicit_delivery_fault_boundaries_and_completed_file_diagnostic[link-failure] _
2026-10-08T19:29:35.0296096Z 
2026-10-08T19:29:35.0296613Z week = {'format': 'tastetable.saved-week.v1', 'receivedAt': '2027-12-31T23:59:59.789Z', 'savedAt': '2028-02-27T19:08:07.006Z', 'calendarId': '0123456789abcdef0123456789abcdef', ...}
2026-10-08T19:29:35.0296859Z tmp_path = PosixPath('/tmp/pytest-of-runner/pytest-0/test_explicit_delivery_fault_b2')
2026-10-08T19:29:35.0296962Z mode = 'link-failure'
2026-10-08T19:29:35.0296967Z 
2026-10-08T19:29:35.0297225Z     @pytest.mark.parametrize("mode", ["observe", "race", "link-failure", "cleanup", "receipt"])
2026-10-08T19:29:35.0297514Z     def test_explicit_delivery_fault_boundaries_and_completed_file_diagnostic(week, tmp_path, mode):
2026-10-08T19:29:35.0297744Z         text = _text(week)
2026-10-08T19:29:35.0297842Z         expected = _oracle(text)
2026-10-08T19:29:35.0297985Z         directory, source, output = _files(tmp_path, text)
2026-10-08T19:29:35.0298086Z         before = _snapshot(directory)
2026-10-08T19:29:35.0298213Z         preload = tmp_path / "delivery-preload.cjs"
2026-10-08T19:29:35.0298319Z         preload.write_text(DELIVERY_PRELOAD)
2026-10-08T19:29:35.0298451Z         trace_path = tmp_path / "delivery-trace.json"
2026-10-08T19:29:35.0298651Z         p = _cli(["--input", source, "--output", output], preload=preload, extra_env={
2026-10-08T19:29:35.0298913Z             "TT_REVIEW_FAULT": mode, "TT_REVIEW_OUTPUT": str(output), "TT_REVIEW_TRACE": str(trace_path),
2026-10-08T19:29:35.0298991Z         })
2026-10-08T19:29:35.0299163Z         assert trace_path.is_file(), (p.returncode, p.stdout, p.stderr)
2026-10-08T19:29:35.0299283Z         trace = json.loads(trace_path.read_text())
2026-10-08T19:29:35.0299388Z >       assert len(trace["linkCalls"]) == 1, trace
2026-10-08T19:29:35.0299701Z E       AssertionError: {'mode': 'link-failure', 'linkCalls': [], 'published': False, 'cleanupAttempts': 0, ...}
2026-10-08T19:29:35.0299788Z E       assert 0 == 1
2026-10-08T19:29:35.0299873Z E        +  where 0 = len([])
2026-10-08T19:29:35.0299879Z 
2026-10-08T19:29:35.0300071Z tests/test_saved_week_calendar_receiving_ultra.py:562: AssertionError
2026-10-08T19:29:35.0300302Z _ test_explicit_delivery_fault_boundaries_and_completed_file_diagnostic[cleanup] _
2026-10-08T19:29:35.0300307Z 
2026-10-08T19:29:35.0300800Z week = {'format': 'tastetable.saved-week.v1', 'receivedAt': '2027-12-31T23:59:59.789Z', 'savedAt': '2028-02-27T19:08:07.006Z', 'calendarId': '0123456789abcdef0123456789abcdef', ...}
2026-10-08T19:29:35.0301042Z tmp_path = PosixPath('/tmp/pytest-of-runner/pytest-0/test_explicit_delivery_fault_b3')
2026-10-08T19:29:35.0301123Z mode = 'cleanup'
2026-10-08T19:29:35.0301128Z 
2026-10-08T19:29:35.0301383Z     @pytest.mark.parametrize("mode", ["observe", "race", "link-failure", "cleanup", "receipt"])
2026-10-08T19:29:35.0301663Z     def test_explicit_delivery_fault_boundaries_and_completed_file_diagnostic(week, tmp_path, mode):
2026-10-08T19:29:35.0301754Z         text = _text(week)
2026-10-08T19:29:35.0301849Z         expected = _oracle(text)
2026-10-08T19:29:35.0301981Z         directory, source, output = _files(tmp_path, text)
2026-10-08T19:29:35.0302084Z         before = _snapshot(directory)
2026-10-08T19:29:35.0302350Z         preload = tmp_path / "delivery-preload.cjs"
2026-10-08T19:29:35.0302473Z         preload.write_text(DELIVERY_PRELOAD)
2026-10-08T19:29:35.0302599Z         trace_path = tmp_path / "delivery-trace.json"
2026-10-08T19:29:35.0302800Z         p = _cli(["--input", source, "--output", output], preload=preload, extra_env={
2026-10-08T19:29:35.0303063Z             "TT_REVIEW_FAULT": mode, "TT_REVIEW_OUTPUT": str(output), "TT_REVIEW_TRACE": str(trace_path),
2026-10-08T19:29:35.0303137Z         })
2026-10-08T19:29:35.0303313Z         assert trace_path.is_file(), (p.returncode, p.stdout, p.stderr)
2026-10-08T19:29:35.0303428Z         trace = json.loads(trace_path.read_text())
2026-10-08T19:29:35.0303541Z >       assert len(trace["linkCalls"]) == 1, trace
2026-10-08T19:29:35.0303816Z E       AssertionError: {'mode': 'cleanup', 'linkCalls': [], 'published': False, 'cleanupAttempts': 0, ...}
2026-10-08T19:29:35.0303905Z E       assert 0 == 1
2026-10-08T19:29:35.0303993Z E        +  where 0 = len([])
2026-10-08T19:29:35.0304002Z 
2026-10-08T19:29:35.0304183Z tests/test_saved_week_calendar_receiving_ultra.py:562: AssertionError
2026-10-08T19:29:35.0304409Z _ test_explicit_delivery_fault_boundaries_and_completed_file_diagnostic[receipt] _
2026-10-08T19:29:35.0304414Z 
2026-10-08T19:29:35.0304896Z week = {'format': 'tastetable.saved-week.v1', 'receivedAt': '2027-12-31T23:59:59.789Z', 'savedAt': '2028-02-27T19:08:07.006Z', 'calendarId': '0123456789abcdef0123456789abcdef', ...}
2026-10-08T19:29:35.0305135Z tmp_path = PosixPath('/tmp/pytest-of-runner/pytest-0/test_explicit_delivery_fault_b4')
2026-10-08T19:29:35.0305615Z mode = 'receipt'
2026-10-08T19:29:35.0305626Z 
2026-10-08T19:29:35.0305954Z     @pytest.mark.parametrize("mode", ["observe", "race", "link-failure", "cleanup", "receipt"])
2026-10-08T19:29:35.0306244Z     def test_explicit_delivery_fault_boundaries_and_completed_file_diagnostic(week, tmp_path, mode):
2026-10-08T19:29:35.0306329Z         text = _text(week)
2026-10-08T19:29:35.0306428Z         expected = _oracle(text)
2026-10-08T19:29:35.0306566Z         directory, source, output = _files(tmp_path, text)
2026-10-08T19:29:35.0306663Z         before = _snapshot(directory)
2026-10-08T19:29:35.0306788Z         preload = tmp_path / "delivery-preload.cjs"
2026-10-08T19:29:35.0306893Z         preload.write_text(DELIVERY_PRELOAD)
2026-10-08T19:29:35.0307020Z         trace_path = tmp_path / "delivery-trace.json"
2026-10-08T19:29:35.0307212Z         p = _cli(["--input", source, "--output", output], preload=preload, extra_env={
2026-10-08T19:29:35.0307474Z             "TT_REVIEW_FAULT": mode, "TT_REVIEW_OUTPUT": str(output), "TT_REVIEW_TRACE": str(trace_path),
2026-10-08T19:29:35.0307551Z         })
2026-10-08T19:29:35.0307720Z         assert trace_path.is_file(), (p.returncode, p.stdout, p.stderr)
2026-10-08T19:29:35.0307836Z         trace = json.loads(trace_path.read_text())
2026-10-08T19:29:35.0307942Z >       assert len(trace["linkCalls"]) == 1, trace
2026-10-08T19:29:35.0308222Z E       AssertionError: {'mode': 'receipt', 'linkCalls': [], 'published': False, 'cleanupAttempts': 0, ...}
2026-10-08T19:29:35.0308309Z E       assert 0 == 1
2026-10-08T19:29:35.0308391Z E        +  where 0 = len([])
2026-10-08T19:29:35.0308395Z 
2026-10-08T19:29:35.0308579Z tests/test_saved_week_calendar_receiving_ultra.py:562: AssertionError
2026-10-08T19:29:35.0308721Z =============================== warnings summary ===============================
2026-10-08T19:29:35.0309019Z ../../../../../opt/hostedtoolcache/Python/3.12.15/x64/lib/python3.12/site-packages/fastapi/testclient.py:1
2026-10-08T19:29:35.0309692Z   /opt/hostedtoolcache/Python/3.12.15/x64/lib/python3.12/site-packages/fastapi/testclient.py:1: StarletteDeprecationWarning: Using `httpx` with `starlette.testclient` is deprecated; install `httpx2` instead.
2026-10-08T19:29:35.0309870Z     from starlette.testclient import TestClient as TestClient  # noqa
2026-10-08T19:29:35.0309876Z 
2026-10-08T19:29:35.0310096Z -- Docs: https://docs.pytest.org/en/stable/how-to/capture-warnings.html
2026-10-08T19:29:35.0310369Z =========================== short test summary info ============================
2026-10-08T19:29:35.0311053Z FAILED tests/test_saved_week_calendar_receiving_ultra.py::test_public_api_preserves_exact_native_bytes_and_frozen_receipt_fields[mock] - AssertionError: (1, '', "node:internal/modules/esm/resolve:275
2026-10-08T19:29:35.0311159Z       throw new ERR_MODULE_NOT_FOUND(
2026-10-08T19:29:35.0311235Z             ^
2026-10-08T19:29:35.0311321Z   
2026-10-08T19:29:35.0311412Z   Error [ERR_MODULE_...',
2026-10-08T19:29:35.0311667Z     url: 'file:///home/runner/work/tastetable/tastetable/tools/saved_week_to_calendar.mjs'
2026-10-08T19:29:35.0311740Z   }
2026-10-08T19:29:35.0311818Z   
2026-10-08T19:29:35.0311899Z   Node.js v22.23.3
2026-10-08T19:29:35.0311976Z   ")
2026-10-08T19:29:35.0312058Z assert 1 == 0
2026-10-08T19:29:35.0312846Z  +  where 1 = CompletedProcess(args=['/usr/local/bin/node', '--input-type=module', '-e', '\nimport fs from "node:fs";\nimport path f...',\n  url: 'file:///home/runner/work/tastetable/tastetable/tools/saved_week_to_calendar.mjs'\n}\n\nNode.js v22.23.3\n").returncode
2026-10-08T19:29:35.0313461Z FAILED tests/test_saved_week_calendar_receiving_ultra.py::test_public_api_preserves_exact_native_bytes_and_frozen_receipt_fields[live] - AssertionError: (1, '', "node:internal/modules/esm/resolve:275
2026-10-08T19:29:35.0313558Z       throw new ERR_MODULE_NOT_FOUND(
2026-10-08T19:29:35.0313635Z             ^
2026-10-08T19:29:35.0313709Z   
2026-10-08T19:29:35.0313796Z   Error [ERR_MODULE_...',
2026-10-08T19:29:35.0314144Z     url: 'file:///home/runner/work/tastetable/tastetable/tools/saved_week_to_calendar.mjs'
2026-10-08T19:29:35.0314215Z   }
2026-10-08T19:29:35.0314292Z   
2026-10-08T19:29:35.0314371Z   Node.js v22.23.3
2026-10-08T19:29:35.0314447Z   ")
2026-10-08T19:29:35.0314528Z assert 1 == 0
2026-10-08T19:29:35.0315576Z  +  where 1 = CompletedProcess(args=['/usr/local/bin/node', '--input-type=module', '-e', '\nimport fs from "node:fs";\nimport path f...',\n  url: 'file:///home/runner/work/tastetable/tastetable/tools/saved_week_to_calendar.mjs'\n}\n\nNode.js v22.23.3\n").returncode
2026-10-08T19:29:35.0316349Z FAILED tests/test_saved_week_calendar_receiving_ultra.py::test_public_api_preserves_exact_native_bytes_and_frozen_receipt_fields[bom] - AssertionError: (1, '', "node:internal/modules/esm/resolve:275
2026-10-08T19:29:35.0316449Z       throw new ERR_MODULE_NOT_FOUND(
2026-10-08T19:29:35.0316528Z             ^
2026-10-08T19:29:35.0316605Z   
2026-10-08T19:29:35.0316691Z   Error [ERR_MODULE_...',
2026-10-08T19:29:35.0316934Z     url: 'file:///home/runner/work/tastetable/tastetable/tools/saved_week_to_calendar.mjs'
2026-10-08T19:29:35.0317006Z   }
2026-10-08T19:29:35.0317082Z   
2026-10-08T19:29:35.0317161Z   Node.js v22.23.3
2026-10-08T19:29:35.0317239Z   ")
2026-10-08T19:29:35.0317318Z assert 1 == 0
2026-10-08T19:29:35.0318091Z  +  where 1 = CompletedProcess(args=['/usr/local/bin/node', '--input-type=module', '-e', '\nimport fs from "node:fs";\nimport path f...',\n  url: 'file:///home/runner/work/tastetable/tastetable/tools/saved_week_to_calendar.mjs'\n}\n\nNode.js v22.23.3\n").returncode
2026-10-08T19:29:35.0318670Z FAILED tests/test_saved_week_calendar_receiving_ultra.py::test_actual_cli_exact_file_receipt_and_repeat_identity[False] - AssertionError: (1, b'', b"node:internal/modules/cjs/loader:1433
2026-10-08T19:29:35.0318747Z     throw err;
2026-10-08T19:29:35.0318827Z     ^
2026-10-08T19:29:35.0318899Z   
2026-10-08T19:29:35.0319162Z   Error: Cannot find module '/home/runner/work/ta... node:internal/main/run_main_module:36:49 {
2026-10-08T19:29:35.0319262Z     code: 'MODULE_NOT_FOUND',
2026-10-08T19:29:35.0319347Z     requireStack: []
2026-10-08T19:29:35.0319424Z   }
2026-10-08T19:29:35.0319497Z   
2026-10-08T19:29:35.0319581Z   Node.js v22.23.3
2026-10-08T19:29:35.0319652Z   ")
2026-10-08T19:29:35.0319735Z assert 1 == 0
2026-10-08T19:29:35.0320704Z  +  where 1 = CompletedProcess(args=['/usr/local/bin/node', '/home/runner/work/tastetable/tastetable/tools/saved_week_to_calendar.mj... node:internal/main/run_main_module:36:49 {\n  code: 'MODULE_NOT_FOUND',\n  requireStack: []\n}\n\nNode.js v22.23.3\n").returncode
2026-10-08T19:29:35.0321281Z FAILED tests/test_saved_week_calendar_receiving_ultra.py::test_actual_cli_exact_file_receipt_and_repeat_identity[True] - AssertionError: (1, b'', b"node:internal/modules/cjs/loader:1433
2026-10-08T19:29:35.0321364Z     throw err;
2026-10-08T19:29:35.0321436Z     ^
2026-10-08T19:29:35.0321511Z   
2026-10-08T19:29:35.0321763Z   Error: Cannot find module '/home/runner/work/ta... node:internal/main/run_main_module:36:49 {
2026-10-08T19:29:35.0321861Z     code: 'MODULE_NOT_FOUND',
2026-10-08T19:29:35.0321948Z     requireStack: []
2026-10-08T19:29:35.0322018Z   }
2026-10-08T19:29:35.0322097Z   
2026-10-08T19:29:35.0322174Z   Node.js v22.23.3
2026-10-08T19:29:35.0322250Z   ")
2026-10-08T19:29:35.0322326Z assert 1 == 0
2026-10-08T19:29:35.0323121Z  +  where 1 = CompletedProcess(args=['/usr/local/bin/node', '/home/runner/work/tastetable/tastetable/tools/saved_week_to_calendar.mj... node:internal/main/run_main_module:36:49 {\n  code: 'MODULE_NOT_FOUND',\n  requireStack: []\n}\n\nNode.js v22.23.3\n").returncode
2026-10-08T19:29:35.0323729Z FAILED tests/test_saved_week_calendar_receiving_ultra.py::test_null_identity_requires_explicit_api_choice_and_retains_timestamps - AssertionError: (1, '', "node:internal/modules/esm/resolve:275
2026-10-08T19:29:35.0323825Z       throw new ERR_MODULE_NOT_FOUND(
2026-10-08T19:29:35.0323904Z             ^
2026-10-08T19:29:35.0323974Z   
2026-10-08T19:29:35.0324179Z   Error [ERR_MODULE_...',
2026-10-08T19:29:35.0324418Z     url: 'file:///home/runner/work/tastetable/tastetable/tools/saved_week_to_calendar.mjs'
2026-10-08T19:29:35.0324496Z   }
2026-10-08T19:29:35.0324572Z   
2026-10-08T19:29:35.0324653Z   Node.js v22.23.3
2026-10-08T19:29:35.0324729Z   ")
2026-10-08T19:29:35.0324804Z assert 1 == 0
2026-10-08T19:29:35.0325775Z  +  where 1 = CompletedProcess(args=['/usr/local/bin/node', '--input-type=module', '-e', '\nimport fs from "node:fs";\nimport path f...',\n  url: 'file:///home/runner/work/tastetable/tastetable/tools/saved_week_to_calendar.mjs'\n}\n\nNode.js v22.23.3\n").returncode
2026-10-08T19:29:35.0326444Z FAILED tests/test_saved_week_calendar_receiving_ultra.py::test_existing_identity_refuses_even_equal_api_override[0123456789abcdef0123456789abcdef] - AssertionError: (1, '', "node:internal/modules/esm/resolve:275
2026-10-08T19:29:35.0326539Z       throw new ERR_MODULE_NOT_FOUND(
2026-10-08T19:29:35.0326617Z             ^
2026-10-08T19:29:35.0326691Z   
2026-10-08T19:29:35.0326783Z   Error [ERR_MODULE_...',
2026-10-08T19:29:35.0327013Z     url: 'file:///home/runner/work/tastetable/tastetable/tools/saved_week_to_calendar.mjs'
2026-10-08T19:29:35.0327091Z   }
2026-10-08T19:29:35.0327166Z   
2026-10-08T19:29:35.0327245Z   Node.js v22.23.3
2026-10-08T19:29:35.0327322Z   ")
2026-10-08T19:29:35.0327399Z assert 1 == 0
2026-10-08T19:29:35.0328176Z  +  where 1 = CompletedProcess(args=['/usr/local/bin/node', '--input-type=module', '-e', '\nimport fs from "node:fs";\nimport path f...',\n  url: 'file:///home/runner/work/tastetable/tastetable/tools/saved_week_to_calendar.mjs'\n}\n\nNode.js v22.23.3\n").returncode
2026-10-08T19:29:35.0328849Z FAILED tests/test_saved_week_calendar_receiving_ultra.py::test_existing_identity_refuses_even_equal_api_override[ffffffffffffffffffffffffffffffff] - AssertionError: (1, '', "node:internal/modules/esm/resolve:275
2026-10-08T19:29:35.0328950Z       throw new ERR_MODULE_NOT_FOUND(
2026-10-08T19:29:35.0329029Z             ^
2026-10-08T19:29:35.0329103Z   
2026-10-08T19:29:35.0329197Z   Error [ERR_MODULE_...',
2026-10-08T19:29:35.0329428Z     url: 'file:///home/runner/work/tastetable/tastetable/tools/saved_week_to_calendar.mjs'
2026-10-08T19:29:35.0329505Z   }
2026-10-08T19:29:35.0329575Z   
2026-10-08T19:29:35.0329660Z   Node.js v22.23.3
2026-10-08T19:29:35.0329738Z   ")
2026-10-08T19:29:35.0329813Z assert 1 == 0
2026-10-08T19:29:35.0330712Z  +  where 1 = CompletedProcess(args=['/usr/local/bin/node', '--input-type=module', '-e', '\nimport fs from "node:fs";\nimport path f...',\n  url: 'file:///home/runner/work/tastetable/tastetable/tools/saved_week_to_calendar.mjs'\n}\n\nNode.js v22.23.3\n").returncode
2026-10-08T19:29:35.0331267Z FAILED tests/test_saved_week_calendar_receiving_ultra.py::test_new_api_identity_must_be_explicit_native_identifier[] - AssertionError: (1, '', "node:internal/modules/esm/resolve:275
2026-10-08T19:29:35.0331367Z       throw new ERR_MODULE_NOT_FOUND(
2026-10-08T19:29:35.0331444Z             ^
2026-10-08T19:29:35.0331519Z   
2026-10-08T19:29:35.0331610Z   Error [ERR_MODULE_...',
2026-10-08T19:29:35.0331842Z     url: 'file:///home/runner/work/tastetable/tastetable/tools/saved_week_to_calendar.mjs'
2026-10-08T19:29:35.0331919Z   }
2026-10-08T19:29:35.0331989Z   
2026-10-08T19:29:35.0332073Z   Node.js v22.23.3
2026-10-08T19:29:35.0332144Z   ")
2026-10-08T19:29:35.0332225Z assert 1 == 0
2026-10-08T19:29:35.0332997Z  +  where 1 = CompletedProcess(args=['/usr/local/bin/node', '--input-type=module', '-e', '\nimport fs from "node:fs";\nimport path f...',\n  url: 'file:///home/runner/work/tastetable/tastetable/tools/saved_week_to_calendar.mjs'\n}\n\nNode.js v22.23.3\n").returncode
2026-10-08T19:29:35.0333673Z FAILED tests/test_saved_week_calendar_receiving_ultra.py::test_new_api_identity_must_be_explicit_native_identifier[ABCDEF0123456789ABCDEF0123456789AB] - AssertionError: (1, '', "node:internal/modules/esm/resolve:275
2026-10-08T19:29:35.0333777Z       throw new ERR_MODULE_NOT_FOUND(
2026-10-08T19:29:35.0333960Z             ^
2026-10-08T19:29:35.0334039Z   
2026-10-08T19:29:35.0334132Z   Error [ERR_MODULE_...',
2026-10-08T19:29:35.0334362Z     url: 'file:///home/runner/work/tastetable/tastetable/tools/saved_week_to_calendar.mjs'
2026-10-08T19:29:35.0334441Z   }
2026-10-08T19:29:35.0334512Z   
2026-10-08T19:29:35.0334597Z   Node.js v22.23.3
2026-10-08T19:29:35.0334667Z   ")
2026-10-08T19:29:35.0334753Z assert 1 == 0
2026-10-08T19:29:35.0335837Z  +  where 1 = CompletedProcess(args=['/usr/local/bin/node', '--input-type=module', '-e', '\nimport fs from "node:fs";\nimport path f...',\n  url: 'file:///home/runner/work/tastetable/tastetable/tools/saved_week_to_calendar.mjs'\n}\n\nNode.js v22.23.3\n").returncode
2026-10-08T19:29:35.0336522Z FAILED tests/test_saved_week_calendar_receiving_ultra.py::test_new_api_identity_must_be_explicit_native_identifier[aaaaaaaaaaaaaaaaaaaaaaaaaaaaaaa] - AssertionError: (1, '', "node:internal/modules/esm/resolve:275
2026-10-08T19:29:35.0336627Z       throw new ERR_MODULE_NOT_FOUND(
2026-10-08T19:29:35.0336704Z             ^
2026-10-08T19:29:35.0336782Z   
2026-10-08T19:29:35.0336873Z   Error [ERR_MODULE_...',
2026-10-08T19:29:35.0337101Z     url: 'file:///home/runner/work/tastetable/tastetable/tools/saved_week_to_calendar.mjs'
2026-10-08T19:29:35.0337178Z   }
2026-10-08T19:29:35.0337248Z   
2026-10-08T19:29:35.0337331Z   Node.js v22.23.3
2026-10-08T19:29:35.0337404Z   ")
2026-10-08T19:29:35.0337484Z assert 1 == 0
2026-10-08T19:29:35.0338246Z  +  where 1 = CompletedProcess(args=['/usr/local/bin/node', '--input-type=module', '-e', '\nimport fs from "node:fs";\nimport path f...',\n  url: 'file:///home/runner/work/tastetable/tastetable/tools/saved_week_to_calendar.mjs'\n}\n\nNode.js v22.23.3\n").returncode
2026-10-08T19:29:35.0338798Z FAILED tests/test_saved_week_calendar_receiving_ultra.py::test_new_api_identity_must_be_explicit_native_identifier[7] - AssertionError: (1, '', "node:internal/modules/esm/resolve:275
2026-10-08T19:29:35.0338897Z       throw new ERR_MODULE_NOT_FOUND(
2026-10-08T19:29:35.0338972Z             ^
2026-10-08T19:29:35.0339049Z   
2026-10-08T19:29:35.0339139Z   Error [ERR_MODULE_...',
2026-10-08T19:29:35.0339366Z     url: 'file:///home/runner/work/tastetable/tastetable/tools/saved_week_to_calendar.mjs'
2026-10-08T19:29:35.0339443Z   }
2026-10-08T19:29:35.0339514Z   
2026-10-08T19:29:35.0339596Z   Node.js v22.23.3
2026-10-08T19:29:35.0339668Z   ")
2026-10-08T19:29:35.0339749Z assert 1 == 0
2026-10-08T19:29:35.0340638Z  +  where 1 = CompletedProcess(args=['/usr/local/bin/node', '--input-type=module', '-e', '\nimport fs from "node:fs";\nimport path f...',\n  url: 'file:///home/runner/work/tastetable/tastetable/tools/saved_week_to_calendar.mjs'\n}\n\nNode.js v22.23.3\n").returncode
2026-10-08T19:29:35.0341215Z FAILED tests/test_saved_week_calendar_receiving_ultra.py::test_new_api_identity_must_be_explicit_native_identifier[None] - AssertionError: (1, '', "node:internal/modules/esm/resolve:275
2026-10-08T19:29:35.0341311Z       throw new ERR_MODULE_NOT_FOUND(
2026-10-08T19:29:35.0341386Z             ^
2026-10-08T19:29:35.0341462Z   
2026-10-08T19:29:35.0341548Z   Error [ERR_MODULE_...',
2026-10-08T19:29:35.0341781Z     url: 'file:///home/runner/work/tastetable/tastetable/tools/saved_week_to_calendar.mjs'
2026-10-08T19:29:35.0341856Z   }
2026-10-08T19:29:35.0341926Z   
2026-10-08T19:29:35.0342009Z   Node.js v22.23.3
2026-10-08T19:29:35.0342081Z   ")
2026-10-08T19:29:35.0342161Z assert 1 == 0
2026-10-08T19:29:35.0342927Z  +  where 1 = CompletedProcess(args=['/usr/local/bin/node', '--input-type=module', '-e', '\nimport fs from "node:fs";\nimport path f...',\n  url: 'file:///home/runner/work/tastetable/tastetable/tools/saved_week_to_calendar.mjs'\n}\n\nNode.js v22.23.3\n").returncode
2026-10-08T19:29:35.0343375Z FAILED tests/test_saved_week_calendar_receiving_ultra.py::test_actual_cli_explicit_new_calendar_repeated_creations_are_distinct - assert (1 == 2)
2026-10-08T19:29:35.0344166Z  +  where 1 = CompletedProcess(args=['/usr/local/bin/node', '/home/runner/work/tastetable/tastetable/tools/saved_week_to_calendar.mj... node:internal/main/run_main_module:36:49 {\n  code: 'MODULE_NOT_FOUND',\n  requireStack: []\n}\n\nNode.js v22.23.3\n").returncode
2026-10-08T19:29:35.0344905Z FAILED tests/test_saved_week_calendar_receiving_ultra.py::test_public_api_and_cli_refuse_whole_native_invalid_input[unknown-source] - AssertionError: (1, '', "node:internal/modules/esm/resolve:275
2026-10-08T19:29:35.0345007Z       throw new ERR_MODULE_NOT_FOUND(
2026-10-08T19:29:35.0345084Z             ^
2026-10-08T19:29:35.0345158Z   
2026-10-08T19:29:35.0345457Z   Error [ERR_MODULE_...',
2026-10-08T19:29:35.0345727Z     url: 'file:///home/runner/work/tastetable/tastetable/tools/saved_week_to_calendar.mjs'
2026-10-08T19:29:35.0345802Z   }
2026-10-08T19:29:35.0345878Z   
2026-10-08T19:29:35.0345958Z   Node.js v22.23.3
2026-10-08T19:29:35.0346036Z   ")
2026-10-08T19:29:35.0346113Z assert 1 == 0
2026-10-08T19:29:35.0347034Z  +  where 1 = CompletedProcess(args=['/usr/local/bin/node', '--input-type=module', '-e', '\nimport fs from "node:fs";\nimport path f...',\n  url: 'file:///home/runner/work/tastetable/tastetable/tools/saved_week_to_calendar.mjs'\n}\n\nNode.js v22.23.3\n").returncode
2026-10-08T19:29:35.0348066Z FAILED tests/test_saved_week_calendar_receiving_ultra.py::test_public_api_and_cli_refuse_whole_native_invalid_input[all-omitted] - AssertionError: (1, '', "node:internal/modules/esm/resolve:275
2026-10-08T19:29:35.0348196Z       throw new ERR_MODULE_NOT_FOUND(
2026-10-08T19:29:35.0348281Z             ^
2026-10-08T19:29:35.0348357Z   
2026-10-08T19:29:35.0348456Z   Error [ERR_MODULE_...',
2026-10-08T19:29:35.0348707Z     url: 'file:///home/runner/work/tastetable/tastetable/tools/saved_week_to_calendar.mjs'
2026-10-08T19:29:35.0348784Z   }
2026-10-08T19:29:35.0348862Z   
2026-10-08T19:29:35.0348943Z   Node.js v22.23.3
2026-10-08T19:29:35.0349024Z   ")
2026-10-08T19:29:35.0349101Z assert 1 == 0
2026-10-08T19:29:35.0349887Z  +  where 1 = CompletedProcess(args=['/usr/local/bin/node', '--input-type=module', '-e', '\nimport fs from "node:fs";\nimport path f...',\n  url: 'file:///home/runner/work/tastetable/tastetable/tools/saved_week_to_calendar.mjs'\n}\n\nNode.js v22.23.3\n").returncode
2026-10-08T19:29:35.0350494Z FAILED tests/test_saved_week_calendar_receiving_ultra.py::test_public_api_and_cli_refuse_whole_native_invalid_input[invalid-date] - AssertionError: (1, '', "node:internal/modules/esm/resolve:275
2026-10-08T19:29:35.0350593Z       throw new ERR_MODULE_NOT_FOUND(
2026-10-08T19:29:35.0350820Z             ^
2026-10-08T19:29:35.0350896Z   
2026-10-08T19:29:35.0350991Z   Error [ERR_MODULE_...',
2026-10-08T19:29:35.0351227Z     url: 'file:///home/runner/work/tastetable/tastetable/tools/saved_week_to_calendar.mjs'
2026-10-08T19:29:35.0351304Z   }
2026-10-08T19:29:35.0351378Z   
2026-10-08T19:29:35.0351463Z   Node.js v22.23.3
2026-10-08T19:29:35.0351538Z   ")
2026-10-08T19:29:35.0351616Z assert 1 == 0
2026-10-08T19:29:35.0352383Z  +  where 1 = CompletedProcess(args=['/usr/local/bin/node', '--input-type=module', '-e', '\nimport fs from "node:fs";\nimport path f...',\n  url: 'file:///home/runner/work/tastetable/tastetable/tools/saved_week_to_calendar.mjs'\n}\n\nNode.js v22.23.3\n").returncode
2026-10-08T19:29:35.0352995Z FAILED tests/test_saved_week_calendar_receiving_ultra.py::test_public_api_and_cli_refuse_whole_native_invalid_input[extra-assignment] - AssertionError: (1, '', "node:internal/modules/esm/resolve:275
2026-10-08T19:29:35.0353095Z       throw new ERR_MODULE_NOT_FOUND(
2026-10-08T19:29:35.0353176Z             ^
2026-10-08T19:29:35.0353246Z   
2026-10-08T19:29:35.0353337Z   Error [ERR_MODULE_...',
2026-10-08T19:29:35.0353568Z     url: 'file:///home/runner/work/tastetable/tastetable/tools/saved_week_to_calendar.mjs'
2026-10-08T19:29:35.0353644Z   }
2026-10-08T19:29:35.0353713Z   
2026-10-08T19:29:35.0353800Z   Node.js v22.23.3
2026-10-08T19:29:35.0353877Z   ")
2026-10-08T19:29:35.0353953Z assert 1 == 0
2026-10-08T19:29:35.0354718Z  +  where 1 = CompletedProcess(args=['/usr/local/bin/node', '--input-type=module', '-e', '\nimport fs from "node:fs";\nimport path f...',\n  url: 'file:///home/runner/work/tastetable/tastetable/tools/saved_week_to_calendar.mjs'\n}\n\nNode.js v22.23.3\n").returncode
2026-10-08T19:29:35.0355611Z FAILED tests/test_saved_week_calendar_receiving_ultra.py::test_public_api_and_cli_refuse_whole_native_invalid_input[missing-calendar-id] - AssertionError: (1, '', "node:internal/modules/esm/resolve:275
2026-10-08T19:29:35.0355712Z       throw new ERR_MODULE_NOT_FOUND(
2026-10-08T19:29:35.0355793Z             ^
2026-10-08T19:29:35.0355864Z   
2026-10-08T19:29:35.0355957Z   Error [ERR_MODULE_...',
2026-10-08T19:29:35.0356186Z     url: 'file:///home/runner/work/tastetable/tastetable/tools/saved_week_to_calendar.mjs'
2026-10-08T19:29:35.0356262Z   }
2026-10-08T19:29:35.0356333Z   
2026-10-08T19:29:35.0356418Z   Node.js v22.23.3
2026-10-08T19:29:35.0356490Z   ")
2026-10-08T19:29:35.0356573Z assert 1 == 0
2026-10-08T19:29:35.0357341Z  +  where 1 = CompletedProcess(args=['/usr/local/bin/node', '--input-type=module', '-e', '\nimport fs from "node:fs";\nimport path f...',\n  url: 'file:///home/runner/work/tastetable/tastetable/tools/saved_week_to_calendar.mjs'\n}\n\nNode.js v22.23.3\n").returncode
2026-10-08T19:29:35.0357984Z FAILED tests/test_saved_week_calendar_receiving_ultra.py::test_public_api_and_cli_refuse_whole_native_invalid_input[mismatched-constraints] - AssertionError: (1, '', "node:internal/modules/esm/resolve:275
2026-10-08T19:29:35.0358085Z       throw new ERR_MODULE_NOT_FOUND(
2026-10-08T19:29:35.0358160Z             ^
2026-10-08T19:29:35.0358237Z   
2026-10-08T19:29:35.0358328Z   Error [ERR_MODULE_...',
2026-10-08T19:29:35.0358560Z     url: 'file:///home/runner/work/tastetable/tastetable/tools/saved_week_to_calendar.mjs'
2026-10-08T19:29:35.0358638Z   }
2026-10-08T19:29:35.0358709Z   
2026-10-08T19:29:35.0358793Z   Node.js v22.23.3
2026-10-08T19:29:35.0358864Z   ")
2026-10-08T19:29:35.0358947Z assert 1 == 0
2026-10-08T19:29:35.0359713Z  +  where 1 = CompletedProcess(args=['/usr/local/bin/node', '--input-type=module', '-e', '\nimport fs from "node:fs";\nimport path f...',\n  url: 'file:///home/runner/work/tastetable/tastetable/tools/saved_week_to_calendar.mjs'\n}\n\nNode.js v22.23.3\n").returncode
2026-10-08T19:29:35.0360367Z FAILED tests/test_saved_week_calendar_receiving_ultra.py::test_public_api_and_cli_refuse_whole_native_invalid_input[control-in-omitted-pick] - AssertionError: (1, '', "node:internal/modules/esm/resolve:275
2026-10-08T19:29:35.0360468Z       throw new ERR_MODULE_NOT_FOUND(
2026-10-08T19:29:35.0360659Z             ^
2026-10-08T19:29:35.0360739Z   
2026-10-08T19:29:35.0360831Z   Error [ERR_MODULE_...',
2026-10-08T19:29:35.0361062Z     url: 'file:///home/runner/work/tastetable/tastetable/tools/saved_week_to_calendar.mjs'
2026-10-08T19:29:35.0361138Z   }
2026-10-08T19:29:35.0361211Z   
2026-10-08T19:29:35.0361294Z   Node.js v22.23.3
2026-10-08T19:29:35.0361365Z   ")
2026-10-08T19:29:35.0361447Z assert 1 == 0
2026-10-08T19:29:35.0362214Z  +  where 1 = CompletedProcess(args=['/usr/local/bin/node', '--input-type=module', '-e', '\nimport fs from "node:fs";\nimport path f...',\n  url: 'file:///home/runner/work/tastetable/tastetable/tools/saved_week_to_calendar.mjs'\n}\n\nNode.js v22.23.3\n").returncode
2026-10-08T19:29:35.0362845Z FAILED tests/test_saved_week_calendar_receiving_ultra.py::test_public_api_and_cli_refuse_whole_native_invalid_input[surrogate-in-source] - AssertionError: (1, '', "node:internal/modules/esm/resolve:275
2026-10-08T19:29:35.0362948Z       throw new ERR_MODULE_NOT_FOUND(
2026-10-08T19:29:35.0363022Z             ^
2026-10-08T19:29:35.0363100Z   
2026-10-08T19:29:35.0363186Z   Error [ERR_MODULE_...',
2026-10-08T19:29:35.0363423Z     url: 'file:///home/runner/work/tastetable/tastetable/tools/saved_week_to_calendar.mjs'
2026-10-08T19:29:35.0363503Z   }
2026-10-08T19:29:35.0363575Z   
2026-10-08T19:29:35.0363660Z   Node.js v22.23.3
2026-10-08T19:29:35.0363731Z   ")
2026-10-08T19:29:35.0363816Z assert 1 == 0
2026-10-08T19:29:35.0364581Z  +  where 1 = CompletedProcess(args=['/usr/local/bin/node', '--input-type=module', '-e', '\nimport fs from "node:fs";\nimport path f...',\n  url: 'file:///home/runner/work/tastetable/tastetable/tools/saved_week_to_calendar.mjs'\n}\n\nNode.js v22.23.3\n").returncode
2026-10-08T19:29:35.0365580Z FAILED tests/test_saved_week_calendar_receiving_ultra.py::test_public_api_and_cli_refuse_whole_native_invalid_input[duplicate-original-slot] - AssertionError: (1, '', "node:internal/modules/esm/resolve:275
2026-10-08T19:29:35.0365706Z       throw new ERR_MODULE_NOT_FOUND(
2026-10-08T19:29:35.0365782Z             ^
2026-10-08T19:29:35.0365860Z   
2026-10-08T19:29:35.0365952Z   Error [ERR_MODULE_...',
2026-10-08T19:29:35.0366210Z     url: 'file:///home/runner/work/tastetable/tastetable/tools/saved_week_to_calendar.mjs'
2026-10-08T19:29:35.0366283Z   }
2026-10-08T19:29:35.0366362Z   
2026-10-08T19:29:35.0366447Z   Node.js v22.23.3
2026-10-08T19:29:35.0366518Z   ")
2026-10-08T19:29:35.0366600Z assert 1 == 0
2026-10-08T19:29:35.0367365Z  +  where 1 = CompletedProcess(args=['/usr/local/bin/node', '--input-type=module', '-e', '\nimport fs from "node:fs";\nimport path f...',\n  url: 'file:///home/runner/work/tastetable/tastetable/tools/saved_week_to_calendar.mjs'\n}\n\nNode.js v22.23.3\n").returncode
2026-10-08T19:29:35.0367966Z FAILED tests/test_saved_week_calendar_receiving_ultra.py::test_public_api_and_cli_refuse_whole_native_invalid_input[empty-plan] - AssertionError: (1, '', "node:internal/modules/esm/resolve:275
2026-10-08T19:29:35.0368073Z       throw new ERR_MODULE_NOT_FOUND(
2026-10-08T19:29:35.0368145Z             ^
2026-10-08T19:29:35.0368222Z   
2026-10-08T19:29:35.0368310Z   Error [ERR_MODULE_...',
2026-10-08T19:29:35.0368553Z     url: 'file:///home/runner/work/tastetable/tastetable/tools/saved_week_to_calendar.mjs'
2026-10-08T19:29:35.0368624Z   }
2026-10-08T19:29:35.0368699Z   
2026-10-08T19:29:35.0368781Z   Node.js v22.23.3
2026-10-08T19:29:35.0368852Z   ")
2026-10-08T19:29:35.0368932Z assert 1 == 0
2026-10-08T19:29:35.0369702Z  +  where 1 = CompletedProcess(args=['/usr/local/bin/node', '--input-type=module', '-e', '\nimport fs from "node:fs";\nimport path f...',\n  url: 'file:///home/runner/work/tastetable/tastetable/tools/saved_week_to_calendar.mjs'\n}\n\nNode.js v22.23.3\n").returncode
2026-10-08T19:29:35.0370278Z FAILED tests/test_saved_week_calendar_receiving_ultra.py::test_actual_cli_strict_bytes_and_size_are_atomic[trailing-junk] - AssertionError: (1, b"node:internal/modules/cjs/loader:1433
2026-10-08T19:29:35.0370354Z     throw err;
2026-10-08T19:29:35.0370554Z     ^
2026-10-08T19:29:35.0370634Z   
2026-10-08T19:29:35.0370923Z   Error: Cannot find module '/home/runner/work/tasteta... node:internal/main/run_main_module:36:49 {
2026-10-08T19:29:35.0371020Z     code: 'MODULE_NOT_FOUND',
2026-10-08T19:29:35.0371104Z     requireStack: []
2026-10-08T19:29:35.0371185Z   }
2026-10-08T19:29:35.0371256Z   
2026-10-08T19:29:35.0371341Z   Node.js v22.23.3
2026-10-08T19:29:35.0371415Z   ")
2026-10-08T19:29:35.0371492Z assert (1 == 2)
2026-10-08T19:29:35.0372284Z  +  where 1 = CompletedProcess(args=['/usr/local/bin/node', '/home/runner/work/tastetable/tastetable/tools/saved_week_to_calendar.mj... node:internal/main/run_main_module:36:49 {\n  code: 'MODULE_NOT_FOUND',\n  requireStack: []\n}\n\nNode.js v22.23.3\n").returncode
2026-10-08T19:29:35.0372835Z FAILED tests/test_saved_week_calendar_receiving_ultra.py::test_actual_cli_strict_bytes_and_size_are_atomic[double-bom] - AssertionError: (1, b"node:internal/modules/cjs/loader:1433
2026-10-08T19:29:35.0372920Z     throw err;
2026-10-08T19:29:35.0372997Z     ^
2026-10-08T19:29:35.0373068Z   
2026-10-08T19:29:35.0373343Z   Error: Cannot find module '/home/runner/work/tasteta... node:internal/main/run_main_module:36:49 {
2026-10-08T19:29:35.0373431Z     code: 'MODULE_NOT_FOUND',
2026-10-08T19:29:35.0373520Z     requireStack: []
2026-10-08T19:29:35.0373591Z   }
2026-10-08T19:29:35.0373671Z   
2026-10-08T19:29:35.0373749Z   Node.js v22.23.3
2026-10-08T19:29:35.0373827Z   ")
2026-10-08T19:29:35.0373909Z assert (1 == 2)
2026-10-08T19:29:35.0374840Z  +  where 1 = CompletedProcess(args=['/usr/local/bin/node', '/home/runner/work/tastetable/tastetable/tools/saved_week_to_calendar.mj... node:internal/main/run_main_module:36:49 {\n  code: 'MODULE_NOT_FOUND',\n  requireStack: []\n}\n\nNode.js v22.23.3\n").returncode
2026-10-08T19:29:35.0375681Z FAILED tests/test_saved_week_calendar_receiving_ultra.py::test_actual_cli_strict_bytes_and_size_are_atomic[invalid-utf8] - AssertionError: (1, b"node:internal/modules/cjs/loader:1433
2026-10-08T19:29:35.0375768Z     throw err;
2026-10-08T19:29:35.0375847Z     ^
2026-10-08T19:29:35.0375923Z   
2026-10-08T19:29:35.0376196Z   Error: Cannot find module '/home/runner/work/tasteta... node:internal/main/run_main_module:36:49 {
2026-10-08T19:29:35.0376290Z     code: 'MODULE_NOT_FOUND',
2026-10-08T19:29:35.0376376Z     requireStack: []
2026-10-08T19:29:35.0376452Z   }
2026-10-08T19:29:35.0376523Z   
2026-10-08T19:29:35.0376608Z   Node.js v22.23.3
2026-10-08T19:29:35.0376679Z   ")
2026-10-08T19:29:35.0376763Z assert (1 == 2)
2026-10-08T19:29:35.0377548Z  +  where 1 = CompletedProcess(args=['/usr/local/bin/node', '/home/runner/work/tastetable/tastetable/tools/saved_week_to_calendar.mj... node:internal/main/run_main_module:36:49 {\n  code: 'MODULE_NOT_FOUND',\n  requireStack: []\n}\n\nNode.js v22.23.3\n").returncode
2026-10-08T19:29:35.0378110Z FAILED tests/test_saved_week_calendar_receiving_ultra.py::test_actual_cli_strict_bytes_and_size_are_atomic[overlong-utf8] - AssertionError: (1, b"node:internal/modules/cjs/loader:1433
2026-10-08T19:29:35.0378192Z     throw err;
2026-10-08T19:29:35.0378263Z     ^
2026-10-08T19:29:35.0378341Z   
2026-10-08T19:29:35.0378613Z   Error: Cannot find module '/home/runner/work/tasteta... node:internal/main/run_main_module:36:49 {
2026-10-08T19:29:35.0378700Z     code: 'MODULE_NOT_FOUND',
2026-10-08T19:29:35.0378789Z     requireStack: []
2026-10-08T19:29:35.0378861Z   }
2026-10-08T19:29:35.0378939Z   
2026-10-08T19:29:35.0379018Z   Node.js v22.23.3
2026-10-08T19:29:35.0379096Z   ")
2026-10-08T19:29:35.0379178Z assert (1 == 2)
2026-10-08T19:29:35.0379966Z  +  where 1 = CompletedProcess(args=['/usr/local/bin/node', '/home/runner/work/tastetable/tastetable/tools/saved_week_to_calendar.mj... node:internal/main/run_main_module:36:49 {\n  code: 'MODULE_NOT_FOUND',\n  requireStack: []\n}\n\nNode.js v22.23.3\n").returncode
2026-10-08T19:29:35.0380654Z FAILED tests/test_saved_week_calendar_receiving_ultra.py::test_actual_cli_strict_bytes_and_size_are_atomic[utf8-surrogate] - AssertionError: (1, b"node:internal/modules/cjs/loader:1433
2026-10-08T19:29:35.0380735Z     throw err;
2026-10-08T19:29:35.0380813Z     ^
2026-10-08T19:29:35.0380885Z   
2026-10-08T19:29:35.0381166Z   Error: Cannot find module '/home/runner/work/tasteta... node:internal/main/run_main_module:36:49 {
2026-10-08T19:29:35.0381266Z     code: 'MODULE_NOT_FOUND',
2026-10-08T19:29:35.0381348Z     requireStack: []
2026-10-08T19:29:35.0381425Z   }
2026-10-08T19:29:35.0381497Z   
2026-10-08T19:29:35.0381582Z   Node.js v22.23.3
2026-10-08T19:29:35.0381655Z   ")
2026-10-08T19:29:35.0381740Z assert (1 == 2)
2026-10-08T19:29:35.0382529Z  +  where 1 = CompletedProcess(args=['/usr/local/bin/node', '/home/runner/work/tastetable/tastetable/tools/saved_week_to_calendar.mj... node:internal/main/run_main_module:36:49 {\n  code: 'MODULE_NOT_FOUND',\n  requireStack: []\n}\n\nNode.js v22.23.3\n").returncode
2026-10-08T19:29:35.0383072Z FAILED tests/test_saved_week_calendar_receiving_ultra.py::test_actual_cli_strict_bytes_and_size_are_atomic[oversize] - AssertionError: (1, b"node:internal/modules/cjs/loader:1433
2026-10-08T19:29:35.0383153Z     throw err;
2026-10-08T19:29:35.0383224Z     ^
2026-10-08T19:29:35.0383299Z   
2026-10-08T19:29:35.0383567Z   Error: Cannot find module '/home/runner/work/tasteta... node:internal/main/run_main_module:36:49 {
2026-10-08T19:29:35.0383661Z     code: 'MODULE_NOT_FOUND',
2026-10-08T19:29:35.0383747Z     requireStack: []
2026-10-08T19:29:35.0383818Z   }
2026-10-08T19:29:35.0383897Z   
2026-10-08T19:29:35.0383974Z   Node.js v22.23.3
2026-10-08T19:29:35.0384162Z   ")
2026-10-08T19:29:35.0384239Z assert (1 == 2)
2026-10-08T19:29:35.0385062Z  +  where 1 = CompletedProcess(args=['/usr/local/bin/node', '/home/runner/work/tastetable/tastetable/tools/saved_week_to_calendar.mj... node:internal/main/run_main_module:36:49 {\n  code: 'MODULE_NOT_FOUND',\n  requireStack: []\n}\n\nNode.js v22.23.3\n").returncode
2026-10-08T19:29:35.0385849Z FAILED tests/test_saved_week_calendar_receiving_ultra.py::test_exact_four_mib_valid_input_is_accepted_without_rewrite - AssertionError: (1, b'', b"node:internal/modules/cjs/loader:1433
2026-10-08T19:29:35.0385931Z     throw err;
2026-10-08T19:29:35.0386012Z     ^
2026-10-08T19:29:35.0386084Z   
2026-10-08T19:29:35.0386347Z   Error: Cannot find module '/home/runner/work/ta... node:internal/main/run_main_module:36:49 {
2026-10-08T19:29:35.0386443Z     code: 'MODULE_NOT_FOUND',
2026-10-08T19:29:35.0386530Z     requireStack: []
2026-10-08T19:29:35.0386610Z   }
2026-10-08T19:29:35.0386679Z   
2026-10-08T19:29:35.0386766Z   Node.js v22.23.3
2026-10-08T19:29:35.0386838Z   ")
2026-10-08T19:29:35.0386923Z assert 1 == 0
2026-10-08T19:29:35.0387707Z  +  where 1 = CompletedProcess(args=['/usr/local/bin/node', '/home/runner/work/tastetable/tastetable/tools/saved_week_to_calendar.mj... node:internal/main/run_main_module:36:49 {\n  code: 'MODULE_NOT_FOUND',\n  requireStack: []\n}\n\nNode.js v22.23.3\n").returncode
2026-10-08T19:29:35.0388261Z FAILED tests/test_saved_week_calendar_receiving_ultra.py::test_occupied_output_and_input_aliases_never_replace[file] - AssertionError: (1, b"node:internal/modules/cjs/loader:1433
2026-10-08T19:29:35.0388346Z     throw err;
2026-10-08T19:29:35.0388419Z     ^
2026-10-08T19:29:35.0388497Z   
2026-10-08T19:29:35.0388771Z   Error: Cannot find module '/home/runner/work/tasteta... node:internal/main/run_main_module:36:49 {
2026-10-08T19:29:35.0388868Z     code: 'MODULE_NOT_FOUND',
2026-10-08T19:29:35.0388956Z     requireStack: []
2026-10-08T19:29:35.0389029Z   }
2026-10-08T19:29:35.0389105Z   
2026-10-08T19:29:35.0389192Z   Node.js v22.23.3
2026-10-08T19:29:35.0389268Z   ")
2026-10-08T19:29:35.0389344Z assert (1 == 2)
2026-10-08T19:29:35.0390132Z  +  where 1 = CompletedProcess(args=['/usr/local/bin/node', '/home/runner/work/tastetable/tastetable/tools/saved_week_to_calendar.mj... node:internal/main/run_main_module:36:49 {\n  code: 'MODULE_NOT_FOUND',\n  requireStack: []\n}\n\nNode.js v22.23.3\n").returncode
2026-10-08T19:29:35.0390835Z FAILED tests/test_saved_week_calendar_receiving_ultra.py::test_occupied_output_and_input_aliases_never_replace[directory] - AssertionError: (1, b"node:internal/modules/cjs/loader:1433
2026-10-08T19:29:35.0390917Z     throw err;
2026-10-08T19:29:35.0390994Z     ^
2026-10-08T19:29:35.0391065Z   
2026-10-08T19:29:35.0391346Z   Error: Cannot find module '/home/runner/work/tasteta... node:internal/main/run_main_module:36:49 {
2026-10-08T19:29:35.0391435Z     code: 'MODULE_NOT_FOUND',
2026-10-08T19:29:35.0391523Z     requireStack: []
2026-10-08T19:29:35.0391599Z   }
2026-10-08T19:29:35.0391673Z   
2026-10-08T19:29:35.0391758Z   Node.js v22.23.3
2026-10-08T19:29:35.0391828Z   ")
2026-10-08T19:29:35.0391910Z assert (1 == 2)
2026-10-08T19:29:35.0392684Z  +  where 1 = CompletedProcess(args=['/usr/local/bin/node', '/home/runner/work/tastetable/tastetable/tools/saved_week_to_calendar.mj... node:internal/main/run_main_module:36:49 {\n  code: 'MODULE_NOT_FOUND',\n  requireStack: []\n}\n\nNode.js v22.23.3\n").returncode
2026-10-08T19:29:35.0393250Z FAILED tests/test_saved_week_calendar_receiving_ultra.py::test_occupied_output_and_input_aliases_never_replace[symlink] - AssertionError: (1, b"node:internal/modules/cjs/loader:1433
2026-10-08T19:29:35.0393335Z     throw err;
2026-10-08T19:29:35.0393407Z     ^
2026-10-08T19:29:35.0393484Z   
2026-10-08T19:29:35.0393754Z   Error: Cannot find module '/home/runner/work/tasteta... node:internal/main/run_main_module:36:49 {
2026-10-08T19:29:35.0393848Z     code: 'MODULE_NOT_FOUND',
2026-10-08T19:29:35.0393930Z     requireStack: []
2026-10-08T19:29:35.0394120Z   }
2026-10-08T19:29:35.0394195Z   
2026-10-08T19:29:35.0394275Z   Node.js v22.23.3
2026-10-08T19:29:35.0394352Z   ")
2026-10-08T19:29:35.0394428Z assert (1 == 2)
2026-10-08T19:29:35.0395213Z  +  where 1 = CompletedProcess(args=['/usr/local/bin/node', '/home/runner/work/tastetable/tastetable/tools/saved_week_to_calendar.mj... node:internal/main/run_main_module:36:49 {\n  code: 'MODULE_NOT_FOUND',\n  requireStack: []\n}\n\nNode.js v22.23.3\n").returncode
2026-10-08T19:29:35.0395908Z FAILED tests/test_saved_week_calendar_receiving_ultra.py::test_occupied_output_and_input_aliases_never_replace[dangling] - AssertionError: (1, b"node:internal/modules/cjs/loader:1433
2026-10-08T19:29:35.0395994Z     throw err;
2026-10-08T19:29:35.0396071Z     ^
2026-10-08T19:29:35.0396142Z   
2026-10-08T19:29:35.0396417Z   Error: Cannot find module '/home/runner/work/tasteta... node:internal/main/run_main_module:36:49 {
2026-10-08T19:29:35.0396507Z     code: 'MODULE_NOT_FOUND',
2026-10-08T19:29:35.0396595Z     requireStack: []
2026-10-08T19:29:35.0396669Z   }
2026-10-08T19:29:35.0396744Z   
2026-10-08T19:29:35.0396827Z   Node.js v22.23.3
2026-10-08T19:29:35.0396897Z   ")
2026-10-08T19:29:35.0396977Z assert (1 == 2)
2026-10-08T19:29:35.0397749Z  +  where 1 = CompletedProcess(args=['/usr/local/bin/node', '/home/runner/work/tastetable/tastetable/tools/saved_week_to_calendar.mj... node:internal/main/run_main_module:36:49 {\n  code: 'MODULE_NOT_FOUND',\n  requireStack: []\n}\n\nNode.js v22.23.3\n").returncode
2026-10-08T19:29:35.0398339Z FAILED tests/test_saved_week_calendar_receiving_ultra.py::test_occupied_output_and_input_aliases_never_replace[hardlink-input] - AssertionError: (1, b"node:internal/modules/cjs/loader:1433
2026-10-08T19:29:35.0398420Z     throw err;
2026-10-08T19:29:35.0398492Z     ^
2026-10-08T19:29:35.0398570Z   
2026-10-08T19:29:35.0398836Z   Error: Cannot find module '/home/runner/work/tasteta... node:internal/main/run_main_module:36:49 {
2026-10-08T19:29:35.0398931Z     code: 'MODULE_NOT_FOUND',
2026-10-08T19:29:35.0399016Z     requireStack: []
2026-10-08T19:29:35.0399095Z   }
2026-10-08T19:29:35.0399166Z   
2026-10-08T19:29:35.0399251Z   Node.js v22.23.3
2026-10-08T19:29:35.0399327Z   ")
2026-10-08T19:29:35.0399404Z assert (1 == 2)
2026-10-08T19:29:35.0400304Z  +  where 1 = CompletedProcess(args=['/usr/local/bin/node', '/home/runner/work/tastetable/tastetable/tools/saved_week_to_calendar.mj... node:internal/main/run_main_module:36:49 {\n  code: 'MODULE_NOT_FOUND',\n  requireStack: []\n}\n\nNode.js v22.23.3\n").returncode
2026-10-08T19:29:35.0400884Z FAILED tests/test_saved_week_calendar_receiving_ultra.py::test_occupied_output_and_input_aliases_never_replace[input-itself] - AssertionError: (1, b"node:internal/modules/cjs/loader:1433
2026-10-08T19:29:35.0400968Z     throw err;
2026-10-08T19:29:35.0401044Z     ^
2026-10-08T19:29:35.0401114Z   
2026-10-08T19:29:35.0401389Z   Error: Cannot find module '/home/runner/work/tasteta... node:internal/main/run_main_module:36:49 {
2026-10-08T19:29:35.0401477Z     code: 'MODULE_NOT_FOUND',
2026-10-08T19:29:35.0401568Z     requireStack: []
2026-10-08T19:29:35.0401638Z   }
2026-10-08T19:29:35.0401714Z   
2026-10-08T19:29:35.0401795Z   Node.js v22.23.3
2026-10-08T19:29:35.0401871Z   ")
2026-10-08T19:29:35.0401954Z assert (1 == 2)
2026-10-08T19:29:35.0402736Z  +  where 1 = CompletedProcess(args=['/usr/local/bin/node', '/home/runner/work/tastetable/tastetable/tools/saved_week_to_calendar.mj... node:internal/main/run_main_module:36:49 {\n  code: 'MODULE_NOT_FOUND',\n  requireStack: []\n}\n\nNode.js v22.23.3\n").returncode
2026-10-08T19:29:35.0403299Z FAILED tests/test_saved_week_calendar_receiving_ultra.py::test_nonregular_or_missing_input_is_bounded_refusal[directory] - AssertionError: (1, b"node:internal/modules/cjs/loader:1433
2026-10-08T19:29:35.0403375Z     throw err;
2026-10-08T19:29:35.0403455Z     ^
2026-10-08T19:29:35.0403531Z   
2026-10-08T19:29:35.0403798Z   Error: Cannot find module '/home/runner/work/tasteta... node:internal/main/run_main_module:36:49 {
2026-10-08T19:29:35.0404006Z     code: 'MODULE_NOT_FOUND',
2026-10-08T19:29:35.0404089Z     requireStack: []
2026-10-08T19:29:35.0404168Z   }
2026-10-08T19:29:35.0404238Z   
2026-10-08T19:29:35.0404320Z   Node.js v22.23.3
2026-10-08T19:29:35.0404396Z   ")
2026-10-08T19:29:35.0404473Z assert (1 == 2)
2026-10-08T19:29:35.0405381Z  +  where 1 = CompletedProcess(args=['/usr/local/bin/node', '/home/runner/work/tastetable/tastetable/tools/saved_week_to_calendar.mj... node:internal/main/run_main_module:36:49 {\n  code: 'MODULE_NOT_FOUND',\n  requireStack: []\n}\n\nNode.js v22.23.3\n").returncode
2026-10-08T19:29:35.0405927Z FAILED tests/test_saved_week_calendar_receiving_ultra.py::test_nonregular_or_missing_input_is_bounded_refusal[fifo] - AssertionError: (1, b"node:internal/modules/cjs/loader:1433
2026-10-08T19:29:35.0406009Z     throw err;
2026-10-08T19:29:35.0406079Z     ^
2026-10-08T19:29:35.0406156Z   
2026-10-08T19:29:35.0406428Z   Error: Cannot find module '/home/runner/work/tasteta... node:internal/main/run_main_module:36:49 {
2026-10-08T19:29:35.0406517Z     code: 'MODULE_NOT_FOUND',
2026-10-08T19:29:35.0406605Z     requireStack: []
2026-10-08T19:29:35.0406675Z   }
2026-10-08T19:29:35.0406751Z   
2026-10-08T19:29:35.0406831Z   Node.js v22.23.3
2026-10-08T19:29:35.0406908Z   ")
2026-10-08T19:29:35.0406991Z assert (1 == 2)
2026-10-08T19:29:35.0407775Z  +  where 1 = CompletedProcess(args=['/usr/local/bin/node', '/home/runner/work/tastetable/tastetable/tools/saved_week_to_calendar.mj... node:internal/main/run_main_module:36:49 {\n  code: 'MODULE_NOT_FOUND',\n  requireStack: []\n}\n\nNode.js v22.23.3\n").returncode
2026-10-08T19:29:35.0408333Z FAILED tests/test_saved_week_calendar_receiving_ultra.py::test_nonregular_or_missing_input_is_bounded_refusal[missing] - AssertionError: (1, b"node:internal/modules/cjs/loader:1433
2026-10-08T19:29:35.0408409Z     throw err;
2026-10-08T19:29:35.0408487Z     ^
2026-10-08T19:29:35.0408558Z   
2026-10-08T19:29:35.0408843Z   Error: Cannot find module '/home/runner/work/tasteta... node:internal/main/run_main_module:36:49 {
2026-10-08T19:29:35.0408941Z     code: 'MODULE_NOT_FOUND',
2026-10-08T19:29:35.0409022Z     requireStack: []
2026-10-08T19:29:35.0409099Z   }
2026-10-08T19:29:35.0409168Z   
2026-10-08T19:29:35.0409251Z   Node.js v22.23.3
2026-10-08T19:29:35.0409321Z   ")
2026-10-08T19:29:35.0409403Z assert (1 == 2)
2026-10-08T19:29:35.0410305Z  +  where 1 = CompletedProcess(args=['/usr/local/bin/node', '/home/runner/work/tastetable/tastetable/tools/saved_week_to_calendar.mj... node:internal/main/run_main_module:36:49 {\n  code: 'MODULE_NOT_FOUND',\n  requireStack: []\n}\n\nNode.js v22.23.3\n").returncode
2026-10-08T19:29:35.0410843Z FAILED tests/test_saved_week_calendar_receiving_ultra.py::test_actual_argument_refusals_leave_no_output[none] - AssertionError: (1, b'', b"node:internal/modules/cjs/loader:1433
2026-10-08T19:29:35.0410928Z     throw err;
2026-10-08T19:29:35.0410999Z     ^
2026-10-08T19:29:35.0411075Z   
2026-10-08T19:29:35.0411337Z   Error: Cannot find module '/home/runner/work/ta... node:internal/main/run_main_module:36:49 {
2026-10-08T19:29:35.0411429Z     code: 'MODULE_NOT_FOUND',
2026-10-08T19:29:35.0411514Z     requireStack: []
2026-10-08T19:29:35.0411585Z   }
2026-10-08T19:29:35.0411665Z   
2026-10-08T19:29:35.0411742Z   Node.js v22.23.3
2026-10-08T19:29:35.0411819Z   ")
2026-10-08T19:29:35.0411897Z assert (1 == 2)
2026-10-08T19:29:35.0412683Z  +  where 1 = CompletedProcess(args=['/usr/local/bin/node', '/home/runner/work/tastetable/tastetable/tools/saved_week_to_calendar.mj... node:internal/main/run_main_module:36:49 {\n  code: 'MODULE_NOT_FOUND',\n  requireStack: []\n}\n\nNode.js v22.23.3\n").returncode
2026-10-08T19:29:35.0413235Z FAILED tests/test_saved_week_calendar_receiving_ultra.py::test_actual_argument_refusals_leave_no_output[unknown] - AssertionError: (1, b'', b"node:internal/modules/cjs/loader:1433
2026-10-08T19:29:35.0413313Z     throw err;
2026-10-08T19:29:35.0413391Z     ^
2026-10-08T19:29:35.0413462Z   
2026-10-08T19:29:35.0413722Z   Error: Cannot find module '/home/runner/work/ta... node:internal/main/run_main_module:36:49 {
2026-10-08T19:29:35.0413955Z     code: 'MODULE_NOT_FOUND',
2026-10-08T19:29:35.0414040Z     requireStack: []
2026-10-08T19:29:35.0414115Z   }
2026-10-08T19:29:35.0414184Z   
2026-10-08T19:29:35.0414268Z   Node.js v22.23.3
2026-10-08T19:29:35.0414338Z   ")
2026-10-08T19:29:35.0414422Z assert (1 == 2)
2026-10-08T19:29:35.0415204Z  +  where 1 = CompletedProcess(args=['/usr/local/bin/node', '/home/runner/work/tastetable/tastetable/tools/saved_week_to_calendar.mj... node:internal/main/run_main_module:36:49 {\n  code: 'MODULE_NOT_FOUND',\n  requireStack: []\n}\n\nNode.js v22.23.3\n").returncode
2026-10-08T19:29:35.0416007Z FAILED tests/test_saved_week_calendar_receiving_ultra.py::test_actual_argument_refusals_leave_no_output[duplicate-input] - AssertionError: (1, b'', b"node:internal/modules/cjs/loader:1433
2026-10-08T19:29:35.0416094Z     throw err;
2026-10-08T19:29:35.0416164Z     ^
2026-10-08T19:29:35.0416240Z   
2026-10-08T19:29:35.0416488Z   Error: Cannot find module '/home/runner/work/ta... node:internal/main/run_main_module:36:49 {
2026-10-08T19:29:35.0416584Z     code: 'MODULE_NOT_FOUND',
2026-10-08T19:29:35.0416670Z     requireStack: []
2026-10-08T19:29:35.0416740Z   }
2026-10-08T19:29:35.0416816Z   
2026-10-08T19:29:35.0416893Z   Node.js v22.23.3
2026-10-08T19:29:35.0416968Z   ")
2026-10-08T19:29:35.0417045Z assert (1 == 2)
2026-10-08T19:29:35.0417833Z  +  where 1 = CompletedProcess(args=['/usr/local/bin/node', '/home/runner/work/tastetable/tastetable/tools/saved_week_to_calendar.mj... node:internal/main/run_main_module:36:49 {\n  code: 'MODULE_NOT_FOUND',\n  requireStack: []\n}\n\nNode.js v22.23.3\n").returncode
2026-10-08T19:29:35.0418418Z FAILED tests/test_saved_week_calendar_receiving_ultra.py::test_actual_argument_refusals_leave_no_output[duplicate-output] - AssertionError: (1, b'', b"node:internal/modules/cjs/loader:1433
2026-10-08T19:29:35.0418497Z     throw err;
2026-10-08T19:29:35.0418575Z     ^
2026-10-08T19:29:35.0418655Z   
2026-10-08T19:29:35.0418916Z   Error: Cannot find module '/home/runner/work/ta... node:internal/main/run_main_module:36:49 {
2026-10-08T19:29:35.0419005Z     code: 'MODULE_NOT_FOUND',
2026-10-08T19:29:35.0419095Z     requireStack: []
2026-10-08T19:29:35.0419172Z   }
2026-10-08T19:29:35.0419246Z   
2026-10-08T19:29:35.0419330Z   Node.js v22.23.3
2026-10-08T19:29:35.0419401Z   ")
2026-10-08T19:29:35.0419485Z assert (1 == 2)
2026-10-08T19:29:35.0420391Z  +  where 1 = CompletedProcess(args=['/usr/local/bin/node', '/home/runner/work/tastetable/tastetable/tools/saved_week_to_calendar.mj... node:internal/main/run_main_module:36:49 {\n  code: 'MODULE_NOT_FOUND',\n  requireStack: []\n}\n\nNode.js v22.23.3\n").returncode
2026-10-08T19:29:35.0420971Z FAILED tests/test_saved_week_calendar_receiving_ultra.py::test_actual_argument_refusals_leave_no_output[duplicate-new] - AssertionError: (1, b'', b"node:internal/modules/cjs/loader:1433
2026-10-08T19:29:35.0421052Z     throw err;
2026-10-08T19:29:35.0421125Z     ^
2026-10-08T19:29:35.0421205Z   
2026-10-08T19:29:35.0421455Z   Error: Cannot find module '/home/runner/work/ta... node:internal/main/run_main_module:36:49 {
2026-10-08T19:29:35.0421549Z     code: 'MODULE_NOT_FOUND',
2026-10-08T19:29:35.0421634Z     requireStack: []
2026-10-08T19:29:35.0421709Z   }
2026-10-08T19:29:35.0421785Z   
2026-10-08T19:29:35.0421863Z   Node.js v22.23.3
2026-10-08T19:29:35.0421942Z   ")
2026-10-08T19:29:35.0422019Z assert (1 == 2)
2026-10-08T19:29:35.0422808Z  +  where 1 = CompletedProcess(args=['/usr/local/bin/node', '/home/runner/work/tastetable/tastetable/tools/saved_week_to_calendar.mj... node:internal/main/run_main_module:36:49 {\n  code: 'MODULE_NOT_FOUND',\n  requireStack: []\n}\n\nNode.js v22.23.3\n").returncode
2026-10-08T19:29:35.0423368Z FAILED tests/test_saved_week_calendar_receiving_ultra.py::test_actual_argument_refusals_leave_no_output[help-mixed] - AssertionError: (1, b'', b"node:internal/modules/cjs/loader:1433
2026-10-08T19:29:35.0423445Z     throw err;
2026-10-08T19:29:35.0423524Z     ^
2026-10-08T19:29:35.0423718Z   
2026-10-08T19:29:35.0423975Z   Error: Cannot find module '/home/runner/work/ta... node:internal/main/run_main_module:36:49 {
2026-10-08T19:29:35.0424063Z     code: 'MODULE_NOT_FOUND',
2026-10-08T19:29:35.0424151Z     requireStack: []
2026-10-08T19:29:35.0424229Z   }
2026-10-08T19:29:35.0424299Z   
2026-10-08T19:29:35.0424383Z   Node.js v22.23.3
2026-10-08T19:29:35.0424455Z   ")
2026-10-08T19:29:35.0424540Z assert (1 == 2)
2026-10-08T19:29:35.0425539Z  +  where 1 = CompletedProcess(args=['/usr/local/bin/node', '/home/runner/work/tastetable/tastetable/tools/saved_week_to_calendar.mj... node:internal/main/run_main_module:36:49 {\n  code: 'MODULE_NOT_FOUND',\n  requireStack: []\n}\n\nNode.js v22.23.3\n").returncode
2026-10-08T19:29:35.0426096Z FAILED tests/test_saved_week_calendar_receiving_ultra.py::test_actual_argument_refusals_leave_no_output[stdin] - AssertionError: (1, b'', b"node:internal/modules/cjs/loader:1433
2026-10-08T19:29:35.0426179Z     throw err;
2026-10-08T19:29:35.0426253Z     ^
2026-10-08T19:29:35.0426327Z   
2026-10-08T19:29:35.0426572Z   Error: Cannot find module '/home/runner/work/ta... node:internal/main/run_main_module:36:49 {
2026-10-08T19:29:35.0426668Z     code: 'MODULE_NOT_FOUND',
2026-10-08T19:29:35.0426751Z     requireStack: []
2026-10-08T19:29:35.0426829Z   }
2026-10-08T19:29:35.0426905Z   
2026-10-08T19:29:35.0426985Z   Node.js v22.23.3
2026-10-08T19:29:35.0427061Z   ")
2026-10-08T19:29:35.0427139Z assert (1 == 2)
2026-10-08T19:29:35.0427927Z  +  where 1 = CompletedProcess(args=['/usr/local/bin/node', '/home/runner/work/tastetable/tastetable/tools/saved_week_to_calendar.mj... node:internal/main/run_main_module:36:49 {\n  code: 'MODULE_NOT_FOUND',\n  requireStack: []\n}\n\nNode.js v22.23.3\n").returncode
2026-10-08T19:29:35.0428484Z FAILED tests/test_saved_week_calendar_receiving_ultra.py::test_actual_argument_refusals_leave_no_output[existing-new] - AssertionError: (1, b'', b"node:internal/modules/cjs/loader:1433
2026-10-08T19:29:35.0428569Z     throw err;
2026-10-08T19:29:35.0428651Z     ^
2026-10-08T19:29:35.0428721Z   
2026-10-08T19:29:35.0428972Z   Error: Cannot find module '/home/runner/work/ta... node:internal/main/run_main_module:36:49 {
2026-10-08T19:29:35.0429059Z     code: 'MODULE_NOT_FOUND',
2026-10-08T19:29:35.0429146Z     requireStack: []
2026-10-08T19:29:35.0429217Z   }
2026-10-08T19:29:35.0429292Z   
2026-10-08T19:29:35.0429380Z   Node.js v22.23.3
2026-10-08T19:29:35.0429451Z   ")
2026-10-08T19:29:35.0429533Z assert (1 == 2)
2026-10-08T19:29:35.0430428Z  +  where 1 = CompletedProcess(args=['/usr/local/bin/node', '/home/runner/work/tastetable/tastetable/tools/saved_week_to_calendar.mj... node:internal/main/run_main_module:36:49 {\n  code: 'MODULE_NOT_FOUND',\n  requireStack: []\n}\n\nNode.js v22.23.3\n").returncode
2026-10-08T19:29:35.0431011Z FAILED tests/test_saved_week_calendar_receiving_ultra.py::test_actual_argument_refusals_leave_no_output[missing-output] - AssertionError: (1, b'', b"node:internal/modules/cjs/loader:1433
2026-10-08T19:29:35.0431097Z     throw err;
2026-10-08T19:29:35.0431167Z     ^
2026-10-08T19:29:35.0431243Z   
2026-10-08T19:29:35.0431486Z   Error: Cannot find module '/home/runner/work/ta... node:internal/main/run_main_module:36:49 {
2026-10-08T19:29:35.0431580Z     code: 'MODULE_NOT_FOUND',
2026-10-08T19:29:35.0431661Z     requireStack: []
2026-10-08T19:29:35.0431738Z   }
2026-10-08T19:29:35.0431808Z   
2026-10-08T19:29:35.0431892Z   Node.js v22.23.3
2026-10-08T19:29:35.0431968Z   ")
2026-10-08T19:29:35.0432047Z assert (1 == 2)
2026-10-08T19:29:35.0432828Z  +  where 1 = CompletedProcess(args=['/usr/local/bin/node', '/home/runner/work/tastetable/tastetable/tools/saved_week_to_calendar.mj... node:internal/main/run_main_module:36:49 {\n  code: 'MODULE_NOT_FOUND',\n  requireStack: []\n}\n\nNode.js v22.23.3\n").returncode
2026-10-08T19:29:35.0433179Z FAILED tests/test_saved_week_calendar_receiving_ultra.py::test_help_is_standalone_and_creates_nothing - assert (1 == 0)
2026-10-08T19:29:35.0433958Z  +  where 1 = CompletedProcess(args=['/usr/local/bin/node', '/home/runner/work/tastetable/tastetable/tools/saved_week_to_calendar.mj... node:internal/main/run_main_module:36:49 {\n  code: 'MODULE_NOT_FOUND',\n  requireStack: []\n}\n\nNode.js v22.23.3\n").returncode
2026-10-08T19:29:35.0434812Z FAILED tests/test_saved_week_calendar_receiving_ultra.py::test_explicit_delivery_fault_boundaries_and_completed_file_diagnostic[observe] - AssertionError: {'mode': 'observe', 'linkCalls': [], 'published': False, 'cleanupAttempts': 0, ...}
2026-10-08T19:29:35.0434892Z assert 0 == 1
2026-10-08T19:29:35.0434979Z  +  where 0 = len([])
2026-10-08T19:29:35.0435810Z FAILED tests/test_saved_week_calendar_receiving_ultra.py::test_explicit_delivery_fault_boundaries_and_completed_file_diagnostic[race] - AssertionError: {'mode': 'race', 'linkCalls': [], 'published': False, 'cleanupAttempts': 0, ...}
2026-10-08T19:29:35.0435895Z assert 0 == 1
2026-10-08T19:29:35.0435982Z  +  where 0 = len([])
2026-10-08T19:29:35.0436750Z FAILED tests/test_saved_week_calendar_receiving_ultra.py::test_explicit_delivery_fault_boundaries_and_completed_file_diagnostic[link-failure] - AssertionError: {'mode': 'link-failure', 'linkCalls': [], 'published': False, 'cleanupAttempts': 0, ...}
2026-10-08T19:29:35.0436835Z assert 0 == 1
2026-10-08T19:29:35.0436913Z  +  where 0 = len([])
2026-10-08T19:29:35.0437643Z FAILED tests/test_saved_week_calendar_receiving_ultra.py::test_explicit_delivery_fault_boundaries_and_completed_file_diagnostic[cleanup] - AssertionError: {'mode': 'cleanup', 'linkCalls': [], 'published': False, 'cleanupAttempts': 0, ...}
2026-10-08T19:29:35.0437726Z assert 0 == 1
2026-10-08T19:29:35.0437802Z  +  where 0 = len([])
2026-10-08T19:29:35.0438528Z FAILED tests/test_saved_week_calendar_receiving_ultra.py::test_explicit_delivery_fault_boundaries_and_completed_file_diagnostic[receipt] - AssertionError: {'mode': 'receipt', 'linkCalls': [], 'published': False, 'cleanupAttempts': 0, ...}
2026-10-08T19:29:35.0438603Z assert 0 == 1
2026-10-08T19:29:35.0438687Z  +  where 0 = len([])
2026-10-08T19:29:35.0438867Z 55 failed, 175 passed, 1 warning, 202 subtests passed in 13.89s
2026-10-08T19:29:35.0735135Z ##[error]Process completed with exit code 1.
2026-10-08T19:29:35.0895751Z Post job cleanup.
2026-10-08T19:29:35.1721005Z [command]/usr/bin/git version
2026-10-08T19:29:35.1774252Z git version 2.55.0
2026-10-08T19:29:35.1848145Z Temporarily overriding HOME='/home/runner/work/_temp/1d760ed3-397c-453e-833a-b4d49bebe912' before making global git config changes
2026-10-08T19:29:35.1848598Z Adding repository directory to the temporary git global config as a safe directory
2026-10-08T19:29:35.1852682Z [command]/usr/bin/git config --global --add safe.directory /home/runner/work/tastetable/tastetable
2026-10-08T19:29:35.1886303Z Removing SSH command configuration
2026-10-08T19:29:35.1892782Z [command]/usr/bin/git config --local --name-only --get-regexp core\.sshCommand
2026-10-08T19:29:35.1938816Z [command]/usr/bin/git submodule foreach --recursive sh -c "git config --local --name-only --get-regexp 'core\.sshCommand' && git config --local --unset-all 'core.sshCommand' || :"
2026-10-08T19:29:35.2210366Z Removing HTTP extra header
2026-10-08T19:29:35.2218344Z [command]/usr/bin/git config --local --name-only --get-regexp http\.https\:\/\/github\.com\/\.extraheader
2026-10-08T19:29:35.2258863Z [command]/usr/bin/git submodule foreach --recursive sh -c "git config --local --name-only --get-regexp 'http\.https\:\/\/github\.com\/\.extraheader' && git config --local --unset-all 'http.https://github.com/.extraheader' || :"
2026-10-08T19:29:35.2553180Z Removing includeIf entries pointing to credentials config files
2026-10-08T19:29:35.2554328Z [command]/usr/bin/git config --local --name-only --get-regexp ^includeIf\.gitdir:
2026-10-08T19:29:35.2587158Z includeif.gitdir:/home/runner/work/tastetable/tastetable/.git.path
2026-10-08T19:29:35.2588248Z includeif.gitdir:/home/runner/work/tastetable/tastetable/.git/worktrees/*.path
2026-10-08T19:29:35.2589085Z includeif.gitdir:/github/workspace/.git.path
2026-10-08T19:29:35.2590185Z includeif.gitdir:/github/workspace/.git/worktrees/*.path
2026-10-08T19:29:35.2594637Z [command]/usr/bin/git config --local --get-all includeif.gitdir:/home/runner/work/tastetable/tastetable/.git.path
2026-10-08T19:29:35.2633520Z /home/runner/work/_temp/git-credentials-76545c7b-ccb5-4e07-bc9e-8f96d84e5fab.config
2026-10-08T19:29:35.2650515Z [command]/usr/bin/git config --local --unset includeif.gitdir:/home/runner/work/tastetable/tastetable/.git.path \/home\/runner\/work\/_temp\/git\-credentials\-76545c7b\-ccb5\-4e07\-bc9e\-8f96d84e5fab\.config
2026-10-08T19:29:35.2710223Z [command]/usr/bin/git config --local --get-all includeif.gitdir:/home/runner/work/tastetable/tastetable/.git/worktrees/*.path
2026-10-08T19:29:35.2780926Z /home/runner/work/_temp/git-credentials-76545c7b-ccb5-4e07-bc9e-8f96d84e5fab.config
2026-10-08T19:29:35.2789897Z [command]/usr/bin/git config --local --unset includeif.gitdir:/home/runner/work/tastetable/tastetable/.git/worktrees/*.path \/home\/runner\/work\/_temp\/git\-credentials\-76545c7b\-ccb5\-4e07\-bc9e\-8f96d84e5fab\.config
2026-10-08T19:29:35.2842806Z [command]/usr/bin/git config --local --get-all includeif.gitdir:/github/workspace/.git.path
2026-10-08T19:29:35.2871782Z /github/runner_temp/git-credentials-76545c7b-ccb5-4e07-bc9e-8f96d84e5fab.config
2026-10-08T19:29:35.2879429Z [command]/usr/bin/git config --local --unset includeif.gitdir:/github/workspace/.git.path \/github\/runner_temp\/git\-credentials\-76545c7b\-ccb5\-4e07\-bc9e\-8f96d84e5fab\.config
2026-10-08T19:29:35.2918696Z [command]/usr/bin/git config --local --get-all includeif.gitdir:/github/workspace/.git/worktrees/*.path
2026-10-08T19:29:35.2947429Z /github/runner_temp/git-credentials-76545c7b-ccb5-4e07-bc9e-8f96d84e5fab.config
2026-10-08T19:29:35.2955150Z [command]/usr/bin/git config --local --unset includeif.gitdir:/github/workspace/.git/worktrees/*.path \/github\/runner_temp\/git\-credentials\-76545c7b\-ccb5\-4e07\-bc9e\-8f96d84e5fab\.config
2026-10-08T19:29:35.2994909Z [command]/usr/bin/git submodule foreach --recursive git config --local --show-origin --name-only --get-regexp remote.origin.url
2026-10-08T19:29:35.3244739Z Removing credentials config '/home/runner/work/_temp/git-credentials-76545c7b-ccb5-4e07-bc9e-8f96d84e5fab.config'
2026-10-08T19:29:35.3458951Z Cleaning up orphan processes
