2026-10-08T13:27:35.7698832Z Current runner version: '2.337.0'
2026-10-08T13:27:35.7725146Z ##[group]Runner Image Provisioner
2026-10-08T13:27:35.7725979Z Hosted Compute Agent
2026-10-08T13:27:35.7726662Z Version: 20261002.596
2026-10-08T13:27:35.7727325Z Commit: c3d12f3313a95f25162a1503be624f3b0617f8c0
2026-10-08T13:27:35.7728105Z Build Date: 2026-10-02T22:28:27Z
2026-10-08T13:27:35.7728812Z Worker ID: {b8d7f758-499b-4f49-9986-904cec901b6c}
2026-10-08T13:27:35.7729512Z Region: eastus2
2026-10-08T13:27:35.7730103Z Cloud: Azure
2026-10-08T13:27:35.7730673Z ##[endgroup]
2026-10-08T13:27:35.7732229Z ##[group]Operating System
2026-10-08T13:27:35.7732887Z Ubuntu
2026-10-08T13:27:35.7733400Z 24.04.5
2026-10-08T13:27:35.7733961Z LTS
2026-10-08T13:27:35.7734852Z ##[endgroup]
2026-10-08T13:27:35.7735477Z ##[group]Runner Image
2026-10-08T13:27:35.7736099Z Image: ubuntu-24.04
2026-10-08T13:27:35.7736681Z Version: 20261004.327.1
2026-10-08T13:27:35.7738009Z Included Software: https://github.com/actions/runner-images/blob/ubuntu24/20261004.327/images/ubuntu/Ubuntu2404-Readme.md
2026-10-08T13:27:35.7739562Z Image Release: https://github.com/actions/runner-images/releases/tag/ubuntu24%2F20261004.327
2026-10-08T13:27:35.7740558Z ##[endgroup]
2026-10-08T13:27:35.7741681Z ##[group]GITHUB_TOKEN Permissions
2026-10-08T13:27:35.7743563Z Contents: read
2026-10-08T13:27:35.7744160Z Metadata: read
2026-10-08T13:27:35.7745199Z ##[endgroup]
2026-10-08T13:27:35.7747556Z Secret source: Actions
2026-10-08T13:27:35.7748545Z Cache mode: write
2026-10-08T13:27:35.7749464Z Prepare workflow directory
2026-10-08T13:27:35.8083956Z Prepare all required actions
2026-10-08T13:27:35.8131686Z Getting action download info
2026-10-08T13:27:36.1781801Z Download action repository 'actions/checkout@3d3c42e5aac5ba805825da76410c181273ba90b1' (SHA:3d3c42e5aac5ba805825da76410c181273ba90b1)
2026-10-08T13:27:36.2755900Z Download action repository 'actions/setup-python@5fda3b95a4ea91299a34e894583c3862153e4b97' (SHA:5fda3b95a4ea91299a34e894583c3862153e4b97)
2026-10-08T13:27:36.4526503Z Complete job name: test
2026-10-08T13:27:36.5300877Z ##[group]Run actions/checkout@3d3c42e5aac5ba805825da76410c181273ba90b1
2026-10-08T13:27:36.5301946Z with:
2026-10-08T13:27:36.5302405Z   repository: Jacob-Met/tastetable
2026-10-08T13:27:36.5306677Z   token: ***
2026-10-08T13:27:36.5307127Z   ssh-strict: true
2026-10-08T13:27:36.5307575Z   ssh-user: git
2026-10-08T13:27:36.5308025Z   persist-credentials: true
2026-10-08T13:27:36.5308511Z   clean: true
2026-10-08T13:27:36.5308958Z   sparse-checkout-cone-mode: true
2026-10-08T13:27:36.5309486Z   fetch-depth: 1
2026-10-08T13:27:36.5309923Z   fetch-tags: false
2026-10-08T13:27:36.5310369Z   show-progress: true
2026-10-08T13:27:36.5310823Z   lfs: false
2026-10-08T13:27:36.5311240Z   submodules: false
2026-10-08T13:27:36.5311696Z   set-safe-directory: true
2026-10-08T13:27:36.5312200Z   allow-unsafe-pr-checkout: false
2026-10-08T13:27:36.5312972Z ##[endgroup]
2026-10-08T13:27:36.6306051Z Syncing repository: Jacob-Met/tastetable
2026-10-08T13:27:36.6308594Z ##[group]Getting Git version info
2026-10-08T13:27:36.6309787Z Working directory is '/home/runner/work/tastetable/tastetable'
2026-10-08T13:27:36.6311508Z [command]/usr/bin/git version
2026-10-08T13:27:36.6468531Z git version 2.55.0
2026-10-08T13:27:36.6492467Z ##[endgroup]
2026-10-08T13:27:36.6503438Z Temporarily overriding HOME='/home/runner/work/_temp/a7a961b1-3ed6-48d5-99d4-251788c43399' before making global git config changes
2026-10-08T13:27:36.6510415Z Adding repository directory to the temporary git global config as a safe directory
2026-10-08T13:27:36.6512020Z [command]/usr/bin/git config --global --add safe.directory /home/runner/work/tastetable/tastetable
2026-10-08T13:27:36.6568006Z Deleting the contents of '/home/runner/work/tastetable/tastetable'
2026-10-08T13:27:36.6572093Z ##[group]Determining repository object format
2026-10-08T13:27:36.6573724Z ##[endgroup]
2026-10-08T13:27:36.6574965Z ##[group]Initializing the repository
2026-10-08T13:27:36.6580142Z [command]/usr/bin/git init /home/runner/work/tastetable/tastetable
2026-10-08T13:27:36.6737757Z hint: Using 'master' as the name for the initial branch. This default branch name
2026-10-08T13:27:36.6742771Z hint: will change to "main" in Git 3.0. To configure the initial branch name
2026-10-08T13:27:36.6745514Z hint: to use in all of your new repositories, which will suppress this warning,
2026-10-08T13:27:36.6746888Z hint: call:
2026-10-08T13:27:36.6747478Z hint:
2026-10-08T13:27:36.6748162Z hint: 	git config --global init.defaultBranch <name>
2026-10-08T13:27:36.6748953Z hint:
2026-10-08T13:27:36.6749694Z hint: Names commonly chosen instead of 'master' are 'main', 'trunk' and
2026-10-08T13:27:36.6750778Z hint: 'development'. The just-created branch can be renamed via this command:
2026-10-08T13:27:36.6752175Z hint:
2026-10-08T13:27:36.6753234Z hint: 	git branch -m <name>
2026-10-08T13:27:36.6753943Z hint:
2026-10-08T13:27:36.6755104Z hint: Disable this message with "git config set advice.defaultBranchName false"
2026-10-08T13:27:36.6756545Z Initialized empty Git repository in /home/runner/work/tastetable/tastetable/.git/
2026-10-08T13:27:36.6758855Z [command]/usr/bin/git remote add origin https://github.com/Jacob-Met/tastetable
2026-10-08T13:27:36.6831765Z ##[endgroup]
2026-10-08T13:27:36.6832572Z ##[group]Disabling automatic garbage collection
2026-10-08T13:27:36.6837312Z [command]/usr/bin/git config --local gc.auto 0
2026-10-08T13:27:36.6873279Z ##[endgroup]
2026-10-08T13:27:36.6874013Z ##[group]Setting up auth
2026-10-08T13:27:36.6875325Z Removing SSH command configuration
2026-10-08T13:27:36.6880670Z [command]/usr/bin/git config --local --name-only --get-regexp core\.sshCommand
2026-10-08T13:27:36.6916709Z [command]/usr/bin/git submodule foreach --recursive sh -c "git config --local --name-only --get-regexp 'core\.sshCommand' && git config --local --unset-all 'core.sshCommand' || :"
2026-10-08T13:27:36.7369161Z Removing HTTP extra header
2026-10-08T13:27:36.7375556Z [command]/usr/bin/git config --local --name-only --get-regexp http\.https\:\/\/github\.com\/\.extraheader
2026-10-08T13:27:36.7415127Z [command]/usr/bin/git submodule foreach --recursive sh -c "git config --local --name-only --get-regexp 'http\.https\:\/\/github\.com\/\.extraheader' && git config --local --unset-all 'http.https://github.com/.extraheader' || :"
2026-10-08T13:27:36.7642670Z Removing includeIf entries pointing to credentials config files
2026-10-08T13:27:36.7648988Z [command]/usr/bin/git config --local --name-only --get-regexp ^includeIf\.gitdir:
2026-10-08T13:27:36.7695648Z [command]/usr/bin/git submodule foreach --recursive git config --local --show-origin --name-only --get-regexp remote.origin.url
2026-10-08T13:27:36.7953184Z [command]/usr/bin/git config --file /home/runner/work/_temp/git-credentials-484e85a3-d717-4e1c-8911-612dfc879457.config http.https://github.com/.extraheader AUTHORIZATION: basic ***
2026-10-08T13:27:36.8003361Z [command]/usr/bin/git config --local includeIf.gitdir:/home/runner/work/tastetable/tastetable/.git.path /home/runner/work/_temp/git-credentials-484e85a3-d717-4e1c-8911-612dfc879457.config
2026-10-08T13:27:36.8046089Z [command]/usr/bin/git config --local includeIf.gitdir:/home/runner/work/tastetable/tastetable/.git/worktrees/*.path /home/runner/work/_temp/git-credentials-484e85a3-d717-4e1c-8911-612dfc879457.config
2026-10-08T13:27:36.8100061Z [command]/usr/bin/git config --local includeIf.gitdir:/github/workspace/.git.path /github/runner_temp/git-credentials-484e85a3-d717-4e1c-8911-612dfc879457.config
2026-10-08T13:27:36.8141892Z [command]/usr/bin/git config --local includeIf.gitdir:/github/workspace/.git/worktrees/*.path /github/runner_temp/git-credentials-484e85a3-d717-4e1c-8911-612dfc879457.config
2026-10-08T13:27:36.8176182Z ##[endgroup]
2026-10-08T13:27:36.8177636Z ##[group]Fetching the repository
2026-10-08T13:27:36.8185067Z [command]/usr/bin/git -c protocol.version=2 fetch --no-tags --prune --no-recurse-submodules --depth=1 origin +a401c3f35833dfb03249551b95d6f8b5cee2aecb:refs/remotes/pull/27/merge
2026-10-08T13:27:40.2179464Z From https://github.com/Jacob-Met/tastetable
2026-10-08T13:27:40.2181192Z  * [new ref]         a401c3f35833dfb03249551b95d6f8b5cee2aecb -> pull/27/merge
2026-10-08T13:27:40.2183915Z ##[endgroup]
2026-10-08T13:27:40.2185312Z ##[group]Determining the checkout info
2026-10-08T13:27:40.2186274Z ##[endgroup]
2026-10-08T13:27:40.2191120Z [command]/usr/bin/git sparse-checkout disable
2026-10-08T13:27:40.2247538Z [command]/usr/bin/git config --local --unset-all extensions.worktreeConfig
2026-10-08T13:27:40.2280715Z ##[group]Checking out the ref
2026-10-08T13:27:40.2285049Z [command]/usr/bin/git checkout --progress --force refs/remotes/pull/27/merge
2026-10-08T13:27:40.2686394Z Note: switching to 'refs/remotes/pull/27/merge'.
2026-10-08T13:27:40.2686892Z 
2026-10-08T13:27:40.2687205Z You are in 'detached HEAD' state. You can look around, make experimental
2026-10-08T13:27:40.2687858Z changes and commit them, and you can discard any commits you make in this
2026-10-08T13:27:40.2688504Z state without impacting any branches by switching back to a branch.
2026-10-08T13:27:40.2688927Z 
2026-10-08T13:27:40.2689225Z If you want to create a new branch to retain commits you create, you may
2026-10-08T13:27:40.2689831Z do so (now or later) by using -c with the switch command. Example:
2026-10-08T13:27:40.2690168Z 
2026-10-08T13:27:40.2690484Z   git switch -c <new-branch-name>
2026-10-08T13:27:40.2690888Z 
2026-10-08T13:27:40.2691136Z Or undo this operation with:
2026-10-08T13:27:40.2691453Z 
2026-10-08T13:27:40.2691671Z   git switch -
2026-10-08T13:27:40.2691961Z 
2026-10-08T13:27:40.2692367Z Turn off this advice by setting config variable advice.detachedHead to false
2026-10-08T13:27:40.2692835Z 
2026-10-08T13:27:40.2693333Z HEAD is now at a401c3f Merge 366bd4e0d78983883859dacfea213b4614ed5dc5 into d66ab91d62ba243cef2ba387cea73a684fa3b04e
2026-10-08T13:27:40.2708332Z ##[endgroup]
2026-10-08T13:27:40.2758841Z [command]/usr/bin/git log -1 --format=%H
2026-10-08T13:27:40.2787387Z a401c3f35833dfb03249551b95d6f8b5cee2aecb
2026-10-08T13:27:40.3087128Z ##[group]Run actions/setup-python@5fda3b95a4ea91299a34e894583c3862153e4b97
2026-10-08T13:27:40.3087833Z with:
2026-10-08T13:27:40.3088245Z   python-version: 3.12
2026-10-08T13:27:40.3088679Z   check-latest: false
2026-10-08T13:27:40.3092003Z   token: ***
2026-10-08T13:27:40.3092420Z   update-environment: true
2026-10-08T13:27:40.3092882Z   allow-prereleases: false
2026-10-08T13:27:40.3093339Z   freethreaded: false
2026-10-08T13:27:40.3093745Z ##[endgroup]
2026-10-08T13:27:40.4307884Z ##[group]Installed versions
2026-10-08T13:27:40.4403058Z Successfully set up CPython (3.12.15)
2026-10-08T13:27:40.4404699Z ##[endgroup]
2026-10-08T13:27:40.4596141Z ##[group]Run pip install -r requirements.txt
2026-10-08T13:27:40.4597218Z [36;1mpip install -r requirements.txt[0m
2026-10-08T13:27:40.5036955Z shell: /usr/bin/bash -e {0}
2026-10-08T13:27:40.5037526Z env:
2026-10-08T13:27:40.5038058Z   pythonLocation: /opt/hostedtoolcache/Python/3.12.15/x64
2026-10-08T13:27:40.5038813Z   PKG_CONFIG_PATH: /opt/hostedtoolcache/Python/3.12.15/x64/lib/pkgconfig
2026-10-08T13:27:40.5039576Z   Python_ROOT_DIR: /opt/hostedtoolcache/Python/3.12.15/x64
2026-10-08T13:27:40.5040249Z   Python2_ROOT_DIR: /opt/hostedtoolcache/Python/3.12.15/x64
2026-10-08T13:27:40.5040939Z   Python3_ROOT_DIR: /opt/hostedtoolcache/Python/3.12.15/x64
2026-10-08T13:27:40.5041622Z   LD_LIBRARY_PATH: /opt/hostedtoolcache/Python/3.12.15/x64/lib
2026-10-08T13:27:40.5042209Z ##[endgroup]
2026-10-08T13:27:43.1018979Z Collecting fastapi>=0.110 (from -r requirements.txt (line 1))
2026-10-08T13:27:43.1619302Z   Downloading fastapi-0.143.0-py3-none-any.whl.metadata (26 kB)
2026-10-08T13:27:43.2583134Z Collecting uvicorn>=0.29 (from -r requirements.txt (line 2))
2026-10-08T13:27:43.2653803Z   Downloading uvicorn-0.54.0-py3-none-any.whl.metadata (6.6 kB)
2026-10-08T13:27:43.2872939Z Collecting httpx>=0.27 (from -r requirements.txt (line 3))
2026-10-08T13:27:43.2948450Z   Downloading httpx-0.28.1-py3-none-any.whl.metadata (7.1 kB)
2026-10-08T13:27:43.3292807Z Collecting pytest>=8 (from -r requirements.txt (line 4))
2026-10-08T13:27:43.3362648Z   Downloading pytest-9.1.1-py3-none-any.whl.metadata (7.6 kB)
2026-10-08T13:27:43.3777628Z Collecting starlette>=0.46.0 (from fastapi>=0.110->-r requirements.txt (line 1))
2026-10-08T13:27:43.3850401Z   Downloading starlette-1.7.0-py3-none-any.whl.metadata (6.6 kB)
2026-10-08T13:27:43.5035265Z Collecting pydantic>=2.9.0 (from fastapi>=0.110->-r requirements.txt (line 1))
2026-10-08T13:27:43.5113540Z   Downloading pydantic-2.13.5-py3-none-any.whl.metadata (110 kB)
2026-10-08T13:27:43.5452670Z Collecting typing-extensions>=4.8.0 (from fastapi>=0.110->-r requirements.txt (line 1))
2026-10-08T13:27:43.5526574Z   Downloading typing_extensions-4.16.0-py3-none-any.whl.metadata (3.3 kB)
2026-10-08T13:27:43.5669328Z Collecting typing-inspection>=0.4.2 (from fastapi>=0.110->-r requirements.txt (line 1))
2026-10-08T13:27:43.5754639Z   Downloading typing_inspection-0.4.4-py3-none-any.whl.metadata (2.6 kB)
2026-10-08T13:27:43.5890803Z Collecting annotated-doc>=0.0.2 (from fastapi>=0.110->-r requirements.txt (line 1))
2026-10-08T13:27:43.5971101Z   Downloading annotated_doc-0.0.5-py3-none-any.whl.metadata (6.5 kB)
2026-10-08T13:27:43.6184575Z Collecting opentelemetry-api>=1.44.0 (from fastapi>=0.110->-r requirements.txt (line 1))
2026-10-08T13:27:43.6253365Z   Downloading opentelemetry_api-1.45.1-py3-none-any.whl.metadata (1.4 kB)
2026-10-08T13:27:43.6453418Z Collecting click>=7.0 (from uvicorn>=0.29->-r requirements.txt (line 2))
2026-10-08T13:27:43.6521012Z   Downloading click-8.5.0-py3-none-any.whl.metadata (2.6 kB)
2026-10-08T13:27:43.6662808Z Collecting h11>=0.8 (from uvicorn>=0.29->-r requirements.txt (line 2))
2026-10-08T13:27:43.6732228Z   Downloading h11-0.16.0-py3-none-any.whl.metadata (8.3 kB)
2026-10-08T13:27:43.6960861Z Collecting anyio (from httpx>=0.27->-r requirements.txt (line 3))
2026-10-08T13:27:43.7030316Z   Downloading anyio-4.15.1-py3-none-any.whl.metadata (4.7 kB)
2026-10-08T13:27:43.7261658Z Collecting certifi (from httpx>=0.27->-r requirements.txt (line 3))
2026-10-08T13:27:43.7331819Z   Downloading certifi-2026.7.22-py3-none-any.whl.metadata (2.5 kB)
2026-10-08T13:27:43.7520656Z Collecting httpcore==1.* (from httpx>=0.27->-r requirements.txt (line 3))
2026-10-08T13:27:43.7593368Z   Downloading httpcore-1.0.9-py3-none-any.whl.metadata (21 kB)
2026-10-08T13:27:43.7787008Z Collecting idna (from httpx>=0.27->-r requirements.txt (line 3))
2026-10-08T13:27:43.7859114Z   Downloading idna-3.20-py3-none-any.whl.metadata (7.2 kB)
2026-10-08T13:27:43.8035007Z Collecting iniconfig>=1.0.1 (from pytest>=8->-r requirements.txt (line 4))
2026-10-08T13:27:43.8105280Z   Downloading iniconfig-2.3.1-py3-none-any.whl.metadata (2.8 kB)
2026-10-08T13:27:43.8291676Z Collecting packaging>=22 (from pytest>=8->-r requirements.txt (line 4))
2026-10-08T13:27:43.8363296Z   Downloading packaging-26.3-py3-none-any.whl.metadata (3.5 kB)
2026-10-08T13:27:43.8531132Z Collecting pluggy<2,>=1.5 (from pytest>=8->-r requirements.txt (line 4))
2026-10-08T13:27:43.8606603Z   Downloading pluggy-1.6.0-py3-none-any.whl.metadata (4.8 kB)
2026-10-08T13:27:43.8874896Z Collecting pygments>=2.7.2 (from pytest>=8->-r requirements.txt (line 4))
2026-10-08T13:27:43.8945673Z   Downloading pygments-2.21.0-py3-none-any.whl.metadata (2.5 kB)
2026-10-08T13:27:43.9129068Z Collecting annotated-types>=0.6.0 (from pydantic>=2.9.0->fastapi>=0.110->-r requirements.txt (line 1))
2026-10-08T13:27:43.9198241Z   Downloading annotated_types-0.8.0-py3-none-any.whl.metadata (15 kB)
2026-10-08T13:27:44.6333940Z Collecting pydantic-core==2.46.5 (from pydantic>=2.9.0->fastapi>=0.110->-r requirements.txt (line 1))
2026-10-08T13:27:44.6409966Z   Downloading pydantic_core-2.46.5-cp312-cp312-manylinux_2_17_x86_64.manylinux2014_x86_64.whl.metadata (6.6 kB)
2026-10-08T13:27:44.6627069Z Downloading fastapi-0.143.0-py3-none-any.whl (144 kB)
2026-10-08T13:27:44.6832074Z Downloading uvicorn-0.54.0-py3-none-any.whl (87 kB)
2026-10-08T13:27:44.6978399Z Downloading httpx-0.28.1-py3-none-any.whl (73 kB)
2026-10-08T13:27:44.7119680Z Downloading httpcore-1.0.9-py3-none-any.whl (78 kB)
2026-10-08T13:27:44.7258534Z Downloading pytest-9.1.1-py3-none-any.whl (386 kB)
2026-10-08T13:27:44.7568988Z Downloading pluggy-1.6.0-py3-none-any.whl (20 kB)
2026-10-08T13:27:44.7656119Z Downloading annotated_doc-0.0.5-py3-none-any.whl (5.3 kB)
2026-10-08T13:27:44.7743606Z Downloading click-8.5.0-py3-none-any.whl (125 kB)
2026-10-08T13:27:44.7887545Z Downloading h11-0.16.0-py3-none-any.whl (37 kB)
2026-10-08T13:27:44.7981508Z Downloading iniconfig-2.3.1-py3-none-any.whl (7.6 kB)
2026-10-08T13:27:44.8079199Z Downloading opentelemetry_api-1.45.1-py3-none-any.whl (60 kB)
2026-10-08T13:27:44.8178732Z Downloading packaging-26.3-py3-none-any.whl (129 kB)
2026-10-08T13:27:44.8331595Z Downloading pydantic-2.13.5-py3-none-any.whl (472 kB)
2026-10-08T13:27:44.8606000Z Downloading pydantic_core-2.46.5-cp312-cp312-manylinux_2_17_x86_64.manylinux2014_x86_64.whl (2.1 MB)
2026-10-08T13:27:44.9248465Z    ━━━━━━━━━━━━━━━━━━━━━━━━━━━━━━━━━━━━━━━━ 2.1/2.1 MB 33.8 MB/s  0:00:00
2026-10-08T13:27:44.9323365Z Downloading annotated_types-0.8.0-py3-none-any.whl (13 kB)
2026-10-08T13:27:44.9410406Z Downloading pygments-2.21.0-py3-none-any.whl (1.3 MB)
2026-10-08T13:27:44.9684214Z    ━━━━━━━━━━━━━━━━━━━━━━━━━━━━━━━━━━━━━━━━ 1.3/1.3 MB 48.6 MB/s  0:00:00
2026-10-08T13:27:44.9756616Z Downloading starlette-1.7.0-py3-none-any.whl (78 kB)
2026-10-08T13:27:44.9848823Z Downloading anyio-4.15.1-py3-none-any.whl (132 kB)
2026-10-08T13:27:44.9946927Z Downloading idna-3.20-py3-none-any.whl (69 kB)
2026-10-08T13:27:45.0038414Z Downloading typing_extensions-4.16.0-py3-none-any.whl (45 kB)
2026-10-08T13:27:45.0126650Z Downloading typing_inspection-0.4.4-py3-none-any.whl (14 kB)
2026-10-08T13:27:45.0218451Z Downloading certifi-2026.7.22-py3-none-any.whl (136 kB)
2026-10-08T13:27:45.2429906Z Installing collected packages: typing-extensions, pygments, pluggy, packaging, iniconfig, idna, h11, click, certifi, annotated-types, annotated-doc, uvicorn, typing-inspection, pytest, pydantic-core, opentelemetry-api, httpcore, anyio, starlette, pydantic, httpx, fastapi
2026-10-08T13:27:47.4580199Z 
2026-10-08T13:27:47.4605740Z Successfully installed annotated-doc-0.0.5 annotated-types-0.8.0 anyio-4.15.1 certifi-2026.7.22 click-8.5.0 fastapi-0.143.0 h11-0.16.0 httpcore-1.0.9 httpx-0.28.1 idna-3.20 iniconfig-2.3.1 opentelemetry-api-1.45.1 packaging-26.3 pluggy-1.6.0 pydantic-2.13.5 pydantic-core-2.46.5 pygments-2.21.0 pytest-9.1.1 starlette-1.7.0 typing-extensions-4.16.0 typing-inspection-0.4.4 uvicorn-0.54.0
2026-10-08T13:27:47.5440115Z ##[group]Run python -m pytest -q
2026-10-08T13:27:47.5440457Z [36;1mpython -m pytest -q[0m
2026-10-08T13:27:47.5506983Z shell: /usr/bin/bash -e {0}
2026-10-08T13:27:47.5507238Z env:
2026-10-08T13:27:47.5507513Z   pythonLocation: /opt/hostedtoolcache/Python/3.12.15/x64
2026-10-08T13:27:47.5507985Z   PKG_CONFIG_PATH: /opt/hostedtoolcache/Python/3.12.15/x64/lib/pkgconfig
2026-10-08T13:27:47.5508438Z   Python_ROOT_DIR: /opt/hostedtoolcache/Python/3.12.15/x64
2026-10-08T13:27:47.5508839Z   Python2_ROOT_DIR: /opt/hostedtoolcache/Python/3.12.15/x64
2026-10-08T13:27:47.5509250Z   Python3_ROOT_DIR: /opt/hostedtoolcache/Python/3.12.15/x64
2026-10-08T13:27:47.5509650Z   LD_LIBRARY_PATH: /opt/hostedtoolcache/Python/3.12.15/x64/lib
2026-10-08T13:27:47.5509997Z ##[endgroup]
2026-10-08T13:27:50.0158257Z ............................................. [ 29%]
2026-10-08T13:27:57.6872271Z ..................FFF.F.FF............................ [ 65%]
2026-10-08T13:27:57.8688726Z ............................................ [ 94%]
2026-10-08T13:27:57.8968469Z .........                                                                [100%]
2026-10-08T13:27:57.8969411Z =================================== FAILURES ===================================
2026-10-08T13:27:57.8970436Z _ NativePlanWeekTests.test_actual_producer_results_become_exact_editable_weeks (producer='rosa') _
2026-10-08T13:27:57.8971204Z 
2026-10-08T13:27:57.8971906Z self = <test_native_plan_week.NativePlanWeekTests testMethod=test_actual_producer_results_become_exact_editable_weeks>
2026-10-08T13:27:57.8973121Z 
2026-10-08T13:27:57.8973475Z     def test_actual_producer_results_become_exact_editable_weeks(self):
2026-10-08T13:27:57.8974248Z         for name, original in self.envelopes.items():
2026-10-08T13:27:57.8975148Z             with self.subTest(producer=name):
2026-10-08T13:27:57.8975731Z                 source = self.native_file(name, name + ".json")
2026-10-08T13:27:57.8976426Z                 destination = self.root / (name + ".week.json")
2026-10-08T13:27:57.8977031Z                 before = source.read_bytes()
2026-10-08T13:27:57.8977596Z                 result = self.convert(source, destination)
2026-10-08T13:27:57.8978152Z >               self.assert_success(result)
2026-10-08T13:27:57.8978495Z 
2026-10-08T13:27:57.8978672Z tests/test_native_plan_week.py:207: 
2026-10-08T13:27:57.8979265Z _ _ _ _ _ _ _ _ _ _ _ _ _ _ _ _ _ _ _ _ _ _ _ _ _ _ _ _ _ _ _ _ _ _ _ _ _ _ _ _ 
2026-10-08T13:27:57.8979968Z tests/test_native_plan_week.py:180: in assert_success
2026-10-08T13:27:57.8980827Z     self.assertEqual(result.returncode, 0, result.stderr.decode("utf-8", "replace"))
2026-10-08T13:27:57.8981735Z E   AssertionError: 1 != 0 : node:internal/modules/esm/resolve:275
2026-10-08T13:27:57.8982398Z E       throw new ERR_MODULE_NOT_FOUND(
2026-10-08T13:27:57.8982857Z E             ^
2026-10-08T13:27:57.8983182Z E   
2026-10-08T13:27:57.8984623Z E   Error [ERR_MODULE_NOT_FOUND]: Cannot find module '/home/runner/work/tastetable/tastetable/tools/native_plan_to_week.mjs' imported from /tmp/tastetable-week-test-fk46iclt/
2026-10-08T13:27:57.8986190Z E       at finalizeResolution (node:internal/modules/esm/resolve:275:11)
2026-10-08T13:27:57.8987024Z E       at moduleResolve (node:internal/modules/esm/resolve:865:10)
2026-10-08T13:27:57.8987779Z E       at defaultResolve (node:internal/modules/esm/resolve:989:11)
2026-10-08T13:27:57.8988615Z E       at #cachedDefaultResolve (node:internal/modules/esm/loader:747:20)
2026-10-08T13:27:57.8989507Z E       at ModuleLoader.resolve (node:internal/modules/esm/loader:724:38)
2026-10-08T13:27:57.8990498Z E       at ModuleLoader.getModuleJobForImport (node:internal/modules/esm/loader:320:38)
2026-10-08T13:27:57.8991547Z E       at onImport.tracePromise.__proto__ (node:internal/modules/esm/loader:680:36)
2026-10-08T13:27:57.8992497Z E       at TracingChannel.tracePromise (node:diagnostics_channel:350:14)
2026-10-08T13:27:57.8993369Z E       at ModuleLoader.import (node:internal/modules/esm/loader:679:21)
2026-10-08T13:27:57.8994603Z E       at node:internal/modules/run_main:179:35 {
2026-10-08T13:27:57.8995225Z E     code: 'ERR_MODULE_NOT_FOUND',
2026-10-08T13:27:57.8996005Z E     url: 'file:///home/runner/work/tastetable/tastetable/tools/native_plan_to_week.mjs'
2026-10-08T13:27:57.8996787Z E   }
2026-10-08T13:27:57.8997087Z E   
2026-10-08T13:27:57.8997393Z E   Node.js v22.23.3
2026-10-08T13:27:57.8997995Z ---------------------------- Captured stdout setup -----------------------------
2026-10-08T13:27:57.8999048Z NATIVE_WEEK_PRODUCER_CONTROL four actual original CLI results retained; no-match plan empty
2026-10-08T13:27:57.9000310Z _ NativePlanWeekTests.test_actual_producer_results_become_exact_editable_weeks (producer='mei') _
2026-10-08T13:27:57.9001053Z 
2026-10-08T13:27:57.9001708Z self = <test_native_plan_week.NativePlanWeekTests testMethod=test_actual_producer_results_become_exact_editable_weeks>
2026-10-08T13:27:57.9002619Z 
2026-10-08T13:27:57.9002976Z     def test_actual_producer_results_become_exact_editable_weeks(self):
2026-10-08T13:27:57.9003733Z         for name, original in self.envelopes.items():
2026-10-08T13:27:57.9004552Z             with self.subTest(producer=name):
2026-10-08T13:27:57.9005138Z                 source = self.native_file(name, name + ".json")
2026-10-08T13:27:57.9005785Z                 destination = self.root / (name + ".week.json")
2026-10-08T13:27:57.9006386Z                 before = source.read_bytes()
2026-10-08T13:27:57.9006954Z                 result = self.convert(source, destination)
2026-10-08T13:27:57.9007780Z >               self.assert_success(result)
2026-10-08T13:27:57.9008124Z 
2026-10-08T13:27:57.9008299Z tests/test_native_plan_week.py:207: 
2026-10-08T13:27:57.9008887Z _ _ _ _ _ _ _ _ _ _ _ _ _ _ _ _ _ _ _ _ _ _ _ _ _ _ _ _ _ _ _ _ _ _ _ _ _ _ _ _ 
2026-10-08T13:27:57.9009577Z tests/test_native_plan_week.py:180: in assert_success
2026-10-08T13:27:57.9010430Z     self.assertEqual(result.returncode, 0, result.stderr.decode("utf-8", "replace"))
2026-10-08T13:27:57.9011379Z E   AssertionError: 1 != 0 : node:internal/modules/esm/resolve:275
2026-10-08T13:27:57.9012008Z E       throw new ERR_MODULE_NOT_FOUND(
2026-10-08T13:27:57.9012462Z E             ^
2026-10-08T13:27:57.9012785Z E   
2026-10-08T13:27:57.9014028Z E   Error [ERR_MODULE_NOT_FOUND]: Cannot find module '/home/runner/work/tastetable/tastetable/tools/native_plan_to_week.mjs' imported from /tmp/tastetable-week-test-fk46iclt/
2026-10-08T13:27:57.9015855Z E       at finalizeResolution (node:internal/modules/esm/resolve:275:11)
2026-10-08T13:27:57.9016704Z E       at moduleResolve (node:internal/modules/esm/resolve:865:10)
2026-10-08T13:27:57.9017496Z E       at defaultResolve (node:internal/modules/esm/resolve:989:11)
2026-10-08T13:27:57.9018331Z E       at #cachedDefaultResolve (node:internal/modules/esm/loader:747:20)
2026-10-08T13:27:57.9019173Z E       at ModuleLoader.resolve (node:internal/modules/esm/loader:724:38)
2026-10-08T13:27:57.9020171Z E       at ModuleLoader.getModuleJobForImport (node:internal/modules/esm/loader:320:38)
2026-10-08T13:27:57.9021246Z E       at onImport.tracePromise.__proto__ (node:internal/modules/esm/loader:680:36)
2026-10-08T13:27:57.9022194Z E       at TracingChannel.tracePromise (node:diagnostics_channel:350:14)
2026-10-08T13:27:57.9023122Z E       at ModuleLoader.import (node:internal/modules/esm/loader:679:21)
2026-10-08T13:27:57.9023866Z E       at node:internal/modules/run_main:179:35 {
2026-10-08T13:27:57.9024630Z E     code: 'ERR_MODULE_NOT_FOUND',
2026-10-08T13:27:57.9025399Z E     url: 'file:///home/runner/work/tastetable/tastetable/tools/native_plan_to_week.mjs'
2026-10-08T13:27:57.9026140Z E   }
2026-10-08T13:27:57.9026423Z E   
2026-10-08T13:27:57.9026739Z E   Node.js v22.23.3
2026-10-08T13:27:57.9027300Z ---------------------------- Captured stdout setup -----------------------------
2026-10-08T13:27:57.9028314Z NATIVE_WEEK_PRODUCER_CONTROL four actual original CLI results retained; no-match plan empty
2026-10-08T13:27:57.9029787Z _ NativePlanWeekTests.test_actual_producer_results_become_exact_editable_weeks (producer='authored') _
2026-10-08T13:27:57.9030575Z 
2026-10-08T13:27:57.9031277Z self = <test_native_plan_week.NativePlanWeekTests testMethod=test_actual_producer_results_become_exact_editable_weeks>
2026-10-08T13:27:57.9032172Z 
2026-10-08T13:27:57.9032521Z     def test_actual_producer_results_become_exact_editable_weeks(self):
2026-10-08T13:27:57.9033252Z         for name, original in self.envelopes.items():
2026-10-08T13:27:57.9033821Z             with self.subTest(producer=name):
2026-10-08T13:27:57.9034688Z                 source = self.native_file(name, name + ".json")
2026-10-08T13:27:57.9035347Z                 destination = self.root / (name + ".week.json")
2026-10-08T13:27:57.9035945Z                 before = source.read_bytes()
2026-10-08T13:27:57.9036520Z                 result = self.convert(source, destination)
2026-10-08T13:27:57.9037064Z >               self.assert_success(result)
2026-10-08T13:27:57.9037390Z 
2026-10-08T13:27:57.9037568Z tests/test_native_plan_week.py:207: 
2026-10-08T13:27:57.9038144Z _ _ _ _ _ _ _ _ _ _ _ _ _ _ _ _ _ _ _ _ _ _ _ _ _ _ _ _ _ _ _ _ _ _ _ _ _ _ _ _ 
2026-10-08T13:27:57.9038836Z tests/test_native_plan_week.py:180: in assert_success
2026-10-08T13:27:57.9039699Z     self.assertEqual(result.returncode, 0, result.stderr.decode("utf-8", "replace"))
2026-10-08T13:27:57.9040618Z E   AssertionError: 1 != 0 : node:internal/modules/esm/resolve:275
2026-10-08T13:27:57.9041263Z E       throw new ERR_MODULE_NOT_FOUND(
2026-10-08T13:27:57.9041728Z E             ^
2026-10-08T13:27:57.9042290Z E   
2026-10-08T13:27:57.9043533Z E   Error [ERR_MODULE_NOT_FOUND]: Cannot find module '/home/runner/work/tastetable/tastetable/tools/native_plan_to_week.mjs' imported from /tmp/tastetable-week-test-fk46iclt/
2026-10-08T13:27:57.9045314Z E       at finalizeResolution (node:internal/modules/esm/resolve:275:11)
2026-10-08T13:27:57.9046157Z E       at moduleResolve (node:internal/modules/esm/resolve:865:10)
2026-10-08T13:27:57.9046960Z E       at defaultResolve (node:internal/modules/esm/resolve:989:11)
2026-10-08T13:27:57.9047802Z E       at #cachedDefaultResolve (node:internal/modules/esm/loader:747:20)
2026-10-08T13:27:57.9048642Z E       at ModuleLoader.resolve (node:internal/modules/esm/loader:724:38)
2026-10-08T13:27:57.9049633Z E       at ModuleLoader.getModuleJobForImport (node:internal/modules/esm/loader:320:38)
2026-10-08T13:27:57.9050709Z E       at onImport.tracePromise.__proto__ (node:internal/modules/esm/loader:680:36)
2026-10-08T13:27:57.9051661Z E       at TracingChannel.tracePromise (node:diagnostics_channel:350:14)
2026-10-08T13:27:57.9052512Z E       at ModuleLoader.import (node:internal/modules/esm/loader:679:21)
2026-10-08T13:27:57.9053243Z E       at node:internal/modules/run_main:179:35 {
2026-10-08T13:27:57.9053796Z E     code: 'ERR_MODULE_NOT_FOUND',
2026-10-08T13:27:57.9054776Z E     url: 'file:///home/runner/work/tastetable/tastetable/tools/native_plan_to_week.mjs'
2026-10-08T13:27:57.9055531Z E   }
2026-10-08T13:27:57.9055807Z E   
2026-10-08T13:27:57.9056108Z E   Node.js v22.23.3
2026-10-08T13:27:57.9056675Z ---------------------------- Captured stdout setup -----------------------------
2026-10-08T13:27:57.9057684Z NATIVE_WEEK_PRODUCER_CONTROL four actual original CLI results retained; no-match plan empty
2026-10-08T13:27:57.9058948Z _ NativePlanWeekTests.test_actual_producer_results_become_exact_editable_weeks (producer='empty') _
2026-10-08T13:27:57.9059706Z 
2026-10-08T13:27:57.9060389Z self = <test_native_plan_week.NativePlanWeekTests testMethod=test_actual_producer_results_become_exact_editable_weeks>
2026-10-08T13:27:57.9061311Z 
2026-10-08T13:27:57.9061660Z     def test_actual_producer_results_become_exact_editable_weeks(self):
2026-10-08T13:27:57.9062424Z         for name, original in self.envelopes.items():
2026-10-08T13:27:57.9063010Z             with self.subTest(producer=name):
2026-10-08T13:27:57.9063565Z                 source = self.native_file(name, name + ".json")
2026-10-08T13:27:57.9064637Z                 destination = self.root / (name + ".week.json")
2026-10-08T13:27:57.9065303Z                 before = source.read_bytes()
2026-10-08T13:27:57.9065887Z                 result = self.convert(source, destination)
2026-10-08T13:27:57.9066475Z >               self.assert_success(result)
2026-10-08T13:27:57.9066829Z 
2026-10-08T13:27:57.9067015Z tests/test_native_plan_week.py:207: 
2026-10-08T13:27:57.9067552Z _ _ _ _ _ _ _ _ _ _ _ _ _ _ _ _ _ _ _ _ _ _ _ _ _ _ _ _ _ _ _ _ _ _ _ _ _ _ _ _ 
2026-10-08T13:27:57.9068227Z tests/test_native_plan_week.py:180: in assert_success
2026-10-08T13:27:57.9069094Z     self.assertEqual(result.returncode, 0, result.stderr.decode("utf-8", "replace"))
2026-10-08T13:27:57.9070038Z E   AssertionError: 1 != 0 : node:internal/modules/esm/resolve:275
2026-10-08T13:27:57.9070697Z E       throw new ERR_MODULE_NOT_FOUND(
2026-10-08T13:27:57.9071131Z E             ^
2026-10-08T13:27:57.9071456Z E   
2026-10-08T13:27:57.9072707Z E   Error [ERR_MODULE_NOT_FOUND]: Cannot find module '/home/runner/work/tastetable/tastetable/tools/native_plan_to_week.mjs' imported from /tmp/tastetable-week-test-fk46iclt/
2026-10-08T13:27:57.9074788Z E       at finalizeResolution (node:internal/modules/esm/resolve:275:11)
2026-10-08T13:27:57.9075628Z E       at moduleResolve (node:internal/modules/esm/resolve:865:10)
2026-10-08T13:27:57.9076360Z E       at defaultResolve (node:internal/modules/esm/resolve:989:11)
2026-10-08T13:27:57.9077185Z E       at #cachedDefaultResolve (node:internal/modules/esm/loader:747:20)
2026-10-08T13:27:57.9078084Z E       at ModuleLoader.resolve (node:internal/modules/esm/loader:724:38)
2026-10-08T13:27:57.9079356Z E       at ModuleLoader.getModuleJobForImport (node:internal/modules/esm/loader:320:38)
2026-10-08T13:27:57.9080460Z E       at onImport.tracePromise.__proto__ (node:internal/modules/esm/loader:680:36)
2026-10-08T13:27:57.9081430Z E       at TracingChannel.tracePromise (node:diagnostics_channel:350:14)
2026-10-08T13:27:57.9082316Z E       at ModuleLoader.import (node:internal/modules/esm/loader:679:21)
2026-10-08T13:27:57.9083062Z E       at node:internal/modules/run_main:179:35 {
2026-10-08T13:27:57.9083637Z E     code: 'ERR_MODULE_NOT_FOUND',
2026-10-08T13:27:57.9084664Z E     url: 'file:///home/runner/work/tastetable/tastetable/tools/native_plan_to_week.mjs'
2026-10-08T13:27:57.9085456Z E   }
2026-10-08T13:27:57.9085748Z E   
2026-10-08T13:27:57.9086060Z E   Node.js v22.23.3
2026-10-08T13:27:57.9086629Z ---------------------------- Captured stdout setup -----------------------------
2026-10-08T13:27:57.9087647Z NATIVE_WEEK_PRODUCER_CONTROL four actual original CLI results retained; no-match plan empty
2026-10-08T13:27:57.9088805Z _ NativePlanWeekTests.test_argument_errors_do_not_wait_for_stdin (arguments=[]) _
2026-10-08T13:27:57.9089457Z 
2026-10-08T13:27:57.9090052Z self = <test_native_plan_week.NativePlanWeekTests testMethod=test_argument_errors_do_not_wait_for_stdin>
2026-10-08T13:27:57.9090847Z 
2026-10-08T13:27:57.9091098Z     def test_argument_errors_do_not_wait_for_stdin(self):
2026-10-08T13:27:57.9091689Z         for arguments in (
2026-10-08T13:27:57.9092164Z             [], ["--input", "-"], ["--help", "--unknown"],
2026-10-08T13:27:57.9092976Z             ["--input", "missing.json", "--week", "2026-10-08", "--output", "out.json", "--unknown"],
2026-10-08T13:27:57.9093843Z             ["--input", "missing.json", "--input", "other.json",
2026-10-08T13:27:57.9094736Z              "--week", "2026-10-08", "--output", "out.json"],
2026-10-08T13:27:57.9095264Z         ):
2026-10-08T13:27:57.9095658Z             with self.subTest(arguments=arguments):
2026-10-08T13:27:57.9096245Z                 before = snapshot(self.root)
2026-10-08T13:27:57.9096794Z                 process = subprocess.Popen(
2026-10-08T13:27:57.9097440Z                     [self.node, str(COMMAND), *arguments], cwd=self.root,
2026-10-08T13:27:57.9098391Z                     stdin=subprocess.PIPE, stdout=subprocess.PIPE, stderr=subprocess.PIPE,
2026-10-08T13:27:57.9099145Z                 )
2026-10-08T13:27:57.9099800Z                 try:
2026-10-08T13:27:57.9100203Z                     process.wait(timeout=3)
2026-10-08T13:27:57.9100774Z                     stdout, stderr = process.communicate()
2026-10-08T13:27:57.9101286Z                 finally:
2026-10-08T13:27:57.9101693Z                     if process.poll() is None:
2026-10-08T13:27:57.9102183Z                         process.kill()
2026-10-08T13:27:57.9102635Z                         process.communicate()
2026-10-08T13:27:57.9103325Z >               self.assertEqual(process.returncode, 2, stderr.decode("utf-8", "replace"))
2026-10-08T13:27:57.9104222Z E               AssertionError: 1 != 2 : node:internal/modules/cjs/loader:1433
2026-10-08T13:27:57.9105076Z E                 throw err;
2026-10-08T13:27:57.9105431Z E                 ^
2026-10-08T13:27:57.9105741Z E               
2026-10-08T13:27:57.9106428Z E               Error: Cannot find module '/home/runner/work/tastetable/tastetable/tools/native_plan_to_week.mjs'
2026-10-08T13:27:57.9107491Z E                   at Function._resolveFilename (node:internal/modules/cjs/loader:1430:15)
2026-10-08T13:27:57.9108367Z E                   at defaultResolveImpl (node:internal/modules/cjs/loader:1040:19)
2026-10-08T13:27:57.9109220Z E                   at resolveForCJSWithHooks (node:internal/modules/cjs/loader:1045:22)
2026-10-08T13:27:57.9110040Z E                   at Function._load (node:internal/modules/cjs/loader:1216:25)
2026-10-08T13:27:57.9110792Z E                   at wrapModuleLoad (node:internal/modules/cjs/loader:254:19)
2026-10-08T13:27:57.9111930Z E                   at Function.executeUserEntryPoint [as runMain] (node:internal/modules/run_main:171:5)
2026-10-08T13:27:57.9112769Z E                   at node:internal/main/run_main_module:36:49 {
2026-10-08T13:27:57.9113293Z E                 code: 'MODULE_NOT_FOUND',
2026-10-08T13:27:57.9113742Z E                 requireStack: []
2026-10-08T13:27:57.9114125Z E               }
2026-10-08T13:27:57.9115463Z E               
2026-10-08T13:27:57.9115824Z E               Node.js v22.23.3
2026-10-08T13:27:57.9116109Z 
2026-10-08T13:27:57.9116330Z tests/test_native_plan_week.py:385: AssertionError
2026-10-08T13:27:57.9117192Z _ NativePlanWeekTests.test_argument_errors_do_not_wait_for_stdin (arguments=['--input', '-']) _
2026-10-08T13:27:57.9117852Z 
2026-10-08T13:27:57.9118387Z self = <test_native_plan_week.NativePlanWeekTests testMethod=test_argument_errors_do_not_wait_for_stdin>
2026-10-08T13:27:57.9119093Z 
2026-10-08T13:27:57.9119304Z     def test_argument_errors_do_not_wait_for_stdin(self):
2026-10-08T13:27:57.9119821Z         for arguments in (
2026-10-08T13:27:57.9120216Z             [], ["--input", "-"], ["--help", "--unknown"],
2026-10-08T13:27:57.9120961Z             ["--input", "missing.json", "--week", "2026-10-08", "--output", "out.json", "--unknown"],
2026-10-08T13:27:57.9121748Z             ["--input", "missing.json", "--input", "other.json",
2026-10-08T13:27:57.9122318Z              "--week", "2026-10-08", "--output", "out.json"],
2026-10-08T13:27:57.9122792Z         ):
2026-10-08T13:27:57.9123145Z             with self.subTest(arguments=arguments):
2026-10-08T13:27:57.9123650Z                 before = snapshot(self.root)
2026-10-08T13:27:57.9124113Z                 process = subprocess.Popen(
2026-10-08T13:27:57.9124874Z                     [self.node, str(COMMAND), *arguments], cwd=self.root,
2026-10-08T13:27:57.9125656Z                     stdin=subprocess.PIPE, stdout=subprocess.PIPE, stderr=subprocess.PIPE,
2026-10-08T13:27:57.9126312Z                 )
2026-10-08T13:27:57.9126622Z                 try:
2026-10-08T13:27:57.9126981Z                     process.wait(timeout=3)
2026-10-08T13:27:57.9127472Z                     stdout, stderr = process.communicate()
2026-10-08T13:27:57.9127943Z                 finally:
2026-10-08T13:27:57.9128321Z                     if process.poll() is None:
2026-10-08T13:27:57.9128783Z                         process.kill()
2026-10-08T13:27:57.9129218Z                         process.communicate()
2026-10-08T13:27:57.9130099Z >               self.assertEqual(process.returncode, 2, stderr.decode("utf-8", "replace"))
2026-10-08T13:27:57.9130969Z E               AssertionError: 1 != 2 : node:internal/modules/cjs/loader:1433
2026-10-08T13:27:57.9131540Z E                 throw err;
2026-10-08T13:27:57.9131893Z E                 ^
2026-10-08T13:27:57.9132195Z E               
2026-10-08T13:27:57.9132869Z E               Error: Cannot find module '/home/runner/work/tastetable/tastetable/tools/native_plan_to_week.mjs'
2026-10-08T13:27:57.9133898Z E                   at Function._resolveFilename (node:internal/modules/cjs/loader:1430:15)
2026-10-08T13:27:57.9134943Z E                   at defaultResolveImpl (node:internal/modules/cjs/loader:1040:19)
2026-10-08T13:27:57.9135449Z E                   at resolveForCJSWithHooks (node:internal/modules/cjs/loader:1045:22)
2026-10-08T13:27:57.9135919Z E                   at Function._load (node:internal/modules/cjs/loader:1216:25)
2026-10-08T13:27:57.9136360Z E                   at wrapModuleLoad (node:internal/modules/cjs/loader:254:19)
2026-10-08T13:27:57.9136915Z E                   at Function.executeUserEntryPoint [as runMain] (node:internal/modules/run_main:171:5)
2026-10-08T13:27:57.9137422Z E                   at node:internal/main/run_main_module:36:49 {
2026-10-08T13:27:57.9137740Z E                 code: 'MODULE_NOT_FOUND',
2026-10-08T13:27:57.9138012Z E                 requireStack: []
2026-10-08T13:27:57.9138326Z E               }
2026-10-08T13:27:57.9138655Z E               
2026-10-08T13:27:57.9138918Z E               Node.js v22.23.3
2026-10-08T13:27:57.9139237Z 
2026-10-08T13:27:57.9139372Z tests/test_native_plan_week.py:385: AssertionError
2026-10-08T13:27:57.9139893Z _ NativePlanWeekTests.test_argument_errors_do_not_wait_for_stdin (arguments=['--help', '--unknown']) _
2026-10-08T13:27:57.9140301Z 
2026-10-08T13:27:57.9140610Z self = <test_native_plan_week.NativePlanWeekTests testMethod=test_argument_errors_do_not_wait_for_stdin>
2026-10-08T13:27:57.9141020Z 
2026-10-08T13:27:57.9141160Z     def test_argument_errors_do_not_wait_for_stdin(self):
2026-10-08T13:27:57.9141479Z         for arguments in (
2026-10-08T13:27:57.9141731Z             [], ["--input", "-"], ["--help", "--unknown"],
2026-10-08T13:27:57.9142173Z             ["--input", "missing.json", "--week", "2026-10-08", "--output", "out.json", "--unknown"],
2026-10-08T13:27:57.9142634Z             ["--input", "missing.json", "--input", "other.json",
2026-10-08T13:27:57.9142994Z              "--week", "2026-10-08", "--output", "out.json"],
2026-10-08T13:27:57.9143279Z         ):
2026-10-08T13:27:57.9143500Z             with self.subTest(arguments=arguments):
2026-10-08T13:27:57.9143804Z                 before = snapshot(self.root)
2026-10-08T13:27:57.9144094Z                 process = subprocess.Popen(
2026-10-08T13:27:57.9144727Z                     [self.node, str(COMMAND), *arguments], cwd=self.root,
2026-10-08T13:27:57.9145200Z                     stdin=subprocess.PIPE, stdout=subprocess.PIPE, stderr=subprocess.PIPE,
2026-10-08T13:27:57.9145604Z                 )
2026-10-08T13:27:57.9145800Z                 try:
2026-10-08T13:27:57.9146018Z                     process.wait(timeout=3)
2026-10-08T13:27:57.9146552Z                     stdout, stderr = process.communicate()
2026-10-08T13:27:57.9146922Z                 finally:
2026-10-08T13:27:57.9147155Z                     if process.poll() is None:
2026-10-08T13:27:57.9147440Z                         process.kill()
2026-10-08T13:27:57.9147711Z                         process.communicate()
2026-10-08T13:27:57.9148127Z >               self.assertEqual(process.returncode, 2, stderr.decode("utf-8", "replace"))
2026-10-08T13:27:57.9148637Z E               AssertionError: 1 != 2 : node:internal/modules/cjs/loader:1433
2026-10-08T13:27:57.9148992Z E                 throw err;
2026-10-08T13:27:57.9149307Z E                 ^
2026-10-08T13:27:57.9149635Z E               
2026-10-08T13:27:57.9150302Z E               Error: Cannot find module '/home/runner/work/tastetable/tastetable/tools/native_plan_to_week.mjs'
2026-10-08T13:27:57.9150959Z E                   at Function._resolveFilename (node:internal/modules/cjs/loader:1430:15)
2026-10-08T13:27:57.9151475Z E                   at defaultResolveImpl (node:internal/modules/cjs/loader:1040:19)
2026-10-08T13:27:57.9151964Z E                   at resolveForCJSWithHooks (node:internal/modules/cjs/loader:1045:22)
2026-10-08T13:27:57.9152438Z E                   at Function._load (node:internal/modules/cjs/loader:1216:25)
2026-10-08T13:27:57.9152871Z E                   at wrapModuleLoad (node:internal/modules/cjs/loader:254:19)
2026-10-08T13:27:57.9153419Z E                   at Function.executeUserEntryPoint [as runMain] (node:internal/modules/run_main:171:5)
2026-10-08T13:27:57.9153934Z E                   at node:internal/main/run_main_module:36:49 {
2026-10-08T13:27:57.9154255Z E                 code: 'MODULE_NOT_FOUND',
2026-10-08T13:27:57.9154689Z E                 requireStack: []
2026-10-08T13:27:57.9154924Z E               }
2026-10-08T13:27:57.9155120Z E               
2026-10-08T13:27:57.9155313Z E               Node.js v22.23.3
2026-10-08T13:27:57.9155464Z 
2026-10-08T13:27:57.9155591Z tests/test_native_plan_week.py:385: AssertionError
2026-10-08T13:27:57.9156285Z _ NativePlanWeekTests.test_argument_errors_do_not_wait_for_stdin (arguments=['--input', 'missing.json', '--week', '2026-10-08', '--output', 'out.json', ...]) _
2026-10-08T13:27:57.9156855Z 
2026-10-08T13:27:57.9157163Z self = <test_native_plan_week.NativePlanWeekTests testMethod=test_argument_errors_do_not_wait_for_stdin>
2026-10-08T13:27:57.9157699Z 
2026-10-08T13:27:57.9157837Z     def test_argument_errors_do_not_wait_for_stdin(self):
2026-10-08T13:27:57.9158149Z         for arguments in (
2026-10-08T13:27:57.9158407Z             [], ["--input", "-"], ["--help", "--unknown"],
2026-10-08T13:27:57.9158836Z             ["--input", "missing.json", "--week", "2026-10-08", "--output", "out.json", "--unknown"],
2026-10-08T13:27:57.9159289Z             ["--input", "missing.json", "--input", "other.json",
2026-10-08T13:27:57.9159635Z              "--week", "2026-10-08", "--output", "out.json"],
2026-10-08T13:27:57.9159916Z         ):
2026-10-08T13:27:57.9160131Z             with self.subTest(arguments=arguments):
2026-10-08T13:27:57.9160437Z                 before = snapshot(self.root)
2026-10-08T13:27:57.9160727Z                 process = subprocess.Popen(
2026-10-08T13:27:57.9161061Z                     [self.node, str(COMMAND), *arguments], cwd=self.root,
2026-10-08T13:27:57.9161525Z                     stdin=subprocess.PIPE, stdout=subprocess.PIPE, stderr=subprocess.PIPE,
2026-10-08T13:27:57.9161917Z                 )
2026-10-08T13:27:57.9162106Z                 try:
2026-10-08T13:27:57.9162322Z                     process.wait(timeout=3)
2026-10-08T13:27:57.9162621Z                     stdout, stderr = process.communicate()
2026-10-08T13:27:57.9162907Z                 finally:
2026-10-08T13:27:57.9163139Z                     if process.poll() is None:
2026-10-08T13:27:57.9163421Z                         process.kill()
2026-10-08T13:27:57.9163690Z                         process.communicate()
2026-10-08T13:27:57.9164094Z >               self.assertEqual(process.returncode, 2, stderr.decode("utf-8", "replace"))
2026-10-08T13:27:57.9164733Z E               AssertionError: 1 != 2 : node:internal/modules/cjs/loader:1433
2026-10-08T13:27:57.9165093Z E                 throw err;
2026-10-08T13:27:57.9165308Z E                 ^
2026-10-08T13:27:57.9188310Z E               
2026-10-08T13:27:57.9188836Z E               Error: Cannot find module '/home/runner/work/tastetable/tastetable/tools/native_plan_to_week.mjs'
2026-10-08T13:27:57.9189516Z E                   at Function._resolveFilename (node:internal/modules/cjs/loader:1430:15)
2026-10-08T13:27:57.9190043Z E                   at defaultResolveImpl (node:internal/modules/cjs/loader:1040:19)
2026-10-08T13:27:57.9190535Z E                   at resolveForCJSWithHooks (node:internal/modules/cjs/loader:1045:22)
2026-10-08T13:27:57.9191230Z E                   at Function._load (node:internal/modules/cjs/loader:1216:25)
2026-10-08T13:27:57.9191703Z E                   at wrapModuleLoad (node:internal/modules/cjs/loader:254:19)
2026-10-08T13:27:57.9192257Z E                   at Function.executeUserEntryPoint [as runMain] (node:internal/modules/run_main:171:5)
2026-10-08T13:27:57.9192765Z E                   at node:internal/main/run_main_module:36:49 {
2026-10-08T13:27:57.9193093Z E                 code: 'MODULE_NOT_FOUND',
2026-10-08T13:27:57.9193374Z E                 requireStack: []
2026-10-08T13:27:57.9193618Z E               }
2026-10-08T13:27:57.9193807Z E               
2026-10-08T13:27:57.9194004Z E               Node.js v22.23.3
2026-10-08T13:27:57.9194167Z 
2026-10-08T13:27:57.9194575Z tests/test_native_plan_week.py:385: AssertionError
2026-10-08T13:27:57.9195345Z _ NativePlanWeekTests.test_argument_errors_do_not_wait_for_stdin (arguments=['--input', 'missing.json', '--input', 'other.json', '--week', '2026-10-08', ...]) _
2026-10-08T13:27:57.9195935Z 
2026-10-08T13:27:57.9196264Z self = <test_native_plan_week.NativePlanWeekTests testMethod=test_argument_errors_do_not_wait_for_stdin>
2026-10-08T13:27:57.9196687Z 
2026-10-08T13:27:57.9196830Z     def test_argument_errors_do_not_wait_for_stdin(self):
2026-10-08T13:27:57.9197153Z         for arguments in (
2026-10-08T13:27:57.9197414Z             [], ["--input", "-"], ["--help", "--unknown"],
2026-10-08T13:27:57.9197889Z             ["--input", "missing.json", "--week", "2026-10-08", "--output", "out.json", "--unknown"],
2026-10-08T13:27:57.9198522Z             ["--input", "missing.json", "--input", "other.json",
2026-10-08T13:27:57.9198888Z              "--week", "2026-10-08", "--output", "out.json"],
2026-10-08T13:27:57.9199180Z         ):
2026-10-08T13:27:57.9199402Z             with self.subTest(arguments=arguments):
2026-10-08T13:27:57.9199717Z                 before = snapshot(self.root)
2026-10-08T13:27:57.9200012Z                 process = subprocess.Popen(
2026-10-08T13:27:57.9200364Z                     [self.node, str(COMMAND), *arguments], cwd=self.root,
2026-10-08T13:27:57.9200845Z                     stdin=subprocess.PIPE, stdout=subprocess.PIPE, stderr=subprocess.PIPE,
2026-10-08T13:27:57.9201243Z                 )
2026-10-08T13:27:57.9201448Z                 try:
2026-10-08T13:27:57.9201669Z                     process.wait(timeout=3)
2026-10-08T13:27:57.9201975Z                     stdout, stderr = process.communicate()
2026-10-08T13:27:57.9202266Z                 finally:
2026-10-08T13:27:57.9202504Z                     if process.poll() is None:
2026-10-08T13:27:57.9202792Z                         process.kill()
2026-10-08T13:27:57.9203065Z                         process.communicate()
2026-10-08T13:27:57.9203475Z >               self.assertEqual(process.returncode, 2, stderr.decode("utf-8", "replace"))
2026-10-08T13:27:57.9203978Z E               AssertionError: 1 != 2 : node:internal/modules/cjs/loader:1433
2026-10-08T13:27:57.9204576Z E                 throw err;
2026-10-08T13:27:57.9204819Z E                 ^
2026-10-08T13:27:57.9205042Z E               
2026-10-08T13:27:57.9205464Z E               Error: Cannot find module '/home/runner/work/tastetable/tastetable/tools/native_plan_to_week.mjs'
2026-10-08T13:27:57.9206087Z E                   at Function._resolveFilename (node:internal/modules/cjs/loader:1430:15)
2026-10-08T13:27:57.9206598Z E                   at defaultResolveImpl (node:internal/modules/cjs/loader:1040:19)
2026-10-08T13:27:57.9207086Z E                   at resolveForCJSWithHooks (node:internal/modules/cjs/loader:1045:22)
2026-10-08T13:27:57.9207566Z E                   at Function._load (node:internal/modules/cjs/loader:1216:25)
2026-10-08T13:27:57.9208001Z E                   at wrapModuleLoad (node:internal/modules/cjs/loader:254:19)
2026-10-08T13:27:57.9208545Z E                   at Function.executeUserEntryPoint [as runMain] (node:internal/modules/run_main:171:5)
2026-10-08T13:27:57.9209054Z E                   at node:internal/main/run_main_module:36:49 {
2026-10-08T13:27:57.9209526Z E                 code: 'MODULE_NOT_FOUND',
2026-10-08T13:27:57.9209805Z E                 requireStack: []
2026-10-08T13:27:57.9210042Z E               }
2026-10-08T13:27:57.9210226Z E               
2026-10-08T13:27:57.9210421Z E               Node.js v22.23.3
2026-10-08T13:27:57.9210581Z 
2026-10-08T13:27:57.9210705Z tests/test_native_plan_week.py:385: AssertionError
2026-10-08T13:27:57.9211146Z ______ NativePlanWeekTests.test_bounded_utf8_input_is_admitted_as_a_whole ______
2026-10-08T13:27:57.9211461Z 
2026-10-08T13:27:57.9211785Z self = <test_native_plan_week.NativePlanWeekTests testMethod=test_bounded_utf8_input_is_admitted_as_a_whole>
2026-10-08T13:27:57.9212197Z 
2026-10-08T13:27:57.9212349Z     def test_bounded_utf8_input_is_admitted_as_a_whole(self):
2026-10-08T13:27:57.9212683Z         source = self.native_file()
2026-10-08T13:27:57.9212943Z         raw = source.read_bytes()
2026-10-08T13:27:57.9213361Z         source.write_bytes(b"\xef\xbb\xbf" + raw + b" " * (MAX_INPUT_BYTES - len(raw) - 3))
2026-10-08T13:27:57.9213810Z         destination = self.root / "at-limit.json"
2026-10-08T13:27:57.9214167Z >       self.assert_success(self.convert(source, destination))
2026-10-08T13:27:57.9214690Z 
2026-10-08T13:27:57.9214802Z tests/test_native_plan_week.py:349: 
2026-10-08T13:27:57.9215120Z _ _ _ _ _ _ _ _ _ _ _ _ _ _ _ _ _ _ _ _ _ _ _ _ _ _ _ _ _ _ _ _ _ _ _ _ _ _ _ _ 
2026-10-08T13:27:57.9215492Z tests/test_native_plan_week.py:180: in assert_success
2026-10-08T13:27:57.9215944Z     self.assertEqual(result.returncode, 0, result.stderr.decode("utf-8", "replace"))
2026-10-08T13:27:57.9216577Z E   AssertionError: 1 != 0 : node:internal/modules/esm/resolve:275
2026-10-08T13:27:57.9216944Z E       throw new ERR_MODULE_NOT_FOUND(
2026-10-08T13:27:57.9217201Z E             ^
2026-10-08T13:27:57.9217386Z E   
2026-10-08T13:27:57.9218035Z E   Error [ERR_MODULE_NOT_FOUND]: Cannot find module '/home/runner/work/tastetable/tastetable/tools/native_plan_to_week.mjs' imported from /tmp/tastetable-week-test-b78rkbrg/
2026-10-08T13:27:57.9218862Z E       at finalizeResolution (node:internal/modules/esm/resolve:275:11)
2026-10-08T13:27:57.9219308Z E       at moduleResolve (node:internal/modules/esm/resolve:865:10)
2026-10-08T13:27:57.9219714Z E       at defaultResolve (node:internal/modules/esm/resolve:989:11)
2026-10-08T13:27:57.9220145Z E       at #cachedDefaultResolve (node:internal/modules/esm/loader:747:20)
2026-10-08T13:27:57.9220604Z E       at ModuleLoader.resolve (node:internal/modules/esm/loader:724:38)
2026-10-08T13:27:57.9221131Z E       at ModuleLoader.getModuleJobForImport (node:internal/modules/esm/loader:320:38)
2026-10-08T13:27:57.9221688Z E       at onImport.tracePromise.__proto__ (node:internal/modules/esm/loader:680:36)
2026-10-08T13:27:57.9222188Z E       at TracingChannel.tracePromise (node:diagnostics_channel:350:14)
2026-10-08T13:27:57.9222638Z E       at ModuleLoader.import (node:internal/modules/esm/loader:679:21)
2026-10-08T13:27:57.9223027Z E       at node:internal/modules/run_main:179:35 {
2026-10-08T13:27:57.9223330Z E     code: 'ERR_MODULE_NOT_FOUND',
2026-10-08T13:27:57.9223738Z E     url: 'file:///home/runner/work/tastetable/tastetable/tools/native_plan_to_week.mjs'
2026-10-08T13:27:57.9224164Z E   }
2026-10-08T13:27:57.9224609Z E   
2026-10-08T13:27:57.9224801Z E   Node.js v22.23.3
2026-10-08T13:27:57.9225227Z _ NativePlanWeekTests.test_existing_consumer_can_move_resave_and_preserve_calendar_identity _
2026-10-08T13:27:57.9225622Z 
2026-10-08T13:27:57.9226037Z self = <test_native_plan_week.NativePlanWeekTests testMethod=test_existing_consumer_can_move_resave_and_preserve_calendar_identity>
2026-10-08T13:27:57.9226545Z 
2026-10-08T13:27:57.9226772Z     def test_existing_consumer_can_move_resave_and_preserve_calendar_identity(self):
2026-10-08T13:27:57.9227193Z         source = self.native_file()
2026-10-08T13:27:57.9227478Z         destination = self.root / "editable.json"
2026-10-08T13:27:57.9227836Z >       self.assert_success(self.convert(source, destination))
2026-10-08T13:27:57.9228206Z 
2026-10-08T13:27:57.9228315Z tests/test_native_plan_week.py:227: 
2026-10-08T13:27:57.9228631Z _ _ _ _ _ _ _ _ _ _ _ _ _ _ _ _ _ _ _ _ _ _ _ _ _ _ _ _ _ _ _ _ _ _ _ _ _ _ _ _ 
2026-10-08T13:27:57.9229022Z tests/test_native_plan_week.py:180: in assert_success
2026-10-08T13:27:57.9229473Z     self.assertEqual(result.returncode, 0, result.stderr.decode("utf-8", "replace"))
2026-10-08T13:27:57.9229965Z E   AssertionError: 1 != 0 : node:internal/modules/esm/resolve:275
2026-10-08T13:27:57.9230325Z E       throw new ERR_MODULE_NOT_FOUND(
2026-10-08T13:27:57.9230585Z E             ^
2026-10-08T13:27:57.9230770Z E   
2026-10-08T13:27:57.9231419Z E   Error [ERR_MODULE_NOT_FOUND]: Cannot find module '/home/runner/work/tastetable/tastetable/tools/native_plan_to_week.mjs' imported from /tmp/tastetable-week-test-u7cunfxb/
2026-10-08T13:27:57.9232238Z E       at finalizeResolution (node:internal/modules/esm/resolve:275:11)
2026-10-08T13:27:57.9232670Z E       at moduleResolve (node:internal/modules/esm/resolve:865:10)
2026-10-08T13:27:57.9233091Z E       at defaultResolve (node:internal/modules/esm/resolve:989:11)
2026-10-08T13:27:57.9233528Z E       at #cachedDefaultResolve (node:internal/modules/esm/loader:747:20)
2026-10-08T13:27:57.9233987Z E       at ModuleLoader.resolve (node:internal/modules/esm/loader:724:38)
2026-10-08T13:27:57.9234770Z E       at ModuleLoader.getModuleJobForImport (node:internal/modules/esm/loader:320:38)
2026-10-08T13:27:57.9235329Z E       at onImport.tracePromise.__proto__ (node:internal/modules/esm/loader:680:36)
2026-10-08T13:27:57.9235969Z E       at TracingChannel.tracePromise (node:diagnostics_channel:350:14)
2026-10-08T13:27:57.9236420Z E       at ModuleLoader.import (node:internal/modules/esm/loader:679:21)
2026-10-08T13:27:57.9236808Z E       at node:internal/modules/run_main:179:35 {
2026-10-08T13:27:57.9237108Z E     code: 'ERR_MODULE_NOT_FOUND',
2026-10-08T13:27:57.9237507Z E     url: 'file:///home/runner/work/tastetable/tastetable/tools/native_plan_to_week.mjs'
2026-10-08T13:27:57.9237914Z E   }
2026-10-08T13:27:57.9238082Z E   
2026-10-08T13:27:57.9238261Z E   Node.js v22.23.3
2026-10-08T13:27:57.9238727Z _ NativePlanWeekTests.test_existing_outputs_and_input_aliases_are_never_replaced (destination='existing.json') _
2026-10-08T13:27:57.9239176Z 
2026-10-08T13:27:57.9239539Z self = <test_native_plan_week.NativePlanWeekTests testMethod=test_existing_outputs_and_input_aliases_are_never_replaced>
2026-10-08T13:27:57.9240006Z 
2026-10-08T13:27:57.9240194Z     def test_existing_outputs_and_input_aliases_are_never_replaced(self):
2026-10-08T13:27:57.9240575Z         source = self.native_file()
2026-10-08T13:27:57.9240856Z         ordinary = self.root / "existing.json"
2026-10-08T13:27:57.9241195Z         ordinary.write_bytes(b"FOREIGN COMPLETED FILE\n")
2026-10-08T13:27:57.9241533Z         hardlink = self.root / "hardlink.json"
2026-10-08T13:27:57.9241817Z         os.link(source, hardlink)
2026-10-08T13:27:57.9242085Z         symlink = self.root / "symlink.json"
2026-10-08T13:27:57.9242371Z         symlink.symlink_to(source)
2026-10-08T13:27:57.9242643Z         dangling = self.root / "dangling.json"
2026-10-08T13:27:57.9242973Z         dangling.symlink_to(self.root / "not-created.json")
2026-10-08T13:27:57.9243336Z         directory = self.root / "existing-directory"
2026-10-08T13:27:57.9243636Z         directory.mkdir()
2026-10-08T13:27:57.9243992Z         for destination in (ordinary, source, hardlink, symlink, dangling, directory):
2026-10-08T13:27:57.9244596Z             with self.subTest(destination=destination.name):
2026-10-08T13:27:57.9244936Z                 before = snapshot(self.root)
2026-10-08T13:27:57.9245278Z >               self.assert_refusal(self.convert(source, destination))
2026-10-08T13:27:57.9245534Z 
2026-10-08T13:27:57.9245634Z tests/test_native_plan_week.py:305: 
2026-10-08T13:27:57.9245941Z _ _ _ _ _ _ _ _ _ _ _ _ _ _ _ _ _ _ _ _ _ _ _ _ _ _ _ _ _ _ _ _ _ _ _ _ _ _ _ _ 
2026-10-08T13:27:57.9246315Z tests/test_native_plan_week.py:184: in assert_refusal
2026-10-08T13:27:57.9246907Z     self.assertEqual(result.returncode, code, result.stderr.decode("utf-8", "replace"))
2026-10-08T13:27:57.9247752Z E   AssertionError: 1 != 2 : node:internal/modules/esm/resolve:275
2026-10-08T13:27:57.9248120Z E       throw new ERR_MODULE_NOT_FOUND(
2026-10-08T13:27:57.9248379Z E             ^
2026-10-08T13:27:57.9248562Z E   
2026-10-08T13:27:57.9249204Z E   Error [ERR_MODULE_NOT_FOUND]: Cannot find module '/home/runner/work/tastetable/tastetable/tools/native_plan_to_week.mjs' imported from /tmp/tastetable-week-test-vxmy2syd/
2026-10-08T13:27:57.9250033Z E       at finalizeResolution (node:internal/modules/esm/resolve:275:11)
2026-10-08T13:27:57.9250478Z E       at moduleResolve (node:internal/modules/esm/resolve:865:10)
2026-10-08T13:27:57.9250884Z E       at defaultResolve (node:internal/modules/esm/resolve:989:11)
2026-10-08T13:27:57.9251324Z E       at #cachedDefaultResolve (node:internal/modules/esm/loader:747:20)
2026-10-08T13:27:57.9251788Z E       at ModuleLoader.resolve (node:internal/modules/esm/loader:724:38)
2026-10-08T13:27:57.9252301Z E       at ModuleLoader.getModuleJobForImport (node:internal/modules/esm/loader:320:38)
2026-10-08T13:27:57.9252861Z E       at onImport.tracePromise.__proto__ (node:internal/modules/esm/loader:680:36)
2026-10-08T13:27:57.9253357Z E       at TracingChannel.tracePromise (node:diagnostics_channel:350:14)
2026-10-08T13:27:57.9253830Z E       at ModuleLoader.import (node:internal/modules/esm/loader:679:21)
2026-10-08T13:27:57.9254209Z E       at node:internal/modules/run_main:179:35 {
2026-10-08T13:27:57.9254824Z E     code: 'ERR_MODULE_NOT_FOUND',
2026-10-08T13:27:57.9255231Z E     url: 'file:///home/runner/work/tastetable/tastetable/tools/native_plan_to_week.mjs'
2026-10-08T13:27:57.9255634Z E   }
2026-10-08T13:27:57.9255803Z E   
2026-10-08T13:27:57.9255976Z E   Node.js v22.23.3
2026-10-08T13:27:57.9256451Z _ NativePlanWeekTests.test_existing_outputs_and_input_aliases_are_never_replaced (destination='native result.json') _
2026-10-08T13:27:57.9256919Z 
2026-10-08T13:27:57.9257283Z self = <test_native_plan_week.NativePlanWeekTests testMethod=test_existing_outputs_and_input_aliases_are_never_replaced>
2026-10-08T13:27:57.9257749Z 
2026-10-08T13:27:57.9257935Z     def test_existing_outputs_and_input_aliases_are_never_replaced(self):
2026-10-08T13:27:57.9258308Z         source = self.native_file()
2026-10-08T13:27:57.9258587Z         ordinary = self.root / "existing.json"
2026-10-08T13:27:57.9258920Z         ordinary.write_bytes(b"FOREIGN COMPLETED FILE\n")
2026-10-08T13:27:57.9259250Z         hardlink = self.root / "hardlink.json"
2026-10-08T13:27:57.9259527Z         os.link(source, hardlink)
2026-10-08T13:27:57.9259781Z         symlink = self.root / "symlink.json"
2026-10-08T13:27:57.9260060Z         symlink.symlink_to(source)
2026-10-08T13:27:57.9260323Z         dangling = self.root / "dangling.json"
2026-10-08T13:27:57.9260647Z         dangling.symlink_to(self.root / "not-created.json")
2026-10-08T13:27:57.9261003Z         directory = self.root / "existing-directory"
2026-10-08T13:27:57.9261310Z         directory.mkdir()
2026-10-08T13:27:57.9261667Z         for destination in (ordinary, source, hardlink, symlink, dangling, directory):
2026-10-08T13:27:57.9262123Z             with self.subTest(destination=destination.name):
2026-10-08T13:27:57.9262450Z                 before = snapshot(self.root)
2026-10-08T13:27:57.9262784Z >               self.assert_refusal(self.convert(source, destination))
2026-10-08T13:27:57.9263036Z 
2026-10-08T13:27:57.9263134Z tests/test_native_plan_week.py:305: 
2026-10-08T13:27:57.9263446Z _ _ _ _ _ _ _ _ _ _ _ _ _ _ _ _ _ _ _ _ _ _ _ _ _ _ _ _ _ _ _ _ _ _ _ _ _ _ _ _ 
2026-10-08T13:27:57.9263812Z tests/test_native_plan_week.py:184: in assert_refusal
2026-10-08T13:27:57.9264509Z     self.assertEqual(result.returncode, code, result.stderr.decode("utf-8", "replace"))
2026-10-08T13:27:57.9265082Z E   AssertionError: 1 != 2 : node:internal/modules/esm/resolve:275
2026-10-08T13:27:57.9265439Z E       throw new ERR_MODULE_NOT_FOUND(
2026-10-08T13:27:57.9265820Z E             ^
2026-10-08T13:27:57.9266013Z E   
2026-10-08T13:27:57.9266661Z E   Error [ERR_MODULE_NOT_FOUND]: Cannot find module '/home/runner/work/tastetable/tastetable/tools/native_plan_to_week.mjs' imported from /tmp/tastetable-week-test-vxmy2syd/
2026-10-08T13:27:57.9267485Z E       at finalizeResolution (node:internal/modules/esm/resolve:275:11)
2026-10-08T13:27:57.9267922Z E       at moduleResolve (node:internal/modules/esm/resolve:865:10)
2026-10-08T13:27:57.9268337Z E       at defaultResolve (node:internal/modules/esm/resolve:989:11)
2026-10-08T13:27:57.9268785Z E       at #cachedDefaultResolve (node:internal/modules/esm/loader:747:20)
2026-10-08T13:27:57.9269245Z E       at ModuleLoader.resolve (node:internal/modules/esm/loader:724:38)
2026-10-08T13:27:57.9269763Z E       at ModuleLoader.getModuleJobForImport (node:internal/modules/esm/loader:320:38)
2026-10-08T13:27:57.9270320Z E       at onImport.tracePromise.__proto__ (node:internal/modules/esm/loader:680:36)
2026-10-08T13:27:57.9270821Z E       at TracingChannel.tracePromise (node:diagnostics_channel:350:14)
2026-10-08T13:27:57.9271277Z E       at ModuleLoader.import (node:internal/modules/esm/loader:679:21)
2026-10-08T13:27:57.9271657Z E       at node:internal/modules/run_main:179:35 {
2026-10-08T13:27:57.9271952Z E     code: 'ERR_MODULE_NOT_FOUND',
2026-10-08T13:27:57.9272354Z E     url: 'file:///home/runner/work/tastetable/tastetable/tools/native_plan_to_week.mjs'
2026-10-08T13:27:57.9272759Z E   }
2026-10-08T13:27:57.9272926Z E   
2026-10-08T13:27:57.9273223Z E   Node.js v22.23.3
2026-10-08T13:27:57.9273685Z _ NativePlanWeekTests.test_existing_outputs_and_input_aliases_are_never_replaced (destination='hardlink.json') _
2026-10-08T13:27:57.9274128Z 
2026-10-08T13:27:57.9274729Z self = <test_native_plan_week.NativePlanWeekTests testMethod=test_existing_outputs_and_input_aliases_are_never_replaced>
2026-10-08T13:27:57.9275205Z 
2026-10-08T13:27:57.9275395Z     def test_existing_outputs_and_input_aliases_are_never_replaced(self):
2026-10-08T13:27:57.9275772Z         source = self.native_file()
2026-10-08T13:27:57.9276050Z         ordinary = self.root / "existing.json"
2026-10-08T13:27:57.9276380Z         ordinary.write_bytes(b"FOREIGN COMPLETED FILE\n")
2026-10-08T13:27:57.9276707Z         hardlink = self.root / "hardlink.json"
2026-10-08T13:27:57.9276986Z         os.link(source, hardlink)
2026-10-08T13:27:57.9277243Z         symlink = self.root / "symlink.json"
2026-10-08T13:27:57.9277533Z         symlink.symlink_to(source)
2026-10-08T13:27:57.9277817Z         dangling = self.root / "dangling.json"
2026-10-08T13:27:57.9278156Z         dangling.symlink_to(self.root / "not-created.json")
2026-10-08T13:27:57.9278519Z         directory = self.root / "existing-directory"
2026-10-08T13:27:57.9278826Z         directory.mkdir()
2026-10-08T13:27:57.9279183Z         for destination in (ordinary, source, hardlink, symlink, dangling, directory):
2026-10-08T13:27:57.9279653Z             with self.subTest(destination=destination.name):
2026-10-08T13:27:57.9279988Z                 before = snapshot(self.root)
2026-10-08T13:27:57.9280333Z >               self.assert_refusal(self.convert(source, destination))
2026-10-08T13:27:57.9280594Z 
2026-10-08T13:27:57.9280695Z tests/test_native_plan_week.py:305: 
2026-10-08T13:27:57.9281007Z _ _ _ _ _ _ _ _ _ _ _ _ _ _ _ _ _ _ _ _ _ _ _ _ _ _ _ _ _ _ _ _ _ _ _ _ _ _ _ _ 
2026-10-08T13:27:57.9281375Z tests/test_native_plan_week.py:184: in assert_refusal
2026-10-08T13:27:57.9281843Z     self.assertEqual(result.returncode, code, result.stderr.decode("utf-8", "replace"))
2026-10-08T13:27:57.9282362Z E   AssertionError: 1 != 2 : node:internal/modules/esm/resolve:275
2026-10-08T13:27:57.9282723Z E       throw new ERR_MODULE_NOT_FOUND(
2026-10-08T13:27:57.9282976Z E             ^
2026-10-08T13:27:57.9283160Z E   
2026-10-08T13:27:57.9283945Z E   Error [ERR_MODULE_NOT_FOUND]: Cannot find module '/home/runner/work/tastetable/tastetable/tools/native_plan_to_week.mjs' imported from /tmp/tastetable-week-test-vxmy2syd/
2026-10-08T13:27:57.9285013Z E       at finalizeResolution (node:internal/modules/esm/resolve:275:11)
2026-10-08T13:27:57.9285458Z E       at moduleResolve (node:internal/modules/esm/resolve:865:10)
2026-10-08T13:27:57.9285871Z E       at defaultResolve (node:internal/modules/esm/resolve:989:11)
2026-10-08T13:27:57.9286314Z E       at #cachedDefaultResolve (node:internal/modules/esm/loader:747:20)
2026-10-08T13:27:57.9286775Z E       at ModuleLoader.resolve (node:internal/modules/esm/loader:724:38)
2026-10-08T13:27:57.9287291Z E       at ModuleLoader.getModuleJobForImport (node:internal/modules/esm/loader:320:38)
2026-10-08T13:27:57.9287847Z E       at onImport.tracePromise.__proto__ (node:internal/modules/esm/loader:680:36)
2026-10-08T13:27:57.9288338Z E       at TracingChannel.tracePromise (node:diagnostics_channel:350:14)
2026-10-08T13:27:57.9288790Z E       at ModuleLoader.import (node:internal/modules/esm/loader:679:21)
2026-10-08T13:27:57.9289175Z E       at node:internal/modules/run_main:179:35 {
2026-10-08T13:27:57.9289473Z E     code: 'ERR_MODULE_NOT_FOUND',
2026-10-08T13:27:57.9289881Z E     url: 'file:///home/runner/work/tastetable/tastetable/tools/native_plan_to_week.mjs'
2026-10-08T13:27:57.9290284Z E   }
2026-10-08T13:27:57.9290450Z E   
2026-10-08T13:27:57.9290627Z E   Node.js v22.23.3
2026-10-08T13:27:57.9291090Z _ NativePlanWeekTests.test_existing_outputs_and_input_aliases_are_never_replaced (destination='symlink.json') _
2026-10-08T13:27:57.9291535Z 
2026-10-08T13:27:57.9291896Z self = <test_native_plan_week.NativePlanWeekTests testMethod=test_existing_outputs_and_input_aliases_are_never_replaced>
2026-10-08T13:27:57.9292497Z 
2026-10-08T13:27:57.9292679Z     def test_existing_outputs_and_input_aliases_are_never_replaced(self):
2026-10-08T13:27:57.9293058Z         source = self.native_file()
2026-10-08T13:27:57.9293344Z         ordinary = self.root / "existing.json"
2026-10-08T13:27:57.9293680Z         ordinary.write_bytes(b"FOREIGN COMPLETED FILE\n")
2026-10-08T13:27:57.9294014Z         hardlink = self.root / "hardlink.json"
2026-10-08T13:27:57.9294425Z         os.link(source, hardlink)
2026-10-08T13:27:57.9294697Z         symlink = self.root / "symlink.json"
2026-10-08T13:27:57.9294979Z         symlink.symlink_to(source)
2026-10-08T13:27:57.9295245Z         dangling = self.root / "dangling.json"
2026-10-08T13:27:57.9295578Z         dangling.symlink_to(self.root / "not-created.json")
2026-10-08T13:27:57.9295938Z         directory = self.root / "existing-directory"
2026-10-08T13:27:57.9296245Z         directory.mkdir()
2026-10-08T13:27:57.9296605Z         for destination in (ordinary, source, hardlink, symlink, dangling, directory):
2026-10-08T13:27:57.9297064Z             with self.subTest(destination=destination.name):
2026-10-08T13:27:57.9297400Z                 before = snapshot(self.root)
2026-10-08T13:27:57.9297741Z >               self.assert_refusal(self.convert(source, destination))
2026-10-08T13:27:57.9298028Z 
2026-10-08T13:27:57.9298129Z tests/test_native_plan_week.py:305: 
2026-10-08T13:27:57.9298442Z _ _ _ _ _ _ _ _ _ _ _ _ _ _ _ _ _ _ _ _ _ _ _ _ _ _ _ _ _ _ _ _ _ _ _ _ _ _ _ _ 
2026-10-08T13:27:57.9298812Z tests/test_native_plan_week.py:184: in assert_refusal
2026-10-08T13:27:57.9299289Z     self.assertEqual(result.returncode, code, result.stderr.decode("utf-8", "replace"))
2026-10-08T13:27:57.9299799Z E   AssertionError: 1 != 2 : node:internal/modules/esm/resolve:275
2026-10-08T13:27:57.9300159Z E       throw new ERR_MODULE_NOT_FOUND(
2026-10-08T13:27:57.9300415Z E             ^
2026-10-08T13:27:57.9300605Z E   
2026-10-08T13:27:57.9301259Z E   Error [ERR_MODULE_NOT_FOUND]: Cannot find module '/home/runner/work/tastetable/tastetable/tools/native_plan_to_week.mjs' imported from /tmp/tastetable-week-test-vxmy2syd/
2026-10-08T13:27:57.9302086Z E       at finalizeResolution (node:internal/modules/esm/resolve:275:11)
2026-10-08T13:27:57.9302530Z E       at moduleResolve (node:internal/modules/esm/resolve:865:10)
2026-10-08T13:27:57.9303067Z E       at defaultResolve (node:internal/modules/esm/resolve:989:11)
2026-10-08T13:27:57.9303519Z E       at #cachedDefaultResolve (node:internal/modules/esm/loader:747:20)
2026-10-08T13:27:57.9303984Z E       at ModuleLoader.resolve (node:internal/modules/esm/loader:724:38)
2026-10-08T13:27:57.9304630Z E       at ModuleLoader.getModuleJobForImport (node:internal/modules/esm/loader:320:38)
2026-10-08T13:27:57.9305191Z E       at onImport.tracePromise.__proto__ (node:internal/modules/esm/loader:680:36)
2026-10-08T13:27:57.9305697Z E       at TracingChannel.tracePromise (node:diagnostics_channel:350:14)
2026-10-08T13:27:57.9306154Z E       at ModuleLoader.import (node:internal/modules/esm/loader:679:21)
2026-10-08T13:27:57.9306539Z E       at node:internal/modules/run_main:179:35 {
2026-10-08T13:27:57.9306838Z E     code: 'ERR_MODULE_NOT_FOUND',
2026-10-08T13:27:57.9307241Z E     url: 'file:///home/runner/work/tastetable/tastetable/tools/native_plan_to_week.mjs'
2026-10-08T13:27:57.9307642Z E   }
2026-10-08T13:27:57.9307809Z E   
2026-10-08T13:27:57.9307990Z E   Node.js v22.23.3
2026-10-08T13:27:57.9308459Z _ NativePlanWeekTests.test_existing_outputs_and_input_aliases_are_never_replaced (destination='dangling.json') _
2026-10-08T13:27:57.9308902Z 
2026-10-08T13:27:57.9309268Z self = <test_native_plan_week.NativePlanWeekTests testMethod=test_existing_outputs_and_input_aliases_are_never_replaced>
2026-10-08T13:27:57.9309739Z 
2026-10-08T13:27:57.9309930Z     def test_existing_outputs_and_input_aliases_are_never_replaced(self):
2026-10-08T13:27:57.9310304Z         source = self.native_file()
2026-10-08T13:27:57.9310781Z         ordinary = self.root / "existing.json"
2026-10-08T13:27:57.9311327Z         ordinary.write_bytes(b"FOREIGN COMPLETED FILE\n")
2026-10-08T13:27:57.9311822Z         hardlink = self.root / "hardlink.json"
2026-10-08T13:27:57.9312110Z         os.link(source, hardlink)
2026-10-08T13:27:57.9312373Z         symlink = self.root / "symlink.json"
2026-10-08T13:27:57.9312657Z         symlink.symlink_to(source)
2026-10-08T13:27:57.9312931Z         dangling = self.root / "dangling.json"
2026-10-08T13:27:57.9313266Z         dangling.symlink_to(self.root / "not-created.json")
2026-10-08T13:27:57.9313617Z         directory = self.root / "existing-directory"
2026-10-08T13:27:57.9313915Z         directory.mkdir()
2026-10-08T13:27:57.9314468Z         for destination in (ordinary, source, hardlink, symlink, dangling, directory):
2026-10-08T13:27:57.9314981Z             with self.subTest(destination=destination.name):
2026-10-08T13:27:57.9315309Z                 before = snapshot(self.root)
2026-10-08T13:27:57.9315646Z >               self.assert_refusal(self.convert(source, destination))
2026-10-08T13:27:57.9315899Z 
2026-10-08T13:27:57.9316009Z tests/test_native_plan_week.py:305: 
2026-10-08T13:27:57.9316323Z _ _ _ _ _ _ _ _ _ _ _ _ _ _ _ _ _ _ _ _ _ _ _ _ _ _ _ _ _ _ _ _ _ _ _ _ _ _ _ _ 
2026-10-08T13:27:57.9316695Z tests/test_native_plan_week.py:184: in assert_refusal
2026-10-08T13:27:57.9317159Z     self.assertEqual(result.returncode, code, result.stderr.decode("utf-8", "replace"))
2026-10-08T13:27:57.9317671Z E   AssertionError: 1 != 2 : node:internal/modules/esm/resolve:275
2026-10-08T13:27:57.9318029Z E       throw new ERR_MODULE_NOT_FOUND(
2026-10-08T13:27:57.9318282Z E             ^
2026-10-08T13:27:57.9318467Z E   
2026-10-08T13:27:57.9319121Z E   Error [ERR_MODULE_NOT_FOUND]: Cannot find module '/home/runner/work/tastetable/tastetable/tools/native_plan_to_week.mjs' imported from /tmp/tastetable-week-test-vxmy2syd/
2026-10-08T13:27:57.9319943Z E       at finalizeResolution (node:internal/modules/esm/resolve:275:11)
2026-10-08T13:27:57.9320384Z E       at moduleResolve (node:internal/modules/esm/resolve:865:10)
2026-10-08T13:27:57.9320802Z E       at defaultResolve (node:internal/modules/esm/resolve:989:11)
2026-10-08T13:27:57.9321244Z E       at #cachedDefaultResolve (node:internal/modules/esm/loader:747:20)
2026-10-08T13:27:57.9321704Z E       at ModuleLoader.resolve (node:internal/modules/esm/loader:724:38)
2026-10-08T13:27:57.9322419Z E       at ModuleLoader.getModuleJobForImport (node:internal/modules/esm/loader:320:38)
2026-10-08T13:27:57.9322982Z E       at onImport.tracePromise.__proto__ (node:internal/modules/esm/loader:680:36)
2026-10-08T13:27:57.9323489Z E       at TracingChannel.tracePromise (node:diagnostics_channel:350:14)
2026-10-08T13:27:57.9323942Z E       at ModuleLoader.import (node:internal/modules/esm/loader:679:21)
2026-10-08T13:27:57.9324550Z E       at node:internal/modules/run_main:179:35 {
2026-10-08T13:27:57.9324863Z E     code: 'ERR_MODULE_NOT_FOUND',
2026-10-08T13:27:57.9325264Z E     url: 'file:///home/runner/work/tastetable/tastetable/tools/native_plan_to_week.mjs'
2026-10-08T13:27:57.9325661Z E   }
2026-10-08T13:27:57.9325832Z E   
2026-10-08T13:27:57.9326002Z E   Node.js v22.23.3
2026-10-08T13:27:57.9326488Z _ NativePlanWeekTests.test_existing_outputs_and_input_aliases_are_never_replaced (destination='existing-directory') _
2026-10-08T13:27:57.9326955Z 
2026-10-08T13:27:57.9327320Z self = <test_native_plan_week.NativePlanWeekTests testMethod=test_existing_outputs_and_input_aliases_are_never_replaced>
2026-10-08T13:27:57.9327780Z 
2026-10-08T13:27:57.9327966Z     def test_existing_outputs_and_input_aliases_are_never_replaced(self):
2026-10-08T13:27:57.9328345Z         source = self.native_file()
2026-10-08T13:27:57.9328620Z         ordinary = self.root / "existing.json"
2026-10-08T13:27:57.9328951Z         ordinary.write_bytes(b"FOREIGN COMPLETED FILE\n")
2026-10-08T13:27:57.9329286Z         hardlink = self.root / "hardlink.json"
2026-10-08T13:27:57.9329709Z         os.link(source, hardlink)
2026-10-08T13:27:57.9329974Z         symlink = self.root / "symlink.json"
2026-10-08T13:27:57.9330256Z         symlink.symlink_to(source)
2026-10-08T13:27:57.9330523Z         dangling = self.root / "dangling.json"
2026-10-08T13:27:57.9330852Z         dangling.symlink_to(self.root / "not-created.json")
2026-10-08T13:27:57.9331207Z         directory = self.root / "existing-directory"
2026-10-08T13:27:57.9331504Z         directory.mkdir()
2026-10-08T13:27:57.9331859Z         for destination in (ordinary, source, hardlink, symlink, dangling, directory):
2026-10-08T13:27:57.9332321Z             with self.subTest(destination=destination.name):
2026-10-08T13:27:57.9332647Z                 before = snapshot(self.root)
2026-10-08T13:27:57.9332986Z >               self.assert_refusal(self.convert(source, destination))
2026-10-08T13:27:57.9333233Z 
2026-10-08T13:27:57.9333335Z tests/test_native_plan_week.py:305: 
2026-10-08T13:27:57.9333642Z _ _ _ _ _ _ _ _ _ _ _ _ _ _ _ _ _ _ _ _ _ _ _ _ _ _ _ _ _ _ _ _ _ _ _ _ _ _ _ _ 
2026-10-08T13:27:57.9334011Z tests/test_native_plan_week.py:184: in assert_refusal
2026-10-08T13:27:57.9334606Z     self.assertEqual(result.returncode, code, result.stderr.decode("utf-8", "replace"))
2026-10-08T13:27:57.9335113Z E   AssertionError: 1 != 2 : node:internal/modules/esm/resolve:275
2026-10-08T13:27:57.9335483Z E       throw new ERR_MODULE_NOT_FOUND(
2026-10-08T13:27:57.9335731Z E             ^
2026-10-08T13:27:57.9335913Z E   
2026-10-08T13:27:57.9336564Z E   Error [ERR_MODULE_NOT_FOUND]: Cannot find module '/home/runner/work/tastetable/tastetable/tools/native_plan_to_week.mjs' imported from /tmp/tastetable-week-test-vxmy2syd/
2026-10-08T13:27:57.9337383Z E       at finalizeResolution (node:internal/modules/esm/resolve:275:11)
2026-10-08T13:27:57.9337814Z E       at moduleResolve (node:internal/modules/esm/resolve:865:10)
2026-10-08T13:27:57.9338218Z E       at defaultResolve (node:internal/modules/esm/resolve:989:11)
2026-10-08T13:27:57.9338661Z E       at #cachedDefaultResolve (node:internal/modules/esm/loader:747:20)
2026-10-08T13:27:57.9339123Z E       at ModuleLoader.resolve (node:internal/modules/esm/loader:724:38)
2026-10-08T13:27:57.9339631Z E       at ModuleLoader.getModuleJobForImport (node:internal/modules/esm/loader:320:38)
2026-10-08T13:27:57.9340183Z E       at onImport.tracePromise.__proto__ (node:internal/modules/esm/loader:680:36)
2026-10-08T13:27:57.9340792Z E       at TracingChannel.tracePromise (node:diagnostics_channel:350:14)
2026-10-08T13:27:57.9341242Z E       at ModuleLoader.import (node:internal/modules/esm/loader:679:21)
2026-10-08T13:27:57.9341618Z E       at node:internal/modules/run_main:179:35 {
2026-10-08T13:27:57.9341908Z E     code: 'ERR_MODULE_NOT_FOUND',
2026-10-08T13:27:57.9342300Z E     url: 'file:///home/runner/work/tastetable/tastetable/tools/native_plan_to_week.mjs'
2026-10-08T13:27:57.9342708Z E   }
2026-10-08T13:27:57.9342877Z E   
2026-10-08T13:27:57.9343049Z E   Node.js v22.23.3
2026-10-08T13:27:57.9343414Z _ NativePlanWeekTests.test_existing_outputs_and_input_aliases_are_never_replaced _
2026-10-08T13:27:57.9343764Z 
2026-10-08T13:27:57.9344132Z self = <test_native_plan_week.NativePlanWeekTests testMethod=test_existing_outputs_and_input_aliases_are_never_replaced>
2026-10-08T13:27:57.9344736Z 
2026-10-08T13:27:57.9344926Z     def test_existing_outputs_and_input_aliases_are_never_replaced(self):
2026-10-08T13:27:57.9345300Z         source = self.native_file()
2026-10-08T13:27:57.9345576Z         ordinary = self.root / "existing.json"
2026-10-08T13:27:57.9345905Z         ordinary.write_bytes(b"FOREIGN COMPLETED FILE\n")
2026-10-08T13:27:57.9346234Z         hardlink = self.root / "hardlink.json"
2026-10-08T13:27:57.9346515Z         os.link(source, hardlink)
2026-10-08T13:27:57.9346774Z         symlink = self.root / "symlink.json"
2026-10-08T13:27:57.9347052Z         symlink.symlink_to(source)
2026-10-08T13:27:57.9347317Z         dangling = self.root / "dangling.json"
2026-10-08T13:27:57.9347640Z         dangling.symlink_to(self.root / "not-created.json")
2026-10-08T13:27:57.9348119Z         directory = self.root / "existing-directory"
2026-10-08T13:27:57.9348414Z         directory.mkdir()
2026-10-08T13:27:57.9348766Z         for destination in (ordinary, source, hardlink, symlink, dangling, directory):
2026-10-08T13:27:57.9349223Z             with self.subTest(destination=destination.name):
2026-10-08T13:27:57.9349551Z                 before = snapshot(self.root)
2026-10-08T13:27:57.9349896Z                 self.assert_refusal(self.convert(source, destination))
2026-10-08T13:27:57.9350278Z                 self.assertEqual(snapshot(self.root), before)
2026-10-08T13:27:57.9350683Z         missing_parent = self.root / "not-created-parent" / "week.json"
2026-10-08T13:27:57.9351052Z         before = snapshot(self.root)
2026-10-08T13:27:57.9351402Z >       self.assert_refusal(self.convert(source, missing_parent), code=1)
2026-10-08T13:27:57.9351686Z 
2026-10-08T13:27:57.9351783Z tests/test_native_plan_week.py:309: 
2026-10-08T13:27:57.9352103Z _ _ _ _ _ _ _ _ _ _ _ _ _ _ _ _ _ _ _ _ _ _ _ _ _ _ _ _ _ _ _ _ _ _ _ _ _ _ _ _ 
2026-10-08T13:27:57.9352481Z tests/test_native_plan_week.py:185: in assert_refusal
2026-10-08T13:27:57.9352835Z     self.assertIn(b"tastetable-week:", result.stderr)
2026-10-08T13:27:57.9357113Z E   AssertionError: b'tastetable-week:' not found in b"node:internal/modules/esm/resolve:275\n    throw new ERR_MODULE_NOT_FOUND(\n          ^\n\nError [ERR_MODULE_NOT_FOUND]: Cannot find module '/home/runner/work/tastetable/tastetable/tools/native_plan_to_week.mjs' imported from /tmp/tastetable-week-test-vxmy2syd/\n    at finalizeResolution (node:internal/modules/esm/resolve:275:11)\n    at moduleResolve (node:internal/modules/esm/resolve:865:10)\n    at defaultResolve (node:internal/modules/esm/resolve:989:11)\n    at #cachedDefaultResolve (node:internal/modules/esm/loader:747:20)\n    at ModuleLoader.resolve (node:internal/modules/esm/loader:724:38)\n    at ModuleLoader.getModuleJobForImport (node:internal/modules/esm/loader:320:38)\n    at onImport.tracePromise.__proto__ (node:internal/modules/esm/loader:680:36)\n    at TracingChannel.tracePromise (node:diagnostics_channel:350:14)\n    at ModuleLoader.import (node:internal/modules/esm/loader:679:21)\n    at node:internal/modules/run_main:179:35 {\n  code: 'ERR_MODULE_NOT_FOUND',\n  url: 'file:///home/runner/work/tastetable/tastetable/tools/native_plan_to_week.mjs'\n}\n\nNode.js v22.23.3\n"
2026-10-08T13:27:57.9361457Z ----------------------------- Captured stdout call -----------------------------
2026-10-08T13:27:57.9361822Z uuuuuu [ 43%]
2026-10-08T13:27:57.9362230Z _ NativePlanWeekTests.test_incompatible_complete_results_and_dates_publish_nothing (label='mode') _
2026-10-08T13:27:57.9362640Z 
2026-10-08T13:27:57.9363009Z self = <test_native_plan_week.NativePlanWeekTests testMethod=test_incompatible_complete_results_and_dates_publish_nothing>
2026-10-08T13:27:57.9363480Z 
2026-10-08T13:27:57.9363678Z     def test_incompatible_complete_results_and_dates_publish_nothing(self):
2026-10-08T13:27:57.9364072Z         alterations = {
2026-10-08T13:27:57.9364587Z             "mode": lambda e: e["provenance"].update(mode="live"),
2026-10-08T13:27:57.9365031Z             "policy": lambda e: e["provenance"].update(policy="AnotherModel"),
2026-10-08T13:27:57.9365526Z             "transport": lambda e: e["provenance"].update(transport="NetworkTransport"),
2026-10-08T13:27:57.9366023Z             "data": lambda e: e["provenance"].update(data="verified live venues"),
2026-10-08T13:27:57.9366504Z             "checks": lambda e: e["provenance"].update(checks="clinical validation"),
2026-10-08T13:27:57.9366930Z             "mock": lambda e: e["response"].update(mock=False),
2026-10-08T13:27:57.9367314Z             "missing_marker": lambda e: e["provenance"].pop("checks"),
2026-10-08T13:27:57.9367803Z             "profile_constraints": lambda e: e["profile"].update(constraints=["wheelchair"]),
2026-10-08T13:27:57.9368273Z             "bad_profile": lambda e: e["profile"].update(music=17),
2026-10-08T13:27:57.9368856Z             "late_invalid_trace": lambda e: e["response"]["trace"].append({"tool": "late"}),
2026-10-08T13:27:57.9369409Z             "bad_count": lambda e: e["response"]["comparison"]["grounded"].update(picks="<b>5</b>"),
2026-10-08T13:27:57.9369823Z         }
2026-10-08T13:27:57.9370040Z         for label, alter in alterations.items():
2026-10-08T13:27:57.9370344Z             with self.subTest(label=label):
2026-10-08T13:27:57.9370672Z                 envelope = copy.deepcopy(self.envelopes["mei"])
2026-10-08T13:27:57.9371002Z                 alter(envelope)
2026-10-08T13:27:57.9371265Z                 source = self.root / (label + ".json")
2026-10-08T13:27:57.9371627Z                 source.write_text(json.dumps(envelope), encoding="utf-8")
2026-10-08T13:27:57.9371988Z                 before = snapshot(self.root)
2026-10-08T13:27:57.9372364Z                 result = self.convert(source, self.root / (label + ".week.json"))
2026-10-08T13:27:57.9372742Z >               self.assert_refusal(result)
2026-10-08T13:27:57.9372937Z 
2026-10-08T13:27:57.9373041Z tests/test_native_plan_week.py:281: 
2026-10-08T13:27:57.9373350Z _ _ _ _ _ _ _ _ _ _ _ _ _ _ _ _ _ _ _ _ _ _ _ _ _ _ _ _ _ _ _ _ _ _ _ _ _ _ _ _ 
2026-10-08T13:27:57.9373711Z tests/test_native_plan_week.py:184: in assert_refusal
2026-10-08T13:27:57.9374172Z     self.assertEqual(result.returncode, code, result.stderr.decode("utf-8", "replace"))
2026-10-08T13:27:57.9374828Z E   AssertionError: 1 != 2 : node:internal/modules/esm/resolve:275
2026-10-08T13:27:57.9375182Z E       throw new ERR_MODULE_NOT_FOUND(
2026-10-08T13:27:57.9375433Z E             ^
2026-10-08T13:27:57.9375614Z E   
2026-10-08T13:27:57.9376264Z E   Error [ERR_MODULE_NOT_FOUND]: Cannot find module '/home/runner/work/tastetable/tastetable/tools/native_plan_to_week.mjs' imported from /tmp/tastetable-week-test-3ceebvtg/
2026-10-08T13:27:57.9377081Z E       at finalizeResolution (node:internal/modules/esm/resolve:275:11)
2026-10-08T13:27:57.9377514Z E       at moduleResolve (node:internal/modules/esm/resolve:865:10)
2026-10-08T13:27:57.9377931Z E       at defaultResolve (node:internal/modules/esm/resolve:989:11)
2026-10-08T13:27:57.9378363Z E       at #cachedDefaultResolve (node:internal/modules/esm/loader:747:20)
2026-10-08T13:27:57.9378826Z E       at ModuleLoader.resolve (node:internal/modules/esm/loader:724:38)
2026-10-08T13:27:57.9379337Z E       at ModuleLoader.getModuleJobForImport (node:internal/modules/esm/loader:320:38)
2026-10-08T13:27:57.9380016Z E       at onImport.tracePromise.__proto__ (node:internal/modules/esm/loader:680:36)
2026-10-08T13:27:57.9380519Z E       at TracingChannel.tracePromise (node:diagnostics_channel:350:14)
2026-10-08T13:27:57.9380970Z E       at ModuleLoader.import (node:internal/modules/esm/loader:679:21)
2026-10-08T13:27:57.9381353Z E       at node:internal/modules/run_main:179:35 {
2026-10-08T13:27:57.9381655Z E     code: 'ERR_MODULE_NOT_FOUND',
2026-10-08T13:27:57.9382050Z E     url: 'file:///home/runner/work/tastetable/tastetable/tools/native_plan_to_week.mjs'
2026-10-08T13:27:57.9382457Z E   }
2026-10-08T13:27:57.9382625Z E   
2026-10-08T13:27:57.9382802Z E   Node.js v22.23.3
2026-10-08T13:27:57.9383238Z _ NativePlanWeekTests.test_incompatible_complete_results_and_dates_publish_nothing (label='policy') _
2026-10-08T13:27:57.9383654Z 
2026-10-08T13:27:57.9384024Z self = <test_native_plan_week.NativePlanWeekTests testMethod=test_incompatible_complete_results_and_dates_publish_nothing>
2026-10-08T13:27:57.9384630Z 
2026-10-08T13:27:57.9384833Z     def test_incompatible_complete_results_and_dates_publish_nothing(self):
2026-10-08T13:27:57.9385218Z         alterations = {
2026-10-08T13:27:57.9385496Z             "mode": lambda e: e["provenance"].update(mode="live"),
2026-10-08T13:27:57.9385917Z             "policy": lambda e: e["provenance"].update(policy="AnotherModel"),
2026-10-08T13:27:57.9386406Z             "transport": lambda e: e["provenance"].update(transport="NetworkTransport"),
2026-10-08T13:27:57.9386902Z             "data": lambda e: e["provenance"].update(data="verified live venues"),
2026-10-08T13:27:57.9387527Z             "checks": lambda e: e["provenance"].update(checks="clinical validation"),
2026-10-08T13:27:57.9387958Z             "mock": lambda e: e["response"].update(mock=False),
2026-10-08T13:27:57.9388346Z             "missing_marker": lambda e: e["provenance"].pop("checks"),
2026-10-08T13:27:57.9388834Z             "profile_constraints": lambda e: e["profile"].update(constraints=["wheelchair"]),
2026-10-08T13:27:57.9389317Z             "bad_profile": lambda e: e["profile"].update(music=17),
2026-10-08T13:27:57.9389771Z             "late_invalid_trace": lambda e: e["response"]["trace"].append({"tool": "late"}),
2026-10-08T13:27:57.9390331Z             "bad_count": lambda e: e["response"]["comparison"]["grounded"].update(picks="<b>5</b>"),
2026-10-08T13:27:57.9390746Z         }
2026-10-08T13:27:57.9390965Z         for label, alter in alterations.items():
2026-10-08T13:27:57.9391272Z             with self.subTest(label=label):
2026-10-08T13:27:57.9391600Z                 envelope = copy.deepcopy(self.envelopes["mei"])
2026-10-08T13:27:57.9391974Z                 alter(envelope)
2026-10-08T13:27:57.9392237Z                 source = self.root / (label + ".json")
2026-10-08T13:27:57.9392597Z                 source.write_text(json.dumps(envelope), encoding="utf-8")
2026-10-08T13:27:57.9392958Z                 before = snapshot(self.root)
2026-10-08T13:27:57.9393329Z                 result = self.convert(source, self.root / (label + ".week.json"))
2026-10-08T13:27:57.9393704Z >               self.assert_refusal(result)
2026-10-08T13:27:57.9393891Z 
2026-10-08T13:27:57.9393989Z tests/test_native_plan_week.py:281: 
2026-10-08T13:27:57.9394498Z _ _ _ _ _ _ _ _ _ _ _ _ _ _ _ _ _ _ _ _ _ _ _ _ _ _ _ _ _ _ _ _ _ _ _ _ _ _ _ _ 
2026-10-08T13:27:57.9394899Z tests/test_native_plan_week.py:184: in assert_refusal
2026-10-08T13:27:57.9395367Z     self.assertEqual(result.returncode, code, result.stderr.decode("utf-8", "replace"))
2026-10-08T13:27:57.9395879Z E   AssertionError: 1 != 2 : node:internal/modules/esm/resolve:275
2026-10-08T13:27:57.9396233Z E       throw new ERR_MODULE_NOT_FOUND(
2026-10-08T13:27:57.9396485Z E             ^
2026-10-08T13:27:57.9396666Z E   
2026-10-08T13:27:57.9397315Z E   Error [ERR_MODULE_NOT_FOUND]: Cannot find module '/home/runner/work/tastetable/tastetable/tools/native_plan_to_week.mjs' imported from /tmp/tastetable-week-test-3ceebvtg/
2026-10-08T13:27:57.9398310Z E       at finalizeResolution (node:internal/modules/esm/resolve:275:11)
2026-10-08T13:27:57.9398759Z E       at moduleResolve (node:internal/modules/esm/resolve:865:10)
2026-10-08T13:27:57.9399168Z E       at defaultResolve (node:internal/modules/esm/resolve:989:11)
2026-10-08T13:27:57.9399609Z E       at #cachedDefaultResolve (node:internal/modules/esm/loader:747:20)
2026-10-08T13:27:57.9400063Z E       at ModuleLoader.resolve (node:internal/modules/esm/loader:724:38)
2026-10-08T13:27:57.9400572Z E       at ModuleLoader.getModuleJobForImport (node:internal/modules/esm/loader:320:38)
2026-10-08T13:27:57.9401138Z E       at onImport.tracePromise.__proto__ (node:internal/modules/esm/loader:680:36)
2026-10-08T13:27:57.9401641Z E       at TracingChannel.tracePromise (node:diagnostics_channel:350:14)
2026-10-08T13:27:57.9402100Z E       at ModuleLoader.import (node:internal/modules/esm/loader:679:21)
2026-10-08T13:27:57.9402483Z E       at node:internal/modules/run_main:179:35 {
2026-10-08T13:27:57.9402779Z E     code: 'ERR_MODULE_NOT_FOUND',
2026-10-08T13:27:57.9403185Z E     url: 'file:///home/runner/work/tastetable/tastetable/tools/native_plan_to_week.mjs'
2026-10-08T13:27:57.9403591Z E   }
2026-10-08T13:27:57.9403765Z E   
2026-10-08T13:27:57.9403944Z E   Node.js v22.23.3
2026-10-08T13:27:57.9404619Z _ NativePlanWeekTests.test_incompatible_complete_results_and_dates_publish_nothing (label='transport') _
2026-10-08T13:27:57.9405056Z 
2026-10-08T13:27:57.9405431Z self = <test_native_plan_week.NativePlanWeekTests testMethod=test_incompatible_complete_results_and_dates_publish_nothing>
2026-10-08T13:27:57.9406043Z 
2026-10-08T13:27:57.9406243Z     def test_incompatible_complete_results_and_dates_publish_nothing(self):
2026-10-08T13:27:57.9406619Z         alterations = {
2026-10-08T13:27:57.9406896Z             "mode": lambda e: e["provenance"].update(mode="live"),
2026-10-08T13:27:57.9407307Z             "policy": lambda e: e["provenance"].update(policy="AnotherModel"),
2026-10-08T13:27:57.9407795Z             "transport": lambda e: e["provenance"].update(transport="NetworkTransport"),
2026-10-08T13:27:57.9408280Z             "data": lambda e: e["provenance"].update(data="verified live venues"),
2026-10-08T13:27:57.9408747Z             "checks": lambda e: e["provenance"].update(checks="clinical validation"),
2026-10-08T13:27:57.9409182Z             "mock": lambda e: e["response"].update(mock=False),
2026-10-08T13:27:57.9409562Z             "missing_marker": lambda e: e["provenance"].pop("checks"),
2026-10-08T13:27:57.9410041Z             "profile_constraints": lambda e: e["profile"].update(constraints=["wheelchair"]),
2026-10-08T13:27:57.9410519Z             "bad_profile": lambda e: e["profile"].update(music=17),
2026-10-08T13:27:57.9410967Z             "late_invalid_trace": lambda e: e["response"]["trace"].append({"tool": "late"}),
2026-10-08T13:27:57.9411514Z             "bad_count": lambda e: e["response"]["comparison"]["grounded"].update(picks="<b>5</b>"),
2026-10-08T13:27:57.9411921Z         }
2026-10-08T13:27:57.9412140Z         for label, alter in alterations.items():
2026-10-08T13:27:57.9412440Z             with self.subTest(label=label):
2026-10-08T13:27:57.9412770Z                 envelope = copy.deepcopy(self.envelopes["mei"])
2026-10-08T13:27:57.9413086Z                 alter(envelope)
2026-10-08T13:27:57.9413340Z                 source = self.root / (label + ".json")
2026-10-08T13:27:57.9413700Z                 source.write_text(json.dumps(envelope), encoding="utf-8")
2026-10-08T13:27:57.9414061Z                 before = snapshot(self.root)
2026-10-08T13:27:57.9414557Z                 result = self.convert(source, self.root / (label + ".week.json"))
2026-10-08T13:27:57.9414929Z >               self.assert_refusal(result)
2026-10-08T13:27:57.9415113Z 
2026-10-08T13:27:57.9415210Z tests/test_native_plan_week.py:281: 
2026-10-08T13:27:57.9415525Z _ _ _ _ _ _ _ _ _ _ _ _ _ _ _ _ _ _ _ _ _ _ _ _ _ _ _ _ _ _ _ _ _ _ _ _ _ _ _ _ 
2026-10-08T13:27:57.9415891Z tests/test_native_plan_week.py:184: in assert_refusal
2026-10-08T13:27:57.9416471Z     self.assertEqual(result.returncode, code, result.stderr.decode("utf-8", "replace"))
2026-10-08T13:27:57.9416989Z E   AssertionError: 1 != 2 : node:internal/modules/esm/resolve:275
2026-10-08T13:27:57.9417336Z E       throw new ERR_MODULE_NOT_FOUND(
2026-10-08T13:27:57.9417588Z E             ^
2026-10-08T13:27:57.9417766Z E   
2026-10-08T13:27:57.9418416Z E   Error [ERR_MODULE_NOT_FOUND]: Cannot find module '/home/runner/work/tastetable/tastetable/tools/native_plan_to_week.mjs' imported from /tmp/tastetable-week-test-3ceebvtg/
2026-10-08T13:27:57.9419255Z E       at finalizeResolution (node:internal/modules/esm/resolve:275:11)
2026-10-08T13:27:57.9419697Z E       at moduleResolve (node:internal/modules/esm/resolve:865:10)
2026-10-08T13:27:57.9420104Z E       at defaultResolve (node:internal/modules/esm/resolve:989:11)
2026-10-08T13:27:57.9420533Z E       at #cachedDefaultResolve (node:internal/modules/esm/loader:747:20)
2026-10-08T13:27:57.9420992Z E       at ModuleLoader.resolve (node:internal/modules/esm/loader:724:38)
2026-10-08T13:27:57.9421499Z E       at ModuleLoader.getModuleJobForImport (node:internal/modules/esm/loader:320:38)
2026-10-08T13:27:57.9422052Z E       at onImport.tracePromise.__proto__ (node:internal/modules/esm/loader:680:36)
2026-10-08T13:27:57.9422544Z E       at TracingChannel.tracePromise (node:diagnostics_channel:350:14)
2026-10-08T13:27:57.9423004Z E       at ModuleLoader.import (node:internal/modules/esm/loader:679:21)
2026-10-08T13:27:57.9423388Z E       at node:internal/modules/run_main:179:35 {
2026-10-08T13:27:57.9423807Z E     code: 'ERR_MODULE_NOT_FOUND',
2026-10-08T13:27:57.9424201Z E     url: 'file:///home/runner/work/tastetable/tastetable/tools/native_plan_to_week.mjs'
2026-10-08T13:27:57.9424732Z E   }
2026-10-08T13:27:57.9424900Z E   
2026-10-08T13:27:57.9425073Z E   Node.js v22.23.3
2026-10-08T13:27:57.9425487Z _ NativePlanWeekTests.test_incompatible_complete_results_and_dates_publish_nothing (label='data') _
2026-10-08T13:27:57.9425891Z 
2026-10-08T13:27:57.9426260Z self = <test_native_plan_week.NativePlanWeekTests testMethod=test_incompatible_complete_results_and_dates_publish_nothing>
2026-10-08T13:27:57.9426738Z 
2026-10-08T13:27:57.9426941Z     def test_incompatible_complete_results_and_dates_publish_nothing(self):
2026-10-08T13:27:57.9427320Z         alterations = {
2026-10-08T13:27:57.9427595Z             "mode": lambda e: e["provenance"].update(mode="live"),
2026-10-08T13:27:57.9428009Z             "policy": lambda e: e["provenance"].update(policy="AnotherModel"),
2026-10-08T13:27:57.9428495Z             "transport": lambda e: e["provenance"].update(transport="NetworkTransport"),
2026-10-08T13:27:57.9428988Z             "data": lambda e: e["provenance"].update(data="verified live venues"),
2026-10-08T13:27:57.9429464Z             "checks": lambda e: e["provenance"].update(checks="clinical validation"),
2026-10-08T13:27:57.9429892Z             "mock": lambda e: e["response"].update(mock=False),
2026-10-08T13:27:57.9430277Z             "missing_marker": lambda e: e["provenance"].pop("checks"),
2026-10-08T13:27:57.9430757Z             "profile_constraints": lambda e: e["profile"].update(constraints=["wheelchair"]),
2026-10-08T13:27:57.9431222Z             "bad_profile": lambda e: e["profile"].update(music=17),
2026-10-08T13:27:57.9431670Z             "late_invalid_trace": lambda e: e["response"]["trace"].append({"tool": "late"}),
2026-10-08T13:27:57.9432211Z             "bad_count": lambda e: e["response"]["comparison"]["grounded"].update(picks="<b>5</b>"),
2026-10-08T13:27:57.9432618Z         }
2026-10-08T13:27:57.9432834Z         for label, alter in alterations.items():
2026-10-08T13:27:57.9433135Z             with self.subTest(label=label):
2026-10-08T13:27:57.9433462Z                 envelope = copy.deepcopy(self.envelopes["mei"])
2026-10-08T13:27:57.9433776Z                 alter(envelope)
2026-10-08T13:27:57.9434029Z                 source = self.root / (label + ".json")
2026-10-08T13:27:57.9434658Z                 source.write_text(json.dumps(envelope), encoding="utf-8")
2026-10-08T13:27:57.9435161Z                 before = snapshot(self.root)
2026-10-08T13:27:57.9435535Z                 result = self.convert(source, self.root / (label + ".week.json"))
2026-10-08T13:27:57.9435910Z >               self.assert_refusal(result)
2026-10-08T13:27:57.9436097Z 
2026-10-08T13:27:57.9436195Z tests/test_native_plan_week.py:281: 
2026-10-08T13:27:57.9436513Z _ _ _ _ _ _ _ _ _ _ _ _ _ _ _ _ _ _ _ _ _ _ _ _ _ _ _ _ _ _ _ _ _ _ _ _ _ _ _ _ 
2026-10-08T13:27:57.9436875Z tests/test_native_plan_week.py:184: in assert_refusal
2026-10-08T13:27:57.9437339Z     self.assertEqual(result.returncode, code, result.stderr.decode("utf-8", "replace"))
2026-10-08T13:27:57.9437848Z E   AssertionError: 1 != 2 : node:internal/modules/esm/resolve:275
2026-10-08T13:27:57.9438201Z E       throw new ERR_MODULE_NOT_FOUND(
2026-10-08T13:27:57.9438452Z E             ^
2026-10-08T13:27:57.9438632Z E   
2026-10-08T13:27:57.9439283Z E   Error [ERR_MODULE_NOT_FOUND]: Cannot find module '/home/runner/work/tastetable/tastetable/tools/native_plan_to_week.mjs' imported from /tmp/tastetable-week-test-3ceebvtg/
2026-10-08T13:27:57.9440105Z E       at finalizeResolution (node:internal/modules/esm/resolve:275:11)
2026-10-08T13:27:57.9440552Z E       at moduleResolve (node:internal/modules/esm/resolve:865:10)
2026-10-08T13:27:57.9440962Z E       at defaultResolve (node:internal/modules/esm/resolve:989:11)
2026-10-08T13:27:57.9441399Z E       at #cachedDefaultResolve (node:internal/modules/esm/loader:747:20)
2026-10-08T13:27:57.9441858Z E       at ModuleLoader.resolve (node:internal/modules/esm/loader:724:38)
2026-10-08T13:27:57.9442488Z E       at ModuleLoader.getModuleJobForImport (node:internal/modules/esm/loader:320:38)
2026-10-08T13:27:57.9443037Z E       at onImport.tracePromise.__proto__ (node:internal/modules/esm/loader:680:36)
2026-10-08T13:27:57.9443529Z E       at TracingChannel.tracePromise (node:diagnostics_channel:350:14)
2026-10-08T13:27:57.9443981Z E       at ModuleLoader.import (node:internal/modules/esm/loader:679:21)
2026-10-08T13:27:57.9444582Z E       at node:internal/modules/run_main:179:35 {
2026-10-08T13:27:57.9444887Z E     code: 'ERR_MODULE_NOT_FOUND',
2026-10-08T13:27:57.9445281Z E     url: 'file:///home/runner/work/tastetable/tastetable/tools/native_plan_to_week.mjs'
2026-10-08T13:27:57.9445681Z E   }
2026-10-08T13:27:57.9445847Z E   
2026-10-08T13:27:57.9446018Z E   Node.js v22.23.3
2026-10-08T13:27:57.9446446Z _ NativePlanWeekTests.test_incompatible_complete_results_and_dates_publish_nothing (label='checks') _
2026-10-08T13:27:57.9446866Z 
2026-10-08T13:27:57.9447235Z self = <test_native_plan_week.NativePlanWeekTests testMethod=test_incompatible_complete_results_and_dates_publish_nothing>
2026-10-08T13:27:57.9447714Z 
2026-10-08T13:27:57.9447930Z     def test_incompatible_complete_results_and_dates_publish_nothing(self):
2026-10-08T13:27:57.9448318Z         alterations = {
2026-10-08T13:27:57.9448595Z             "mode": lambda e: e["provenance"].update(mode="live"),
2026-10-08T13:27:57.9449009Z             "policy": lambda e: e["provenance"].update(policy="AnotherModel"),
2026-10-08T13:27:57.9449502Z             "transport": lambda e: e["provenance"].update(transport="NetworkTransport"),
2026-10-08T13:27:57.9449988Z             "data": lambda e: e["provenance"].update(data="verified live venues"),
2026-10-08T13:27:57.9450455Z             "checks": lambda e: e["provenance"].update(checks="clinical validation"),
2026-10-08T13:27:57.9450877Z             "mock": lambda e: e["response"].update(mock=False),
2026-10-08T13:27:57.9451259Z             "missing_marker": lambda e: e["provenance"].pop("checks"),
2026-10-08T13:27:57.9451741Z             "profile_constraints": lambda e: e["profile"].update(constraints=["wheelchair"]),
2026-10-08T13:27:57.9452205Z             "bad_profile": lambda e: e["profile"].update(music=17),
2026-10-08T13:27:57.9452651Z             "late_invalid_trace": lambda e: e["response"]["trace"].append({"tool": "late"}),
2026-10-08T13:27:57.9453328Z             "bad_count": lambda e: e["response"]["comparison"]["grounded"].update(picks="<b>5</b>"),
2026-10-08T13:27:57.9453746Z         }
2026-10-08T13:27:57.9453958Z         for label, alter in alterations.items():
2026-10-08T13:27:57.9454259Z             with self.subTest(label=label):
2026-10-08T13:27:57.9454717Z                 envelope = copy.deepcopy(self.envelopes["mei"])
2026-10-08T13:27:57.9455035Z                 alter(envelope)
2026-10-08T13:27:57.9455292Z                 source = self.root / (label + ".json")
2026-10-08T13:27:57.9455650Z                 source.write_text(json.dumps(envelope), encoding="utf-8")
2026-10-08T13:27:57.9456008Z                 before = snapshot(self.root)
2026-10-08T13:27:57.9456368Z                 result = self.convert(source, self.root / (label + ".week.json"))
2026-10-08T13:27:57.9456742Z >               self.assert_refusal(result)
2026-10-08T13:27:57.9456928Z 
2026-10-08T13:27:57.9457026Z tests/test_native_plan_week.py:281: 
2026-10-08T13:27:57.9457342Z _ _ _ _ _ _ _ _ _ _ _ _ _ _ _ _ _ _ _ _ _ _ _ _ _ _ _ _ _ _ _ _ _ _ _ _ _ _ _ _ 
2026-10-08T13:27:57.9457704Z tests/test_native_plan_week.py:184: in assert_refusal
2026-10-08T13:27:57.9458164Z     self.assertEqual(result.returncode, code, result.stderr.decode("utf-8", "replace"))
2026-10-08T13:27:57.9458672Z E   AssertionError: 1 != 2 : node:internal/modules/esm/resolve:275
2026-10-08T13:27:57.9459025Z E       throw new ERR_MODULE_NOT_FOUND(
2026-10-08T13:27:57.9459274Z E             ^
2026-10-08T13:27:57.9459454Z E   
2026-10-08T13:27:57.9460097Z E   Error [ERR_MODULE_NOT_FOUND]: Cannot find module '/home/runner/work/tastetable/tastetable/tools/native_plan_to_week.mjs' imported from /tmp/tastetable-week-test-3ceebvtg/
2026-10-08T13:27:57.9461103Z E       at finalizeResolution (node:internal/modules/esm/resolve:275:11)
2026-10-08T13:27:57.9461762Z E       at moduleResolve (node:internal/modules/esm/resolve:865:10)
2026-10-08T13:27:57.9462284Z E       at defaultResolve (node:internal/modules/esm/resolve:989:11)
2026-10-08T13:27:57.9462826Z E       at #cachedDefaultResolve (node:internal/modules/esm/loader:747:20)
2026-10-08T13:27:57.9463602Z E       at ModuleLoader.resolve (node:internal/modules/esm/loader:724:38)
2026-10-08T13:27:57.9464214Z E       at ModuleLoader.getModuleJobForImport (node:internal/modules/esm/loader:320:38)
2026-10-08T13:27:57.9465158Z E       at onImport.tracePromise.__proto__ (node:internal/modules/esm/loader:680:36)
2026-10-08T13:27:57.9465777Z E       at TracingChannel.tracePromise (node:diagnostics_channel:350:14)
2026-10-08T13:27:57.9466329Z E       at ModuleLoader.import (node:internal/modules/esm/loader:679:21)
2026-10-08T13:27:57.9466867Z E       at node:internal/modules/run_main:179:35 {
2026-10-08T13:27:57.9467261Z E     code: 'ERR_MODULE_NOT_FOUND',
2026-10-08T13:27:57.9467772Z E     url: 'file:///home/runner/work/tastetable/tastetable/tools/native_plan_to_week.mjs'
2026-10-08T13:27:57.9468378Z E   }
2026-10-08T13:27:57.9468641Z E   
2026-10-08T13:27:57.9468954Z E   Node.js v22.23.3
2026-10-08T13:27:57.9469487Z _ NativePlanWeekTests.test_incompatible_complete_results_and_dates_publish_nothing (label='mock') _
2026-10-08T13:27:57.9470132Z 
2026-10-08T13:27:57.9470873Z self = <test_native_plan_week.NativePlanWeekTests testMethod=test_incompatible_complete_results_and_dates_publish_nothing>
2026-10-08T13:27:57.9471772Z 
2026-10-08T13:27:57.9472009Z     def test_incompatible_complete_results_and_dates_publish_nothing(self):
2026-10-08T13:27:57.9472474Z         alterations = {
2026-10-08T13:27:57.9472978Z             "mode": lambda e: e["provenance"].update(mode="live"),
2026-10-08T13:27:57.9473505Z             "policy": lambda e: e["provenance"].update(policy="AnotherModel"),
2026-10-08T13:27:57.9474174Z             "transport": lambda e: e["provenance"].update(transport="NetworkTransport"),
2026-10-08T13:27:57.9475109Z             "data": lambda e: e["provenance"].update(data="verified live venues"),
2026-10-08T13:27:57.9487405Z             "checks": lambda e: e["provenance"].update(checks="clinical validation"),
2026-10-08T13:27:57.9488094Z             "mock": lambda e: e["response"].update(mock=False),
2026-10-08T13:27:57.9488510Z             "missing_marker": lambda e: e["provenance"].pop("checks"),
2026-10-08T13:27:57.9489014Z             "profile_constraints": lambda e: e["profile"].update(constraints=["wheelchair"]),
2026-10-08T13:27:57.9489513Z             "bad_profile": lambda e: e["profile"].update(music=17),
2026-10-08T13:27:57.9489979Z             "late_invalid_trace": lambda e: e["response"]["trace"].append({"tool": "late"}),
2026-10-08T13:27:57.9490544Z             "bad_count": lambda e: e["response"]["comparison"]["grounded"].update(picks="<b>5</b>"),
2026-10-08T13:27:57.9490968Z         }
2026-10-08T13:27:57.9491195Z         for label, alter in alterations.items():
2026-10-08T13:27:57.9491520Z             with self.subTest(label=label):
2026-10-08T13:27:57.9491860Z                 envelope = copy.deepcopy(self.envelopes["mei"])
2026-10-08T13:27:57.9492200Z                 alter(envelope)
2026-10-08T13:27:57.9492473Z                 source = self.root / (label + ".json")
2026-10-08T13:27:57.9492902Z                 source.write_text(json.dumps(envelope), encoding="utf-8")
2026-10-08T13:27:57.9493272Z                 before = snapshot(self.root)
2026-10-08T13:27:57.9493651Z                 result = self.convert(source, self.root / (label + ".week.json"))
2026-10-08T13:27:57.9494037Z >               self.assert_refusal(result)
2026-10-08T13:27:57.9494231Z 
2026-10-08T13:27:57.9494617Z tests/test_native_plan_week.py:281: 
2026-10-08T13:27:57.9494947Z _ _ _ _ _ _ _ _ _ _ _ _ _ _ _ _ _ _ _ _ _ _ _ _ _ _ _ _ _ _ _ _ _ _ _ _ _ _ _ _ 
2026-10-08T13:27:57.9495461Z tests/test_native_plan_week.py:184: in assert_refusal
2026-10-08T13:27:57.9495938Z     self.assertEqual(result.returncode, code, result.stderr.decode("utf-8", "replace"))
2026-10-08T13:27:57.9496452Z E   AssertionError: 1 != 2 : node:internal/modules/esm/resolve:275
2026-10-08T13:27:57.9496812Z E       throw new ERR_MODULE_NOT_FOUND(
2026-10-08T13:27:57.9497069Z E             ^
2026-10-08T13:27:57.9497257Z E   
2026-10-08T13:27:57.9497946Z E   Error [ERR_MODULE_NOT_FOUND]: Cannot find module '/home/runner/work/tastetable/tastetable/tools/native_plan_to_week.mjs' imported from /tmp/tastetable-week-test-3ceebvtg/
2026-10-08T13:27:57.9498773Z E       at finalizeResolution (node:internal/modules/esm/resolve:275:11)
2026-10-08T13:27:57.9499215Z E       at moduleResolve (node:internal/modules/esm/resolve:865:10)
2026-10-08T13:27:57.9499626Z E       at defaultResolve (node:internal/modules/esm/resolve:989:11)
2026-10-08T13:27:57.9500070Z E       at #cachedDefaultResolve (node:internal/modules/esm/loader:747:20)
2026-10-08T13:27:57.9500528Z E       at ModuleLoader.resolve (node:internal/modules/esm/loader:724:38)
2026-10-08T13:27:57.9501042Z E       at ModuleLoader.getModuleJobForImport (node:internal/modules/esm/loader:320:38)
2026-10-08T13:27:57.9501603Z E       at onImport.tracePromise.__proto__ (node:internal/modules/esm/loader:680:36)
2026-10-08T13:27:57.9502103Z E       at TracingChannel.tracePromise (node:diagnostics_channel:350:14)
2026-10-08T13:27:57.9502557Z E       at ModuleLoader.import (node:internal/modules/esm/loader:679:21)
2026-10-08T13:27:57.9502940Z E       at node:internal/modules/run_main:179:35 {
2026-10-08T13:27:57.9503237Z E     code: 'ERR_MODULE_NOT_FOUND',
2026-10-08T13:27:57.9503637Z E     url: 'file:///home/runner/work/tastetable/tastetable/tools/native_plan_to_week.mjs'
2026-10-08T13:27:57.9504042Z E   }
2026-10-08T13:27:57.9504212Z E   
2026-10-08T13:27:57.9504621Z E   Node.js v22.23.3
2026-10-08T13:27:57.9505094Z _ NativePlanWeekTests.test_incompatible_complete_results_and_dates_publish_nothing (label='missing_marker') _
2026-10-08T13:27:57.9505539Z 
2026-10-08T13:27:57.9505914Z self = <test_native_plan_week.NativePlanWeekTests testMethod=test_incompatible_complete_results_and_dates_publish_nothing>
2026-10-08T13:27:57.9506400Z 
2026-10-08T13:27:57.9506609Z     def test_incompatible_complete_results_and_dates_publish_nothing(self):
2026-10-08T13:27:57.9507126Z         alterations = {
2026-10-08T13:27:57.9507428Z             "mode": lambda e: e["provenance"].update(mode="live"),
2026-10-08T13:27:57.9507855Z             "policy": lambda e: e["provenance"].update(policy="AnotherModel"),
2026-10-08T13:27:57.9508344Z             "transport": lambda e: e["provenance"].update(transport="NetworkTransport"),
2026-10-08T13:27:57.9508844Z             "data": lambda e: e["provenance"].update(data="verified live venues"),
2026-10-08T13:27:57.9509322Z             "checks": lambda e: e["provenance"].update(checks="clinical validation"),
2026-10-08T13:27:57.9509757Z             "mock": lambda e: e["response"].update(mock=False),
2026-10-08T13:27:57.9510142Z             "missing_marker": lambda e: e["provenance"].pop("checks"),
2026-10-08T13:27:57.9510623Z             "profile_constraints": lambda e: e["profile"].update(constraints=["wheelchair"]),
2026-10-08T13:27:57.9511104Z             "bad_profile": lambda e: e["profile"].update(music=17),
2026-10-08T13:27:57.9511557Z             "late_invalid_trace": lambda e: e["response"]["trace"].append({"tool": "late"}),
2026-10-08T13:27:57.9512114Z             "bad_count": lambda e: e["response"]["comparison"]["grounded"].update(picks="<b>5</b>"),
2026-10-08T13:27:57.9512529Z         }
2026-10-08T13:27:57.9512749Z         for label, alter in alterations.items():
2026-10-08T13:27:57.9513054Z             with self.subTest(label=label):
2026-10-08T13:27:57.9513382Z                 envelope = copy.deepcopy(self.envelopes["mei"])
2026-10-08T13:27:57.9513700Z                 alter(envelope)
2026-10-08T13:27:57.9514089Z                 source = self.root / (label + ".json")
2026-10-08T13:27:57.9514728Z                 source.write_text(json.dumps(envelope), encoding="utf-8")
2026-10-08T13:27:57.9515101Z                 before = snapshot(self.root)
2026-10-08T13:27:57.9515468Z                 result = self.convert(source, self.root / (label + ".week.json"))
2026-10-08T13:27:57.9515839Z >               self.assert_refusal(result)
2026-10-08T13:27:57.9516027Z 
2026-10-08T13:27:57.9516136Z tests/test_native_plan_week.py:281: 
2026-10-08T13:27:57.9516455Z _ _ _ _ _ _ _ _ _ _ _ _ _ _ _ _ _ _ _ _ _ _ _ _ _ _ _ _ _ _ _ _ _ _ _ _ _ _ _ _ 
2026-10-08T13:27:57.9516822Z tests/test_native_plan_week.py:184: in assert_refusal
2026-10-08T13:27:57.9517293Z     self.assertEqual(result.returncode, code, result.stderr.decode("utf-8", "replace"))
2026-10-08T13:27:57.9517825Z E   AssertionError: 1 != 2 : node:internal/modules/esm/resolve:275
2026-10-08T13:27:57.9518188Z E       throw new ERR_MODULE_NOT_FOUND(
2026-10-08T13:27:57.9518450Z E             ^
2026-10-08T13:27:57.9518637Z E   
2026-10-08T13:27:57.9519299Z E   Error [ERR_MODULE_NOT_FOUND]: Cannot find module '/home/runner/work/tastetable/tastetable/tools/native_plan_to_week.mjs' imported from /tmp/tastetable-week-test-3ceebvtg/
2026-10-08T13:27:57.9520128Z E       at finalizeResolution (node:internal/modules/esm/resolve:275:11)
2026-10-08T13:27:57.9520570Z E       at moduleResolve (node:internal/modules/esm/resolve:865:10)
2026-10-08T13:27:57.9520741Z E       at defaultResolve (node:internal/modules/esm/resolve:989:11)
2026-10-08T13:27:57.9520934Z E       at #cachedDefaultResolve (node:internal/modules/esm/loader:747:20)
2026-10-08T13:27:57.9521113Z E       at ModuleLoader.resolve (node:internal/modules/esm/loader:724:38)
2026-10-08T13:27:57.9521360Z E       at ModuleLoader.getModuleJobForImport (node:internal/modules/esm/loader:320:38)
2026-10-08T13:27:57.9521575Z E       at onImport.tracePromise.__proto__ (node:internal/modules/esm/loader:680:36)
2026-10-08T13:27:57.9521769Z E       at TracingChannel.tracePromise (node:diagnostics_channel:350:14)
2026-10-08T13:27:57.9521942Z E       at ModuleLoader.import (node:internal/modules/esm/loader:679:21)
2026-10-08T13:27:57.9522062Z E       at node:internal/modules/run_main:179:35 {
2026-10-08T13:27:57.9522164Z E     code: 'ERR_MODULE_NOT_FOUND',
2026-10-08T13:27:57.9522401Z E     url: 'file:///home/runner/work/tastetable/tastetable/tools/native_plan_to_week.mjs'
2026-10-08T13:27:57.9522616Z E   }
2026-10-08T13:27:57.9522692Z E   
2026-10-08T13:27:57.9522786Z E   Node.js v22.23.3
2026-10-08T13:27:57.9523142Z _ NativePlanWeekTests.test_incompatible_complete_results_and_dates_publish_nothing (label='profile_constraints') _
2026-10-08T13:27:57.9523156Z 
2026-10-08T13:27:57.9523544Z self = <test_native_plan_week.NativePlanWeekTests testMethod=test_incompatible_complete_results_and_dates_publish_nothing>
2026-10-08T13:27:57.9523549Z 
2026-10-08T13:27:57.9523763Z     def test_incompatible_complete_results_and_dates_publish_nothing(self):
2026-10-08T13:27:57.9523855Z         alterations = {
2026-10-08T13:27:57.9524013Z             "mode": lambda e: e["provenance"].update(mode="live"),
2026-10-08T13:27:57.9524200Z             "policy": lambda e: e["provenance"].update(policy="AnotherModel"),
2026-10-08T13:27:57.9524672Z             "transport": lambda e: e["provenance"].update(transport="NetworkTransport"),
2026-10-08T13:27:57.9524874Z             "data": lambda e: e["provenance"].update(data="verified live venues"),
2026-10-08T13:27:57.9525064Z             "checks": lambda e: e["provenance"].update(checks="clinical validation"),
2026-10-08T13:27:57.9525208Z             "mock": lambda e: e["response"].update(mock=False),
2026-10-08T13:27:57.9525366Z             "missing_marker": lambda e: e["provenance"].pop("checks"),
2026-10-08T13:27:57.9525608Z             "profile_constraints": lambda e: e["profile"].update(constraints=["wheelchair"]),
2026-10-08T13:27:57.9525758Z             "bad_profile": lambda e: e["profile"].update(music=17),
2026-10-08T13:27:57.9526111Z             "late_invalid_trace": lambda e: e["response"]["trace"].append({"tool": "late"}),
2026-10-08T13:27:57.9526359Z             "bad_count": lambda e: e["response"]["comparison"]["grounded"].update(picks="<b>5</b>"),
2026-10-08T13:27:57.9526431Z         }
2026-10-08T13:27:57.9526553Z         for label, alter in alterations.items():
2026-10-08T13:27:57.9526652Z             with self.subTest(label=label):
2026-10-08T13:27:57.9526799Z                 envelope = copy.deepcopy(self.envelopes["mei"])
2026-10-08T13:27:57.9526896Z                 alter(envelope)
2026-10-08T13:27:57.9527005Z                 source = self.root / (label + ".json")
2026-10-08T13:27:57.9527172Z                 source.write_text(json.dumps(envelope), encoding="utf-8")
2026-10-08T13:27:57.9527271Z                 before = snapshot(self.root)
2026-10-08T13:27:57.9527458Z                 result = self.convert(source, self.root / (label + ".week.json"))
2026-10-08T13:27:57.9527556Z >               self.assert_refusal(result)
2026-10-08T13:27:57.9527570Z 
2026-10-08T13:27:57.9527668Z tests/test_native_plan_week.py:281: 
2026-10-08T13:27:57.9527810Z _ _ _ _ _ _ _ _ _ _ _ _ _ _ _ _ _ _ _ _ _ _ _ _ _ _ _ _ _ _ _ _ _ _ _ _ _ _ _ _ 
2026-10-08T13:27:57.9527944Z tests/test_native_plan_week.py:184: in assert_refusal
2026-10-08T13:27:57.9528189Z     self.assertEqual(result.returncode, code, result.stderr.decode("utf-8", "replace"))
2026-10-08T13:27:57.9528358Z E   AssertionError: 1 != 2 : node:internal/modules/esm/resolve:275
2026-10-08T13:27:57.9528469Z E       throw new ERR_MODULE_NOT_FOUND(
2026-10-08T13:27:57.9528549Z E             ^
2026-10-08T13:27:57.9528618Z E   
2026-10-08T13:27:57.9529179Z E   Error [ERR_MODULE_NOT_FOUND]: Cannot find module '/home/runner/work/tastetable/tastetable/tools/native_plan_to_week.mjs' imported from /tmp/tastetable-week-test-3ceebvtg/
2026-10-08T13:27:57.9529358Z E       at finalizeResolution (node:internal/modules/esm/resolve:275:11)
2026-10-08T13:27:57.9529518Z E       at moduleResolve (node:internal/modules/esm/resolve:865:10)
2026-10-08T13:27:57.9529685Z E       at defaultResolve (node:internal/modules/esm/resolve:989:11)
2026-10-08T13:27:57.9529873Z E       at #cachedDefaultResolve (node:internal/modules/esm/loader:747:20)
2026-10-08T13:27:57.9530053Z E       at ModuleLoader.resolve (node:internal/modules/esm/loader:724:38)
2026-10-08T13:27:57.9530287Z E       at ModuleLoader.getModuleJobForImport (node:internal/modules/esm/loader:320:38)
2026-10-08T13:27:57.9530617Z E       at onImport.tracePromise.__proto__ (node:internal/modules/esm/loader:680:36)
2026-10-08T13:27:57.9530799Z E       at TracingChannel.tracePromise (node:diagnostics_channel:350:14)
2026-10-08T13:27:57.9530976Z E       at ModuleLoader.import (node:internal/modules/esm/loader:679:21)
2026-10-08T13:27:57.9531095Z E       at node:internal/modules/run_main:179:35 {
2026-10-08T13:27:57.9531187Z E     code: 'ERR_MODULE_NOT_FOUND',
2026-10-08T13:27:57.9531427Z E     url: 'file:///home/runner/work/tastetable/tastetable/tools/native_plan_to_week.mjs'
2026-10-08T13:27:57.9531500Z E   }
2026-10-08T13:27:57.9531578Z E   
2026-10-08T13:27:57.9531658Z E   Node.js v22.23.3
2026-10-08T13:27:57.9531997Z _ NativePlanWeekTests.test_incompatible_complete_results_and_dates_publish_nothing (label='bad_profile') _
2026-10-08T13:27:57.9532002Z 
2026-10-08T13:27:57.9532381Z self = <test_native_plan_week.NativePlanWeekTests testMethod=test_incompatible_complete_results_and_dates_publish_nothing>
2026-10-08T13:27:57.9532388Z 
2026-10-08T13:27:57.9532581Z     def test_incompatible_complete_results_and_dates_publish_nothing(self):
2026-10-08T13:27:57.9532670Z         alterations = {
2026-10-08T13:27:57.9532809Z             "mode": lambda e: e["provenance"].update(mode="live"),
2026-10-08T13:27:57.9532996Z             "policy": lambda e: e["provenance"].update(policy="AnotherModel"),
2026-10-08T13:27:57.9533209Z             "transport": lambda e: e["provenance"].update(transport="NetworkTransport"),
2026-10-08T13:27:57.9533386Z             "data": lambda e: e["provenance"].update(data="verified live venues"),
2026-10-08T13:27:57.9533665Z             "checks": lambda e: e["provenance"].update(checks="clinical validation"),
2026-10-08T13:27:57.9533796Z             "mock": lambda e: e["response"].update(mock=False),
2026-10-08T13:27:57.9533957Z             "missing_marker": lambda e: e["provenance"].pop("checks"),
2026-10-08T13:27:57.9534196Z             "profile_constraints": lambda e: e["profile"].update(constraints=["wheelchair"]),
2026-10-08T13:27:57.9534558Z             "bad_profile": lambda e: e["profile"].update(music=17),
2026-10-08T13:27:57.9534789Z             "late_invalid_trace": lambda e: e["response"]["trace"].append({"tool": "late"}),
2026-10-08T13:27:57.9535026Z             "bad_count": lambda e: e["response"]["comparison"]["grounded"].update(picks="<b>5</b>"),
2026-10-08T13:27:57.9535105Z         }
2026-10-08T13:27:57.9535218Z         for label, alter in alterations.items():
2026-10-08T13:27:57.9535322Z             with self.subTest(label=label):
2026-10-08T13:27:57.9535467Z                 envelope = copy.deepcopy(self.envelopes["mei"])
2026-10-08T13:27:57.9535554Z                 alter(envelope)
2026-10-08T13:27:57.9535672Z                 source = self.root / (label + ".json")
2026-10-08T13:27:57.9535830Z                 source.write_text(json.dumps(envelope), encoding="utf-8")
2026-10-08T13:27:57.9535938Z                 before = snapshot(self.root)
2026-10-08T13:27:57.9536118Z                 result = self.convert(source, self.root / (label + ".week.json"))
2026-10-08T13:27:57.9536220Z >               self.assert_refusal(result)
2026-10-08T13:27:57.9536226Z 
2026-10-08T13:27:57.9536330Z tests/test_native_plan_week.py:281: 
2026-10-08T13:27:57.9536464Z _ _ _ _ _ _ _ _ _ _ _ _ _ _ _ _ _ _ _ _ _ _ _ _ _ _ _ _ _ _ _ _ _ _ _ _ _ _ _ _ 
2026-10-08T13:27:57.9536605Z tests/test_native_plan_week.py:184: in assert_refusal
2026-10-08T13:27:57.9536844Z     self.assertEqual(result.returncode, code, result.stderr.decode("utf-8", "replace"))
2026-10-08T13:27:57.9537022Z E   AssertionError: 1 != 2 : node:internal/modules/esm/resolve:275
2026-10-08T13:27:57.9537127Z E       throw new ERR_MODULE_NOT_FOUND(
2026-10-08T13:27:57.9537201Z E             ^
2026-10-08T13:27:57.9537278Z E   
2026-10-08T13:27:57.9537828Z E   Error [ERR_MODULE_NOT_FOUND]: Cannot find module '/home/runner/work/tastetable/tastetable/tools/native_plan_to_week.mjs' imported from /tmp/tastetable-week-test-3ceebvtg/
2026-10-08T13:27:57.9538139Z E       at finalizeResolution (node:internal/modules/esm/resolve:275:11)
2026-10-08T13:27:57.9538300Z E       at moduleResolve (node:internal/modules/esm/resolve:865:10)
2026-10-08T13:27:57.9538466Z E       at defaultResolve (node:internal/modules/esm/resolve:989:11)
2026-10-08T13:27:57.9538654Z E       at #cachedDefaultResolve (node:internal/modules/esm/loader:747:20)
2026-10-08T13:27:57.9538830Z E       at ModuleLoader.resolve (node:internal/modules/esm/loader:724:38)
2026-10-08T13:27:57.9539076Z E       at ModuleLoader.getModuleJobForImport (node:internal/modules/esm/loader:320:38)
2026-10-08T13:27:57.9539290Z E       at onImport.tracePromise.__proto__ (node:internal/modules/esm/loader:680:36)
2026-10-08T13:27:57.9539482Z E       at TracingChannel.tracePromise (node:diagnostics_channel:350:14)
2026-10-08T13:27:57.9539659Z E       at ModuleLoader.import (node:internal/modules/esm/loader:679:21)
2026-10-08T13:27:57.9539770Z E       at node:internal/modules/run_main:179:35 {
2026-10-08T13:27:57.9539875Z E     code: 'ERR_MODULE_NOT_FOUND',
2026-10-08T13:27:57.9540103Z E     url: 'file:///home/runner/work/tastetable/tastetable/tools/native_plan_to_week.mjs'
2026-10-08T13:27:57.9540180Z E   }
2026-10-08T13:27:57.9540248Z E   
2026-10-08T13:27:57.9540334Z E   Node.js v22.23.3
2026-10-08T13:27:57.9540684Z _ NativePlanWeekTests.test_incompatible_complete_results_and_dates_publish_nothing (label='late_invalid_trace') _
2026-10-08T13:27:57.9540689Z 
2026-10-08T13:27:57.9541057Z self = <test_native_plan_week.NativePlanWeekTests testMethod=test_incompatible_complete_results_and_dates_publish_nothing>
2026-10-08T13:27:57.9541176Z 
2026-10-08T13:27:57.9541383Z     def test_incompatible_complete_results_and_dates_publish_nothing(self):
2026-10-08T13:27:57.9541467Z         alterations = {
2026-10-08T13:27:57.9541612Z             "mode": lambda e: e["provenance"].update(mode="live"),
2026-10-08T13:27:57.9541796Z             "policy": lambda e: e["provenance"].update(policy="AnotherModel"),
2026-10-08T13:27:57.9542006Z             "transport": lambda e: e["provenance"].update(transport="NetworkTransport"),
2026-10-08T13:27:57.9542194Z             "data": lambda e: e["provenance"].update(data="verified live venues"),
2026-10-08T13:27:57.9542381Z             "checks": lambda e: e["provenance"].update(checks="clinical validation"),
2026-10-08T13:27:57.9542516Z             "mock": lambda e: e["response"].update(mock=False),
2026-10-08T13:27:57.9542671Z             "missing_marker": lambda e: e["provenance"].pop("checks"),
2026-10-08T13:27:57.9542900Z             "profile_constraints": lambda e: e["profile"].update(constraints=["wheelchair"]),
2026-10-08T13:27:57.9543049Z             "bad_profile": lambda e: e["profile"].update(music=17),
2026-10-08T13:27:57.9543267Z             "late_invalid_trace": lambda e: e["response"]["trace"].append({"tool": "late"}),
2026-10-08T13:27:57.9543510Z             "bad_count": lambda e: e["response"]["comparison"]["grounded"].update(picks="<b>5</b>"),
2026-10-08T13:27:57.9543580Z         }
2026-10-08T13:27:57.9543706Z         for label, alter in alterations.items():
2026-10-08T13:27:57.9543811Z             with self.subTest(label=label):
2026-10-08T13:27:57.9543946Z                 envelope = copy.deepcopy(self.envelopes["mei"])
2026-10-08T13:27:57.9544038Z                 alter(envelope)
2026-10-08T13:27:57.9544145Z                 source = self.root / (label + ".json")
2026-10-08T13:27:57.9544519Z                 source.write_text(json.dumps(envelope), encoding="utf-8")
2026-10-08T13:27:57.9544631Z                 before = snapshot(self.root)
2026-10-08T13:27:57.9544832Z                 result = self.convert(source, self.root / (label + ".week.json"))
2026-10-08T13:27:57.9544929Z >               self.assert_refusal(result)
2026-10-08T13:27:57.9544934Z 
2026-10-08T13:27:57.9545040Z tests/test_native_plan_week.py:281: 
2026-10-08T13:27:57.9545180Z _ _ _ _ _ _ _ _ _ _ _ _ _ _ _ _ _ _ _ _ _ _ _ _ _ _ _ _ _ _ _ _ _ _ _ _ _ _ _ _ 
2026-10-08T13:27:57.9545315Z tests/test_native_plan_week.py:184: in assert_refusal
2026-10-08T13:27:57.9545748Z     self.assertEqual(result.returncode, code, result.stderr.decode("utf-8", "replace"))
2026-10-08T13:27:57.9545918Z E   AssertionError: 1 != 2 : node:internal/modules/esm/resolve:275
2026-10-08T13:27:57.9546021Z E       throw new ERR_MODULE_NOT_FOUND(
2026-10-08T13:27:57.9546097Z E             ^
2026-10-08T13:27:57.9546174Z E   
2026-10-08T13:27:57.9546726Z E   Error [ERR_MODULE_NOT_FOUND]: Cannot find module '/home/runner/work/tastetable/tastetable/tools/native_plan_to_week.mjs' imported from /tmp/tastetable-week-test-3ceebvtg/
2026-10-08T13:27:57.9546909Z E       at finalizeResolution (node:internal/modules/esm/resolve:275:11)
2026-10-08T13:27:57.9547070Z E       at moduleResolve (node:internal/modules/esm/resolve:865:10)
2026-10-08T13:27:57.9547227Z E       at defaultResolve (node:internal/modules/esm/resolve:989:11)
2026-10-08T13:27:57.9547415Z E       at #cachedDefaultResolve (node:internal/modules/esm/loader:747:20)
2026-10-08T13:27:57.9547604Z E       at ModuleLoader.resolve (node:internal/modules/esm/loader:724:38)
2026-10-08T13:27:57.9547839Z E       at ModuleLoader.getModuleJobForImport (node:internal/modules/esm/loader:320:38)
2026-10-08T13:27:57.9548058Z E       at onImport.tracePromise.__proto__ (node:internal/modules/esm/loader:680:36)
2026-10-08T13:27:57.9548237Z E       at TracingChannel.tracePromise (node:diagnostics_channel:350:14)
2026-10-08T13:27:57.9548416Z E       at ModuleLoader.import (node:internal/modules/esm/loader:679:21)
2026-10-08T13:27:57.9548534Z E       at node:internal/modules/run_main:179:35 {
2026-10-08T13:27:57.9548743Z E     code: 'ERR_MODULE_NOT_FOUND',
2026-10-08T13:27:57.9548976Z E     url: 'file:///home/runner/work/tastetable/tastetable/tools/native_plan_to_week.mjs'
2026-10-08T13:27:57.9549047Z E   }
2026-10-08T13:27:57.9549121Z E   
2026-10-08T13:27:57.9549201Z E   Node.js v22.23.3
2026-10-08T13:27:57.9549532Z _ NativePlanWeekTests.test_incompatible_complete_results_and_dates_publish_nothing (label='bad_count') _
2026-10-08T13:27:57.9549537Z 
2026-10-08T13:27:57.9549920Z self = <test_native_plan_week.NativePlanWeekTests testMethod=test_incompatible_complete_results_and_dates_publish_nothing>
2026-10-08T13:27:57.9549925Z 
2026-10-08T13:27:57.9550122Z     def test_incompatible_complete_results_and_dates_publish_nothing(self):
2026-10-08T13:27:57.9550216Z         alterations = {
2026-10-08T13:27:57.9550360Z             "mode": lambda e: e["provenance"].update(mode="live"),
2026-10-08T13:27:57.9550542Z             "policy": lambda e: e["provenance"].update(policy="AnotherModel"),
2026-10-08T13:27:57.9550758Z             "transport": lambda e: e["provenance"].update(transport="NetworkTransport"),
2026-10-08T13:27:57.9550942Z             "data": lambda e: e["provenance"].update(data="verified live venues"),
2026-10-08T13:27:57.9551139Z             "checks": lambda e: e["provenance"].update(checks="clinical validation"),
2026-10-08T13:27:57.9551271Z             "mock": lambda e: e["response"].update(mock=False),
2026-10-08T13:27:57.9551435Z             "missing_marker": lambda e: e["provenance"].pop("checks"),
2026-10-08T13:27:57.9551664Z             "profile_constraints": lambda e: e["profile"].update(constraints=["wheelchair"]),
2026-10-08T13:27:57.9551811Z             "bad_profile": lambda e: e["profile"].update(music=17),
2026-10-08T13:27:57.9552032Z             "late_invalid_trace": lambda e: e["response"]["trace"].append({"tool": "late"}),
2026-10-08T13:27:57.9552275Z             "bad_count": lambda e: e["response"]["comparison"]["grounded"].update(picks="<b>5</b>"),
2026-10-08T13:27:57.9552359Z         }
2026-10-08T13:27:57.9552475Z         for label, alter in alterations.items():
2026-10-08T13:27:57.9552582Z             with self.subTest(label=label):
2026-10-08T13:27:57.9552722Z                 envelope = copy.deepcopy(self.envelopes["mei"])
2026-10-08T13:27:57.9552810Z                 alter(envelope)
2026-10-08T13:27:57.9552925Z                 source = self.root / (label + ".json")
2026-10-08T13:27:57.9553178Z                 source.write_text(json.dumps(envelope), encoding="utf-8")
2026-10-08T13:27:57.9553288Z                 before = snapshot(self.root)
2026-10-08T13:27:57.9553465Z                 result = self.convert(source, self.root / (label + ".week.json"))
2026-10-08T13:27:57.9553570Z >               self.assert_refusal(result)
2026-10-08T13:27:57.9553575Z 
2026-10-08T13:27:57.9553676Z tests/test_native_plan_week.py:281: 
2026-10-08T13:27:57.9553809Z _ _ _ _ _ _ _ _ _ _ _ _ _ _ _ _ _ _ _ _ _ _ _ _ _ _ _ _ _ _ _ _ _ _ _ _ _ _ _ _ 
2026-10-08T13:27:57.9553948Z tests/test_native_plan_week.py:184: in assert_refusal
2026-10-08T13:27:57.9554191Z     self.assertEqual(result.returncode, code, result.stderr.decode("utf-8", "replace"))
2026-10-08T13:27:57.9554636Z E   AssertionError: 1 != 2 : node:internal/modules/esm/resolve:275
2026-10-08T13:27:57.9554748Z E       throw new ERR_MODULE_NOT_FOUND(
2026-10-08T13:27:57.9554828Z E             ^
2026-10-08T13:27:57.9554904Z E   
2026-10-08T13:27:57.9555457Z E   Error [ERR_MODULE_NOT_FOUND]: Cannot find module '/home/runner/work/tastetable/tastetable/tools/native_plan_to_week.mjs' imported from /tmp/tastetable-week-test-3ceebvtg/
2026-10-08T13:27:57.9555640Z E       at finalizeResolution (node:internal/modules/esm/resolve:275:11)
2026-10-08T13:27:57.9555793Z E       at moduleResolve (node:internal/modules/esm/resolve:865:10)
2026-10-08T13:27:57.9555955Z E       at defaultResolve (node:internal/modules/esm/resolve:989:11)
2026-10-08T13:27:57.9556139Z E       at #cachedDefaultResolve (node:internal/modules/esm/loader:747:20)
2026-10-08T13:27:57.9556447Z E       at ModuleLoader.resolve (node:internal/modules/esm/loader:724:38)
2026-10-08T13:27:57.9556687Z E       at ModuleLoader.getModuleJobForImport (node:internal/modules/esm/loader:320:38)
2026-10-08T13:27:57.9556896Z E       at onImport.tracePromise.__proto__ (node:internal/modules/esm/loader:680:36)
2026-10-08T13:27:57.9557079Z E       at TracingChannel.tracePromise (node:diagnostics_channel:350:14)
2026-10-08T13:27:57.9557248Z E       at ModuleLoader.import (node:internal/modules/esm/loader:679:21)
2026-10-08T13:27:57.9557367Z E       at node:internal/modules/run_main:179:35 {
2026-10-08T13:27:57.9557463Z E     code: 'ERR_MODULE_NOT_FOUND',
2026-10-08T13:27:57.9557690Z E     url: 'file:///home/runner/work/tastetable/tastetable/tools/native_plan_to_week.mjs'
2026-10-08T13:27:57.9557765Z E   }
2026-10-08T13:27:57.9557833Z E   
2026-10-08T13:27:57.9557918Z E   Node.js v22.23.3
2026-10-08T13:27:57.9558230Z _ NativePlanWeekTests.test_incompatible_complete_results_and_dates_publish_nothing (date='2026-02-30') _
2026-10-08T13:27:57.9558245Z 
2026-10-08T13:27:57.9558616Z self = <test_native_plan_week.NativePlanWeekTests testMethod=test_incompatible_complete_results_and_dates_publish_nothing>
2026-10-08T13:27:57.9558621Z 
2026-10-08T13:27:57.9558819Z     def test_incompatible_complete_results_and_dates_publish_nothing(self):
2026-10-08T13:27:57.9558903Z         alterations = {
2026-10-08T13:27:57.9559048Z             "mode": lambda e: e["provenance"].update(mode="live"),
2026-10-08T13:27:57.9559227Z             "policy": lambda e: e["provenance"].update(policy="AnotherModel"),
2026-10-08T13:27:57.9559442Z             "transport": lambda e: e["provenance"].update(transport="NetworkTransport"),
2026-10-08T13:27:57.9559635Z             "data": lambda e: e["provenance"].update(data="verified live venues"),
2026-10-08T13:27:57.9559821Z             "checks": lambda e: e["provenance"].update(checks="clinical validation"),
2026-10-08T13:27:57.9559955Z             "mock": lambda e: e["response"].update(mock=False),
2026-10-08T13:27:57.9560110Z             "missing_marker": lambda e: e["provenance"].pop("checks"),
2026-10-08T13:27:57.9560342Z             "profile_constraints": lambda e: e["profile"].update(constraints=["wheelchair"]),
2026-10-08T13:27:57.9560484Z             "bad_profile": lambda e: e["profile"].update(music=17),
2026-10-08T13:27:57.9560693Z             "late_invalid_trace": lambda e: e["response"]["trace"].append({"tool": "late"}),
2026-10-08T13:27:57.9561048Z             "bad_count": lambda e: e["response"]["comparison"]["grounded"].update(picks="<b>5</b>"),
2026-10-08T13:27:57.9561123Z         }
2026-10-08T13:27:57.9561243Z         for label, alter in alterations.items():
2026-10-08T13:27:57.9561339Z             with self.subTest(label=label):
2026-10-08T13:27:57.9561480Z                 envelope = copy.deepcopy(self.envelopes["mei"])
2026-10-08T13:27:57.9561571Z                 alter(envelope)
2026-10-08T13:27:57.9561677Z                 source = self.root / (label + ".json")
2026-10-08T13:27:57.9561843Z                 source.write_text(json.dumps(envelope), encoding="utf-8")
2026-10-08T13:27:57.9561939Z                 before = snapshot(self.root)
2026-10-08T13:27:57.9562122Z                 result = self.convert(source, self.root / (label + ".week.json"))
2026-10-08T13:27:57.9562221Z                 self.assert_refusal(result)
2026-10-08T13:27:57.9562353Z                 self.assertEqual(snapshot(self.root), before)
2026-10-08T13:27:57.9562448Z         source = self.native_file()
2026-10-08T13:27:57.9562580Z         for date in ("2026-02-30", "not-a-date", "9999-12-31"):
2026-10-08T13:27:57.9562683Z             with self.subTest(date=date):
2026-10-08T13:27:57.9562779Z                 before = snapshot(self.root)
2026-10-08T13:27:57.9563027Z >               self.assert_refusal(self.convert(source, self.root / "bad-date.json", week=date))
2026-10-08T13:27:57.9563032Z 
2026-10-08T13:27:57.9563134Z tests/test_native_plan_week.py:287: 
2026-10-08T13:27:57.9563265Z _ _ _ _ _ _ _ _ _ _ _ _ _ _ _ _ _ _ _ _ _ _ _ _ _ _ _ _ _ _ _ _ _ _ _ _ _ _ _ _ 
2026-10-08T13:27:57.9563488Z tests/test_native_plan_week.py:184: in assert_refusal
2026-10-08T13:27:57.9563727Z     self.assertEqual(result.returncode, code, result.stderr.decode("utf-8", "replace"))
2026-10-08T13:27:57.9563896Z E   AssertionError: 1 != 2 : node:internal/modules/esm/resolve:275
2026-10-08T13:27:57.9564000Z E       throw new ERR_MODULE_NOT_FOUND(
2026-10-08T13:27:57.9564072Z E             ^
2026-10-08T13:27:57.9564148Z E   
2026-10-08T13:27:57.9564959Z E   Error [ERR_MODULE_NOT_FOUND]: Cannot find module '/home/runner/work/tastetable/tastetable/tools/native_plan_to_week.mjs' imported from /tmp/tastetable-week-test-3ceebvtg/
2026-10-08T13:27:57.9565152Z E       at finalizeResolution (node:internal/modules/esm/resolve:275:11)
2026-10-08T13:27:57.9565303Z E       at moduleResolve (node:internal/modules/esm/resolve:865:10)
2026-10-08T13:27:57.9565467Z E       at defaultResolve (node:internal/modules/esm/resolve:989:11)
2026-10-08T13:27:57.9565652Z E       at #cachedDefaultResolve (node:internal/modules/esm/loader:747:20)
2026-10-08T13:27:57.9565829Z E       at ModuleLoader.resolve (node:internal/modules/esm/loader:724:38)
2026-10-08T13:27:57.9566067Z E       at ModuleLoader.getModuleJobForImport (node:internal/modules/esm/loader:320:38)
2026-10-08T13:27:57.9566280Z E       at onImport.tracePromise.__proto__ (node:internal/modules/esm/loader:680:36)
2026-10-08T13:27:57.9566466Z E       at TracingChannel.tracePromise (node:diagnostics_channel:350:14)
2026-10-08T13:27:57.9566642Z E       at ModuleLoader.import (node:internal/modules/esm/loader:679:21)
2026-10-08T13:27:57.9566754Z E       at node:internal/modules/run_main:179:35 {
2026-10-08T13:27:57.9566850Z E     code: 'ERR_MODULE_NOT_FOUND',
2026-10-08T13:27:57.9567074Z E     url: 'file:///home/runner/work/tastetable/tastetable/tools/native_plan_to_week.mjs'
2026-10-08T13:27:57.9567151Z E   }
2026-10-08T13:27:57.9567219Z E   
2026-10-08T13:27:57.9567303Z E   Node.js v22.23.3
2026-10-08T13:27:57.9567615Z _ NativePlanWeekTests.test_incompatible_complete_results_and_dates_publish_nothing (date='not-a-date') _
2026-10-08T13:27:57.9567629Z 
2026-10-08T13:27:57.9568003Z self = <test_native_plan_week.NativePlanWeekTests testMethod=test_incompatible_complete_results_and_dates_publish_nothing>
2026-10-08T13:27:57.9568008Z 
2026-10-08T13:27:57.9568205Z     def test_incompatible_complete_results_and_dates_publish_nothing(self):
2026-10-08T13:27:57.9568286Z         alterations = {
2026-10-08T13:27:57.9568557Z             "mode": lambda e: e["provenance"].update(mode="live"),
2026-10-08T13:27:57.9568743Z             "policy": lambda e: e["provenance"].update(policy="AnotherModel"),
2026-10-08T13:27:57.9568949Z             "transport": lambda e: e["provenance"].update(transport="NetworkTransport"),
2026-10-08T13:27:57.9569137Z             "data": lambda e: e["provenance"].update(data="verified live venues"),
2026-10-08T13:27:57.9569324Z             "checks": lambda e: e["provenance"].update(checks="clinical validation"),
2026-10-08T13:27:57.9569461Z             "mock": lambda e: e["response"].update(mock=False),
2026-10-08T13:27:57.9569613Z             "missing_marker": lambda e: e["provenance"].pop("checks"),
2026-10-08T13:27:57.9569844Z             "profile_constraints": lambda e: e["profile"].update(constraints=["wheelchair"]),
2026-10-08T13:27:57.9569987Z             "bad_profile": lambda e: e["profile"].update(music=17),
2026-10-08T13:27:57.9570202Z             "late_invalid_trace": lambda e: e["response"]["trace"].append({"tool": "late"}),
2026-10-08T13:27:57.9570439Z             "bad_count": lambda e: e["response"]["comparison"]["grounded"].update(picks="<b>5</b>"),
2026-10-08T13:27:57.9570510Z         }
2026-10-08T13:27:57.9570627Z         for label, alter in alterations.items():
2026-10-08T13:27:57.9570727Z             with self.subTest(label=label):
2026-10-08T13:27:57.9570859Z                 envelope = copy.deepcopy(self.envelopes["mei"])
2026-10-08T13:27:57.9570950Z                 alter(envelope)
2026-10-08T13:27:57.9571174Z                 source = self.root / (label + ".json")
2026-10-08T13:27:57.9571340Z                 source.write_text(json.dumps(envelope), encoding="utf-8")
2026-10-08T13:27:57.9571436Z                 before = snapshot(self.root)
2026-10-08T13:27:57.9571617Z                 result = self.convert(source, self.root / (label + ".week.json"))
2026-10-08T13:27:57.9571718Z                 self.assert_refusal(result)
2026-10-08T13:27:57.9571851Z                 self.assertEqual(snapshot(self.root), before)
2026-10-08T13:27:57.9571946Z         source = self.native_file()
2026-10-08T13:27:57.9572070Z         for date in ("2026-02-30", "not-a-date", "9999-12-31"):
2026-10-08T13:27:57.9572171Z             with self.subTest(date=date):
2026-10-08T13:27:57.9572266Z                 before = snapshot(self.root)
2026-10-08T13:27:57.9572510Z >               self.assert_refusal(self.convert(source, self.root / "bad-date.json", week=date))
2026-10-08T13:27:57.9572515Z 
2026-10-08T13:27:57.9572618Z tests/test_native_plan_week.py:287: 
2026-10-08T13:27:57.9572754Z _ _ _ _ _ _ _ _ _ _ _ _ _ _ _ _ _ _ _ _ _ _ _ _ _ _ _ _ _ _ _ _ _ _ _ _ _ _ _ _ 
2026-10-08T13:27:57.9572891Z tests/test_native_plan_week.py:184: in assert_refusal
2026-10-08T13:27:57.9573127Z     self.assertEqual(result.returncode, code, result.stderr.decode("utf-8", "replace"))
2026-10-08T13:27:57.9573295Z E   AssertionError: 1 != 2 : node:internal/modules/esm/resolve:275
2026-10-08T13:27:57.9573396Z E       throw new ERR_MODULE_NOT_FOUND(
2026-10-08T13:27:57.9573471Z E             ^
2026-10-08T13:27:57.9573547Z E   
2026-10-08T13:27:57.9574093Z E   Error [ERR_MODULE_NOT_FOUND]: Cannot find module '/home/runner/work/tastetable/tastetable/tools/native_plan_to_week.mjs' imported from /tmp/tastetable-week-test-3ceebvtg/
2026-10-08T13:27:57.9574511Z E       at finalizeResolution (node:internal/modules/esm/resolve:275:11)
2026-10-08T13:27:57.9574681Z E       at moduleResolve (node:internal/modules/esm/resolve:865:10)
2026-10-08T13:27:57.9574847Z E       at defaultResolve (node:internal/modules/esm/resolve:989:11)
2026-10-08T13:27:57.9575035Z E       at #cachedDefaultResolve (node:internal/modules/esm/loader:747:20)
2026-10-08T13:27:57.9575212Z E       at ModuleLoader.resolve (node:internal/modules/esm/loader:724:38)
2026-10-08T13:27:57.9575450Z E       at ModuleLoader.getModuleJobForImport (node:internal/modules/esm/loader:320:38)
2026-10-08T13:27:57.9575663Z E       at onImport.tracePromise.__proto__ (node:internal/modules/esm/loader:680:36)
2026-10-08T13:27:57.9575975Z E       at TracingChannel.tracePromise (node:diagnostics_channel:350:14)
2026-10-08T13:27:57.9576156Z E       at ModuleLoader.import (node:internal/modules/esm/loader:679:21)
2026-10-08T13:27:57.9576271Z E       at node:internal/modules/run_main:179:35 {
2026-10-08T13:27:57.9576369Z E     code: 'ERR_MODULE_NOT_FOUND',
2026-10-08T13:27:57.9576594Z E     url: 'file:///home/runner/work/tastetable/tastetable/tools/native_plan_to_week.mjs'
2026-10-08T13:27:57.9576671Z E   }
2026-10-08T13:27:57.9576740Z E   
2026-10-08T13:27:57.9576833Z E   Node.js v22.23.3
2026-10-08T13:27:57.9577149Z _ NativePlanWeekTests.test_incompatible_complete_results_and_dates_publish_nothing (date='9999-12-31') _
2026-10-08T13:27:57.9577154Z 
2026-10-08T13:27:57.9577529Z self = <test_native_plan_week.NativePlanWeekTests testMethod=test_incompatible_complete_results_and_dates_publish_nothing>
2026-10-08T13:27:57.9577534Z 
2026-10-08T13:27:57.9577737Z     def test_incompatible_complete_results_and_dates_publish_nothing(self):
2026-10-08T13:27:57.9577821Z         alterations = {
2026-10-08T13:27:57.9577968Z             "mode": lambda e: e["provenance"].update(mode="live"),
2026-10-08T13:27:57.9578153Z             "policy": lambda e: e["provenance"].update(policy="AnotherModel"),
2026-10-08T13:27:57.9578363Z             "transport": lambda e: e["provenance"].update(transport="NetworkTransport"),
2026-10-08T13:27:57.9578552Z             "data": lambda e: e["provenance"].update(data="verified live venues"),
2026-10-08T13:27:57.9578742Z             "checks": lambda e: e["provenance"].update(checks="clinical validation"),
2026-10-08T13:27:57.9578994Z             "mock": lambda e: e["response"].update(mock=False),
2026-10-08T13:27:57.9579150Z             "missing_marker": lambda e: e["provenance"].pop("checks"),
2026-10-08T13:27:57.9579384Z             "profile_constraints": lambda e: e["profile"].update(constraints=["wheelchair"]),
2026-10-08T13:27:57.9579532Z             "bad_profile": lambda e: e["profile"].update(music=17),
2026-10-08T13:27:57.9579749Z             "late_invalid_trace": lambda e: e["response"]["trace"].append({"tool": "late"}),
2026-10-08T13:27:57.9579993Z             "bad_count": lambda e: e["response"]["comparison"]["grounded"].update(picks="<b>5</b>"),
2026-10-08T13:27:57.9580067Z         }
2026-10-08T13:27:57.9580189Z         for label, alter in alterations.items():
2026-10-08T13:27:57.9580293Z             with self.subTest(label=label):
2026-10-08T13:27:57.9580427Z                 envelope = copy.deepcopy(self.envelopes["mei"])
2026-10-08T13:27:57.9580521Z                 alter(envelope)
2026-10-08T13:27:57.9580632Z                 source = self.root / (label + ".json")
2026-10-08T13:27:57.9580805Z                 source.write_text(json.dumps(envelope), encoding="utf-8")
2026-10-08T13:27:57.9580902Z                 before = snapshot(self.root)
2026-10-08T13:27:57.9581081Z                 result = self.convert(source, self.root / (label + ".week.json"))
2026-10-08T13:27:57.9581183Z                 self.assert_refusal(result)
2026-10-08T13:27:57.9581313Z                 self.assertEqual(snapshot(self.root), before)
2026-10-08T13:27:57.9581410Z         source = self.native_file()
2026-10-08T13:27:57.9581535Z         for date in ("2026-02-30", "not-a-date", "9999-12-31"):
2026-10-08T13:27:57.9581636Z             with self.subTest(date=date):
2026-10-08T13:27:57.9581733Z                 before = snapshot(self.root)
2026-10-08T13:27:57.9581981Z >               self.assert_refusal(self.convert(source, self.root / "bad-date.json", week=date))
2026-10-08T13:27:57.9581989Z 
2026-10-08T13:27:57.9582093Z tests/test_native_plan_week.py:287: 
2026-10-08T13:27:57.9582226Z _ _ _ _ _ _ _ _ _ _ _ _ _ _ _ _ _ _ _ _ _ _ _ _ _ _ _ _ _ _ _ _ _ _ _ _ _ _ _ _ 
2026-10-08T13:27:57.9582362Z tests/test_native_plan_week.py:184: in assert_refusal
2026-10-08T13:27:57.9582596Z     self.assertEqual(result.returncode, code, result.stderr.decode("utf-8", "replace"))
2026-10-08T13:27:57.9582846Z E   AssertionError: 1 != 2 : node:internal/modules/esm/resolve:275
2026-10-08T13:27:57.9582951Z E       throw new ERR_MODULE_NOT_FOUND(
2026-10-08T13:27:57.9583025Z E             ^
2026-10-08T13:27:57.9583102Z E   
2026-10-08T13:27:57.9583652Z E   Error [ERR_MODULE_NOT_FOUND]: Cannot find module '/home/runner/work/tastetable/tastetable/tools/native_plan_to_week.mjs' imported from /tmp/tastetable-week-test-3ceebvtg/
2026-10-08T13:27:57.9583839Z E       at finalizeResolution (node:internal/modules/esm/resolve:275:11)
2026-10-08T13:27:57.9583994Z E       at moduleResolve (node:internal/modules/esm/resolve:865:10)
2026-10-08T13:27:57.9584160Z E       at defaultResolve (node:internal/modules/esm/resolve:989:11)
2026-10-08T13:27:57.9584569Z E       at #cachedDefaultResolve (node:internal/modules/esm/loader:747:20)
2026-10-08T13:27:57.9584750Z E       at ModuleLoader.resolve (node:internal/modules/esm/loader:724:38)
2026-10-08T13:27:57.9584988Z E       at ModuleLoader.getModuleJobForImport (node:internal/modules/esm/loader:320:38)
2026-10-08T13:27:57.9585203Z E       at onImport.tracePromise.__proto__ (node:internal/modules/esm/loader:680:36)
2026-10-08T13:27:57.9585386Z E       at TracingChannel.tracePromise (node:diagnostics_channel:350:14)
2026-10-08T13:27:57.9585560Z E       at ModuleLoader.import (node:internal/modules/esm/loader:679:21)
2026-10-08T13:27:57.9585672Z E       at node:internal/modules/run_main:179:35 {
2026-10-08T13:27:57.9585770Z E     code: 'ERR_MODULE_NOT_FOUND',
2026-10-08T13:27:57.9585996Z E     url: 'file:///home/runner/work/tastetable/tastetable/tools/native_plan_to_week.mjs'
2026-10-08T13:27:57.9586197Z E   }
2026-10-08T13:27:57.9586264Z E   
2026-10-08T13:27:57.9586351Z E   Node.js v22.23.3
2026-10-08T13:27:57.9586582Z _ NativePlanWeekTests.test_literal_response_fields_and_original_order_survive __
2026-10-08T13:27:57.9586588Z 
2026-10-08T13:27:57.9586939Z self = <test_native_plan_week.NativePlanWeekTests testMethod=test_literal_response_fields_and_original_order_survive>
2026-10-08T13:27:57.9586944Z 
2026-10-08T13:27:57.9587128Z     def test_literal_response_fields_and_original_order_survive(self):
2026-10-08T13:27:57.9587261Z         envelope = copy.deepcopy(self.envelopes["mei"])
2026-10-08T13:27:57.9587766Z         literal = '海 café & <script>alert("literal")</script>\nSecond line — α'
2026-10-08T13:27:57.9587933Z         envelope["response"]["plan"]["meals"][0]["name"] = literal
2026-10-08T13:27:57.9588162Z         envelope["response"]["plan"]["meals"][0]["why"] = literal + "\nOriginal explanation."
2026-10-08T13:27:57.9588367Z         envelope["response"]["trace"][0]["args"] = [None, literal, {"original": True}]
2026-10-08T13:27:57.9588501Z         envelope["response"]["model_message"] = literal
2026-10-08T13:27:57.9588610Z         source = self.root / "literal.json"
2026-10-08T13:27:57.9588826Z         source.write_text(json.dumps(envelope, ensure_ascii=False), encoding="utf-8")
2026-10-08T13:27:57.9588927Z         before = source.read_bytes()
2026-10-08T13:27:57.9589058Z         destination = self.root / "literal.week.json"
2026-10-08T13:27:57.9589270Z >       self.assert_success(self.convert(source, destination, week="0001-01-01"))
2026-10-08T13:27:57.9589276Z 
2026-10-08T13:27:57.9589379Z tests/test_native_plan_week.py:252: 
2026-10-08T13:27:57.9589516Z _ _ _ _ _ _ _ _ _ _ _ _ _ _ _ _ _ _ _ _ _ _ _ _ _ _ _ _ _ _ _ _ _ _ _ _ _ _ _ _ 
2026-10-08T13:27:57.9589652Z tests/test_native_plan_week.py:180: in assert_success
2026-10-08T13:27:57.9589890Z     self.assertEqual(result.returncode, 0, result.stderr.decode("utf-8", "replace"))
2026-10-08T13:27:57.9590054Z E   AssertionError: 1 != 0 : node:internal/modules/esm/resolve:275
2026-10-08T13:27:57.9590162Z E       throw new ERR_MODULE_NOT_FOUND(
2026-10-08T13:27:57.9590235Z E             ^
2026-10-08T13:27:57.9590310Z E   
2026-10-08T13:27:57.9590861Z E   Error [ERR_MODULE_NOT_FOUND]: Cannot find module '/home/runner/work/tastetable/tastetable/tools/native_plan_to_week.mjs' imported from /tmp/tastetable-week-test-k4ehzwra/
2026-10-08T13:27:57.9591167Z E       at finalizeResolution (node:internal/modules/esm/resolve:275:11)
2026-10-08T13:27:57.9591334Z E       at moduleResolve (node:internal/modules/esm/resolve:865:10)
2026-10-08T13:27:57.9591491Z E       at defaultResolve (node:internal/modules/esm/resolve:989:11)
2026-10-08T13:27:57.9591677Z E       at #cachedDefaultResolve (node:internal/modules/esm/loader:747:20)
2026-10-08T13:27:57.9591850Z E       at ModuleLoader.resolve (node:internal/modules/esm/loader:724:38)
2026-10-08T13:27:57.9592091Z E       at ModuleLoader.getModuleJobForImport (node:internal/modules/esm/loader:320:38)
2026-10-08T13:27:57.9592311Z E       at onImport.tracePromise.__proto__ (node:internal/modules/esm/loader:680:36)
2026-10-08T13:27:57.9592491Z E       at TracingChannel.tracePromise (node:diagnostics_channel:350:14)
2026-10-08T13:27:57.9592669Z E       at ModuleLoader.import (node:internal/modules/esm/loader:679:21)
2026-10-08T13:27:57.9592783Z E       at node:internal/modules/run_main:179:35 {
2026-10-08T13:27:57.9592884Z E     code: 'ERR_MODULE_NOT_FOUND',
2026-10-08T13:27:57.9593248Z E     url: 'file:///home/runner/work/tastetable/tastetable/tools/native_plan_to_week.mjs'
2026-10-08T13:27:57.9593327Z E   }
2026-10-08T13:27:57.9593396Z E   
2026-10-08T13:27:57.9593480Z E   Node.js v22.23.3
2026-10-08T13:27:57.9593745Z _ NativePlanWeekTests.test_real_partial_write_failure_leaves_no_output_or_temporary_files _
2026-10-08T13:27:57.9593750Z 
2026-10-08T13:27:57.9594154Z self = <test_native_plan_week.NativePlanWeekTests testMethod=test_real_partial_write_failure_leaves_no_output_or_temporary_files>
2026-10-08T13:27:57.9594242Z 
2026-10-08T13:27:57.9594767Z     @unittest.skipUnless(os.name == "posix", "RLIMIT_FSIZE is a POSIX receiving control")
2026-10-08T13:27:57.9594986Z     def test_real_partial_write_failure_leaves_no_output_or_temporary_files(self):
2026-10-08T13:27:57.9595076Z         import resource
2026-10-08T13:27:57.9595144Z     
2026-10-08T13:27:57.9595242Z         source = self.native_file()
2026-10-08T13:27:57.9595368Z         destination = self.root / "partial.week.json"
2026-10-08T13:27:57.9595474Z         before = snapshot(self.root)
2026-10-08T13:27:57.9595549Z     
2026-10-08T13:27:57.9595638Z         def limited_file_size():
2026-10-08T13:27:57.9595776Z             signal.signal(signal.SIGXFSZ, signal.SIG_IGN)
2026-10-08T13:27:57.9595924Z             resource.setrlimit(resource.RLIMIT_FSIZE, (256, 256))
2026-10-08T13:27:57.9595997Z     
2026-10-08T13:27:57.9596251Z         result = self.convert(source, destination, guarded=False, preexec_fn=limited_file_size)
2026-10-08T13:27:57.9596358Z >       self.assert_refusal(result, code=1)
2026-10-08T13:27:57.9596367Z 
2026-10-08T13:27:57.9596473Z tests/test_native_plan_week.py:325: 
2026-10-08T13:27:57.9596608Z _ _ _ _ _ _ _ _ _ _ _ _ _ _ _ _ _ _ _ _ _ _ _ _ _ _ _ _ _ _ _ _ _ _ _ _ _ _ _ _ 
2026-10-08T13:27:57.9596745Z tests/test_native_plan_week.py:185: in assert_refusal
2026-10-08T13:27:57.9596872Z     self.assertIn(b"tastetable-week:", result.stderr)
2026-10-08T13:27:57.9599403Z E   AssertionError: b'tastetable-week:' not found in b"node:internal/modules/cjs/loader:1433\n  throw err;\n  ^\n\nError: Cannot find module '/home/runner/work/tastetable/tastetable/tools/native_plan_to_week.mjs'\n    at Function._resolveFilename (node:internal/modules/cjs/loader:1430:15)\n    at defaultResolveImpl (node:internal/modules/cjs/loader:1040:19)\n    at resolveForCJSWithHooks (node:internal/modules/cjs/loader:1045:22)\n    at Function._load (node:internal/modules/cjs/loader:1216:25)\n    at wrapModuleLoad (node:internal/modules/cjs/loader:254:19)\n    at Function.executeUserEntryPoint [as runMain] (node:internal/modules/run_main:171:5)\n    at node:internal/main/run_main_module:36:49 {\n  code: 'MODULE_NOT_FOUND',\n  requireStack: []\n}\n\nNode.js v22.23.3\n"
2026-10-08T13:27:57.9599638Z _____ NativePlanWeekTests.test_separate_conversions_get_new_file_identity ______
2026-10-08T13:27:57.9599644Z 
2026-10-08T13:27:57.9599986Z self = <test_native_plan_week.NativePlanWeekTests testMethod=test_separate_conversions_get_new_file_identity>
2026-10-08T13:27:57.9600120Z 
2026-10-08T13:27:57.9600280Z     def test_separate_conversions_get_new_file_identity(self):
2026-10-08T13:27:57.9600381Z         source = self.native_file()
2026-10-08T13:27:57.9600456Z         values = []
2026-10-08T13:27:57.9600552Z         for index in range(2):
2026-10-08T13:27:57.9600683Z             destination = self.root / f"identity-{index}.json"
2026-10-08T13:27:57.9600834Z >           self.assert_success(self.convert(source, destination))
2026-10-08T13:27:57.9600839Z 
2026-10-08T13:27:57.9600953Z tests/test_native_plan_week.py:335: 
2026-10-08T13:27:57.9601088Z _ _ _ _ _ _ _ _ _ _ _ _ _ _ _ _ _ _ _ _ _ _ _ _ _ _ _ _ _ _ _ _ _ _ _ _ _ _ _ _ 
2026-10-08T13:27:57.9601224Z tests/test_native_plan_week.py:180: in assert_success
2026-10-08T13:27:57.9601459Z     self.assertEqual(result.returncode, 0, result.stderr.decode("utf-8", "replace"))
2026-10-08T13:27:57.9601621Z E   AssertionError: 1 != 0 : node:internal/modules/esm/resolve:275
2026-10-08T13:27:57.9601727Z E       throw new ERR_MODULE_NOT_FOUND(
2026-10-08T13:27:57.9601801Z E             ^
2026-10-08T13:27:57.9601877Z E   
2026-10-08T13:27:57.9602432Z E   Error [ERR_MODULE_NOT_FOUND]: Cannot find module '/home/runner/work/tastetable/tastetable/tools/native_plan_to_week.mjs' imported from /tmp/tastetable-week-test-nf_17k02/
2026-10-08T13:27:57.9602621Z E       at finalizeResolution (node:internal/modules/esm/resolve:275:11)
2026-10-08T13:27:57.9602782Z E       at moduleResolve (node:internal/modules/esm/resolve:865:10)
2026-10-08T13:27:57.9602940Z E       at defaultResolve (node:internal/modules/esm/resolve:989:11)
2026-10-08T13:27:57.9603288Z E       at #cachedDefaultResolve (node:internal/modules/esm/loader:747:20)
2026-10-08T13:27:57.9603476Z E       at ModuleLoader.resolve (node:internal/modules/esm/loader:724:38)
2026-10-08T13:27:57.9603727Z E       at ModuleLoader.getModuleJobForImport (node:internal/modules/esm/loader:320:38)
2026-10-08T13:27:57.9603948Z E       at onImport.tracePromise.__proto__ (node:internal/modules/esm/loader:680:36)
2026-10-08T13:27:57.9604135Z E       at TracingChannel.tracePromise (node:diagnostics_channel:350:14)
2026-10-08T13:27:57.9604522Z E       at ModuleLoader.import (node:internal/modules/esm/loader:679:21)
2026-10-08T13:27:57.9604651Z E       at node:internal/modules/run_main:179:35 {
2026-10-08T13:27:57.9604749Z E     code: 'ERR_MODULE_NOT_FOUND',
2026-10-08T13:27:57.9604982Z E     url: 'file:///home/runner/work/tastetable/tastetable/tools/native_plan_to_week.mjs'
2026-10-08T13:27:57.9605062Z E   }
2026-10-08T13:27:57.9605141Z E   
2026-10-08T13:27:57.9605224Z E   Node.js v22.23.3
2026-10-08T13:27:57.9605405Z --------------------------- Captured stdout teardown ---------------------------
2026-10-08T13:27:57.9605615Z NATIVE_WEEK_SOURCE_CONTROL all 12 existing producer/consumer inputs unchanged
2026-10-08T13:27:57.9605754Z =============================== warnings summary ===============================
2026-10-08T13:27:57.9606060Z ../../../../../opt/hostedtoolcache/Python/3.12.15/x64/lib/python3.12/site-packages/fastapi/testclient.py:1
2026-10-08T13:27:57.9606746Z   /opt/hostedtoolcache/Python/3.12.15/x64/lib/python3.12/site-packages/fastapi/testclient.py:1: StarletteDeprecationWarning: Using `httpx` with `starlette.testclient` is deprecated; install `httpx2` instead.
2026-10-08T13:27:57.9606940Z     from starlette.testclient import TestClient as TestClient  # noqa
2026-10-08T13:27:57.9606946Z 
2026-10-08T13:27:57.9607151Z -- Docs: https://docs.pytest.org/en/stable/how-to/capture-warnings.html
2026-10-08T13:27:57.9607301Z =========================== short test summary info ============================
2026-10-08T13:27:57.9608070Z SUBFAILED(producer='rosa') tests/test_native_plan_week.py::NativePlanWeekTests::test_actual_producer_results_become_exact_editable_weeks - AssertionError: 1 != 0 : node:internal/modules/esm/resolve:275
2026-10-08T13:27:57.9608165Z     throw new ERR_MODULE_NOT_FOUND(
2026-10-08T13:27:57.9608243Z           ^
2026-10-08T13:27:57.9608249Z 
2026-10-08T13:27:57.9608919Z Error [ERR_MODULE_NOT_FOUND]: Cannot find module '/home/runner/work/tastetable/tastetable/tools/native_plan_to_week.mjs' imported from /tmp/tastetable-week-test-fk46iclt/
2026-10-08T13:27:57.9609109Z     at finalizeResolution (node:internal/modules/esm/resolve:275:11)
2026-10-08T13:27:57.9609271Z     at moduleResolve (node:internal/modules/esm/resolve:865:10)
2026-10-08T13:27:57.9609433Z     at defaultResolve (node:internal/modules/esm/resolve:989:11)
2026-10-08T13:27:57.9609618Z     at #cachedDefaultResolve (node:internal/modules/esm/loader:747:20)
2026-10-08T13:27:57.9609795Z     at ModuleLoader.resolve (node:internal/modules/esm/loader:724:38)
2026-10-08T13:27:57.9610039Z     at ModuleLoader.getModuleJobForImport (node:internal/modules/esm/loader:320:38)
2026-10-08T13:27:57.9610245Z     at onImport.tracePromise.__proto__ (node:internal/modules/esm/loader:680:36)
2026-10-08T13:27:57.9610425Z     at TracingChannel.tracePromise (node:diagnostics_channel:350:14)
2026-10-08T13:27:57.9610601Z     at ModuleLoader.import (node:internal/modules/esm/loader:679:21)
2026-10-08T13:27:57.9610711Z     at node:internal/modules/run_main:179:35 {
2026-10-08T13:27:57.9610808Z   code: 'ERR_MODULE_NOT_FOUND',
2026-10-08T13:27:57.9611037Z   url: 'file:///home/runner/work/tastetable/tastetable/tools/native_plan_to_week.mjs'
2026-10-08T13:27:57.9611119Z }
2026-10-08T13:27:57.9611124Z 
2026-10-08T13:27:57.9611208Z Node.js v22.23.3
2026-10-08T13:27:57.9611842Z SUBFAILED(producer='mei') tests/test_native_plan_week.py::NativePlanWeekTests::test_actual_producer_results_become_exact_editable_weeks - AssertionError: 1 != 0 : node:internal/modules/esm/resolve:275
2026-10-08T13:27:57.9612056Z     throw new ERR_MODULE_NOT_FOUND(
2026-10-08T13:27:57.9612129Z           ^
2026-10-08T13:27:57.9612134Z 
2026-10-08T13:27:57.9612679Z Error [ERR_MODULE_NOT_FOUND]: Cannot find module '/home/runner/work/tastetable/tastetable/tools/native_plan_to_week.mjs' imported from /tmp/tastetable-week-test-fk46iclt/
2026-10-08T13:27:57.9612857Z     at finalizeResolution (node:internal/modules/esm/resolve:275:11)
2026-10-08T13:27:57.9613011Z     at moduleResolve (node:internal/modules/esm/resolve:865:10)
2026-10-08T13:27:57.9613176Z     at defaultResolve (node:internal/modules/esm/resolve:989:11)
2026-10-08T13:27:57.9613353Z     at #cachedDefaultResolve (node:internal/modules/esm/loader:747:20)
2026-10-08T13:27:57.9613529Z     at ModuleLoader.resolve (node:internal/modules/esm/loader:724:38)
2026-10-08T13:27:57.9613759Z     at ModuleLoader.getModuleJobForImport (node:internal/modules/esm/loader:320:38)
2026-10-08T13:27:57.9613975Z     at onImport.tracePromise.__proto__ (node:internal/modules/esm/loader:680:36)
2026-10-08T13:27:57.9614152Z     at TracingChannel.tracePromise (node:diagnostics_channel:350:14)
2026-10-08T13:27:57.9614532Z     at ModuleLoader.import (node:internal/modules/esm/loader:679:21)
2026-10-08T13:27:57.9614651Z     at node:internal/modules/run_main:179:35 {
2026-10-08T13:27:57.9614740Z   code: 'ERR_MODULE_NOT_FOUND',
2026-10-08T13:27:57.9614973Z   url: 'file:///home/runner/work/tastetable/tastetable/tools/native_plan_to_week.mjs'
2026-10-08T13:27:57.9615045Z }
2026-10-08T13:27:57.9615056Z 
2026-10-08T13:27:57.9615131Z Node.js v22.23.3
2026-10-08T13:27:57.9615791Z SUBFAILED(producer='authored') tests/test_native_plan_week.py::NativePlanWeekTests::test_actual_producer_results_become_exact_editable_weeks - AssertionError: 1 != 0 : node:internal/modules/esm/resolve:275
2026-10-08T13:27:57.9615880Z     throw new ERR_MODULE_NOT_FOUND(
2026-10-08T13:27:57.9615958Z           ^
2026-10-08T13:27:57.9615967Z 
2026-10-08T13:27:57.9616506Z Error [ERR_MODULE_NOT_FOUND]: Cannot find module '/home/runner/work/tastetable/tastetable/tools/native_plan_to_week.mjs' imported from /tmp/tastetable-week-test-fk46iclt/
2026-10-08T13:27:57.9616671Z     at finalizeResolution (node:internal/modules/esm/resolve:275:11)
2026-10-08T13:27:57.9616822Z     at moduleResolve (node:internal/modules/esm/resolve:865:10)
2026-10-08T13:27:57.9617102Z     at defaultResolve (node:internal/modules/esm/resolve:989:11)
2026-10-08T13:27:57.9617291Z     at #cachedDefaultResolve (node:internal/modules/esm/loader:747:20)
2026-10-08T13:27:57.9617460Z     at ModuleLoader.resolve (node:internal/modules/esm/loader:724:38)
2026-10-08T13:27:57.9617696Z     at ModuleLoader.getModuleJobForImport (node:internal/modules/esm/loader:320:38)
2026-10-08T13:27:57.9617904Z     at onImport.tracePromise.__proto__ (node:internal/modules/esm/loader:680:36)
2026-10-08T13:27:57.9618074Z     at TracingChannel.tracePromise (node:diagnostics_channel:350:14)
2026-10-08T13:27:57.9618245Z     at ModuleLoader.import (node:internal/modules/esm/loader:679:21)
2026-10-08T13:27:57.9618351Z     at node:internal/modules/run_main:179:35 {
2026-10-08T13:27:57.9618446Z   code: 'ERR_MODULE_NOT_FOUND',
2026-10-08T13:27:57.9618673Z   url: 'file:///home/runner/work/tastetable/tastetable/tools/native_plan_to_week.mjs'
2026-10-08T13:27:57.9618742Z }
2026-10-08T13:27:57.9618747Z 
2026-10-08T13:27:57.9618828Z Node.js v22.23.3
2026-10-08T13:27:57.9619476Z SUBFAILED(producer='empty') tests/test_native_plan_week.py::NativePlanWeekTests::test_actual_producer_results_become_exact_editable_weeks - AssertionError: 1 != 0 : node:internal/modules/esm/resolve:275
2026-10-08T13:27:57.9619576Z     throw new ERR_MODULE_NOT_FOUND(
2026-10-08T13:27:57.9619646Z           ^
2026-10-08T13:27:57.9619650Z 
2026-10-08T13:27:57.9620195Z Error [ERR_MODULE_NOT_FOUND]: Cannot find module '/home/runner/work/tastetable/tastetable/tools/native_plan_to_week.mjs' imported from /tmp/tastetable-week-test-fk46iclt/
2026-10-08T13:27:57.9620493Z     at finalizeResolution (node:internal/modules/esm/resolve:275:11)
2026-10-08T13:27:57.9620642Z     at moduleResolve (node:internal/modules/esm/resolve:865:10)
2026-10-08T13:27:57.9620801Z     at defaultResolve (node:internal/modules/esm/resolve:989:11)
2026-10-08T13:27:57.9620971Z     at #cachedDefaultResolve (node:internal/modules/esm/loader:747:20)
2026-10-08T13:27:57.9621147Z     at ModuleLoader.resolve (node:internal/modules/esm/loader:724:38)
2026-10-08T13:27:57.9621388Z     at ModuleLoader.getModuleJobForImport (node:internal/modules/esm/loader:320:38)
2026-10-08T13:27:57.9621595Z     at onImport.tracePromise.__proto__ (node:internal/modules/esm/loader:680:36)
2026-10-08T13:27:57.9621773Z     at TracingChannel.tracePromise (node:diagnostics_channel:350:14)
2026-10-08T13:27:57.9621937Z     at ModuleLoader.import (node:internal/modules/esm/loader:679:21)
2026-10-08T13:27:57.9622046Z     at node:internal/modules/run_main:179:35 {
2026-10-08T13:27:57.9622134Z   code: 'ERR_MODULE_NOT_FOUND',
2026-10-08T13:27:57.9622364Z   url: 'file:///home/runner/work/tastetable/tastetable/tools/native_plan_to_week.mjs'
2026-10-08T13:27:57.9622437Z }
2026-10-08T13:27:57.9622442Z 
2026-10-08T13:27:57.9622517Z Node.js v22.23.3
2026-10-08T13:27:57.9623094Z SUBFAILED(arguments=[]) tests/test_native_plan_week.py::NativePlanWeekTests::test_argument_errors_do_not_wait_for_stdin - AssertionError: 1 != 2 : node:internal/modules/cjs/loader:1433
2026-10-08T13:27:57.9623167Z   throw err;
2026-10-08T13:27:57.9623241Z   ^
2026-10-08T13:27:57.9623247Z 
2026-10-08T13:27:57.9623533Z Error: Cannot find module '/home/runner/work/tastetable/tastetable/tools/native_plan_to_week.mjs'
2026-10-08T13:27:57.9623726Z     at Function._resolveFilename (node:internal/modules/cjs/loader:1430:15)
2026-10-08T13:27:57.9623895Z     at defaultResolveImpl (node:internal/modules/cjs/loader:1040:19)
2026-10-08T13:27:57.9624077Z     at resolveForCJSWithHooks (node:internal/modules/cjs/loader:1045:22)
2026-10-08T13:27:57.9624229Z     at Function._load (node:internal/modules/cjs/loader:1216:25)
2026-10-08T13:27:57.9624612Z     at wrapModuleLoad (node:internal/modules/cjs/loader:254:19)
2026-10-08T13:27:57.9624866Z     at Function.executeUserEntryPoint [as runMain] (node:internal/modules/run_main:171:5)
2026-10-08T13:27:57.9624985Z     at node:internal/main/run_main_module:36:49 {
2026-10-08T13:27:57.9625073Z   code: 'MODULE_NOT_FOUND',
2026-10-08T13:27:57.9625157Z   requireStack: []
2026-10-08T13:27:57.9625225Z }
2026-10-08T13:27:57.9625353Z 
2026-10-08T13:27:57.9625437Z Node.js v22.23.3
2026-10-08T13:27:57.9626056Z SUBFAILED(arguments=['--input', '-']) tests/test_native_plan_week.py::NativePlanWeekTests::test_argument_errors_do_not_wait_for_stdin - AssertionError: 1 != 2 : node:internal/modules/cjs/loader:1433
2026-10-08T13:27:57.9626130Z   throw err;
2026-10-08T13:27:57.9626203Z   ^
2026-10-08T13:27:57.9626207Z 
2026-10-08T13:27:57.9626484Z Error: Cannot find module '/home/runner/work/tastetable/tastetable/tools/native_plan_to_week.mjs'
2026-10-08T13:27:57.9626686Z     at Function._resolveFilename (node:internal/modules/cjs/loader:1430:15)
2026-10-08T13:27:57.9626861Z     at defaultResolveImpl (node:internal/modules/cjs/loader:1040:19)
2026-10-08T13:27:57.9627046Z     at resolveForCJSWithHooks (node:internal/modules/cjs/loader:1045:22)
2026-10-08T13:27:57.9627202Z     at Function._load (node:internal/modules/cjs/loader:1216:25)
2026-10-08T13:27:57.9627352Z     at wrapModuleLoad (node:internal/modules/cjs/loader:254:19)
2026-10-08T13:27:57.9627609Z     at Function.executeUserEntryPoint [as runMain] (node:internal/modules/run_main:171:5)
2026-10-08T13:27:57.9627721Z     at node:internal/main/run_main_module:36:49 {
2026-10-08T13:27:57.9627812Z   code: 'MODULE_NOT_FOUND',
2026-10-08T13:27:57.9627896Z   requireStack: []
2026-10-08T13:27:57.9627964Z }
2026-10-08T13:27:57.9627968Z 
2026-10-08T13:27:57.9628048Z Node.js v22.23.3
2026-10-08T13:27:57.9628683Z SUBFAILED(arguments=['--help', '--unknown']) tests/test_native_plan_week.py::NativePlanWeekTests::test_argument_errors_do_not_wait_for_stdin - AssertionError: 1 != 2 : node:internal/modules/cjs/loader:1433
2026-10-08T13:27:57.9628878Z   throw err;
2026-10-08T13:27:57.9628947Z   ^
2026-10-08T13:27:57.9628961Z 
2026-10-08T13:27:57.9629233Z Error: Cannot find module '/home/runner/work/tastetable/tastetable/tools/native_plan_to_week.mjs'
2026-10-08T13:27:57.9629425Z     at Function._resolveFilename (node:internal/modules/cjs/loader:1430:15)
2026-10-08T13:27:57.9629594Z     at defaultResolveImpl (node:internal/modules/cjs/loader:1040:19)
2026-10-08T13:27:57.9629784Z     at resolveForCJSWithHooks (node:internal/modules/cjs/loader:1045:22)
2026-10-08T13:27:57.9629933Z     at Function._load (node:internal/modules/cjs/loader:1216:25)
2026-10-08T13:27:57.9630086Z     at wrapModuleLoad (node:internal/modules/cjs/loader:254:19)
2026-10-08T13:27:57.9630334Z     at Function.executeUserEntryPoint [as runMain] (node:internal/modules/run_main:171:5)
2026-10-08T13:27:57.9630442Z     at node:internal/main/run_main_module:36:49 {
2026-10-08T13:27:57.9630535Z   code: 'MODULE_NOT_FOUND',
2026-10-08T13:27:57.9630614Z   requireStack: []
2026-10-08T13:27:57.9630691Z }
2026-10-08T13:27:57.9630696Z 
2026-10-08T13:27:57.9630771Z Node.js v22.23.3
2026-10-08T13:27:57.9631579Z SUBFAILED(arguments=['--input', 'missing.json', '--week', '2026-10-08', '--output', 'out.json', ...]) tests/test_native_plan_week.py::NativePlanWeekTests::test_argument_errors_do_not_wait_for_stdin - AssertionError: 1 != 2 : node:internal/modules/cjs/loader:1433
2026-10-08T13:27:57.9631662Z   throw err;
2026-10-08T13:27:57.9631731Z   ^
2026-10-08T13:27:57.9631736Z 
2026-10-08T13:27:57.9632012Z Error: Cannot find module '/home/runner/work/tastetable/tastetable/tools/native_plan_to_week.mjs'
2026-10-08T13:27:57.9632203Z     at Function._resolveFilename (node:internal/modules/cjs/loader:1430:15)
2026-10-08T13:27:57.9632375Z     at defaultResolveImpl (node:internal/modules/cjs/loader:1040:19)
2026-10-08T13:27:57.9632561Z     at resolveForCJSWithHooks (node:internal/modules/cjs/loader:1045:22)
2026-10-08T13:27:57.9632712Z     at Function._load (node:internal/modules/cjs/loader:1216:25)
2026-10-08T13:27:57.9632864Z     at wrapModuleLoad (node:internal/modules/cjs/loader:254:19)
2026-10-08T13:27:57.9633105Z     at Function.executeUserEntryPoint [as runMain] (node:internal/modules/run_main:171:5)
2026-10-08T13:27:57.9633218Z     at node:internal/main/run_main_module:36:49 {
2026-10-08T13:27:57.9633307Z   code: 'MODULE_NOT_FOUND',
2026-10-08T13:27:57.9633468Z   requireStack: []
2026-10-08T13:27:57.9633543Z }
2026-10-08T13:27:57.9633548Z 
2026-10-08T13:27:57.9633623Z Node.js v22.23.3
2026-10-08T13:27:57.9634704Z SUBFAILED(arguments=['--input', 'missing.json', '--input', 'other.json', '--week', '2026-10-08', ...]) tests/test_native_plan_week.py::NativePlanWeekTests::test_argument_errors_do_not_wait_for_stdin - AssertionError: 1 != 2 : node:internal/modules/cjs/loader:1433
2026-10-08T13:27:57.9634789Z   throw err;
2026-10-08T13:27:57.9634864Z   ^
2026-10-08T13:27:57.9634869Z 
2026-10-08T13:27:57.9635150Z Error: Cannot find module '/home/runner/work/tastetable/tastetable/tools/native_plan_to_week.mjs'
2026-10-08T13:27:57.9635338Z     at Function._resolveFilename (node:internal/modules/cjs/loader:1430:15)
2026-10-08T13:27:57.9635511Z     at defaultResolveImpl (node:internal/modules/cjs/loader:1040:19)
2026-10-08T13:27:57.9635692Z     at resolveForCJSWithHooks (node:internal/modules/cjs/loader:1045:22)
2026-10-08T13:27:57.9635850Z     at Function._load (node:internal/modules/cjs/loader:1216:25)
2026-10-08T13:27:57.9636003Z     at wrapModuleLoad (node:internal/modules/cjs/loader:254:19)
2026-10-08T13:27:57.9636246Z     at Function.executeUserEntryPoint [as runMain] (node:internal/modules/run_main:171:5)
2026-10-08T13:27:57.9636362Z     at node:internal/main/run_main_module:36:49 {
2026-10-08T13:27:57.9636449Z   code: 'MODULE_NOT_FOUND',
2026-10-08T13:27:57.9636535Z   requireStack: []
2026-10-08T13:27:57.9636602Z }
2026-10-08T13:27:57.9636607Z 
2026-10-08T13:27:57.9636689Z Node.js v22.23.3
2026-10-08T13:27:57.9637364Z FAILED tests/test_native_plan_week.py::NativePlanWeekTests::test_bounded_utf8_input_is_admitted_as_a_whole - AssertionError: 1 != 0 : node:internal/modules/esm/resolve:275
2026-10-08T13:27:57.9637460Z     throw new ERR_MODULE_NOT_FOUND(
2026-10-08T13:27:57.9637534Z           ^
2026-10-08T13:27:57.9637539Z 
2026-10-08T13:27:57.9638080Z Error [ERR_MODULE_NOT_FOUND]: Cannot find module '/home/runner/work/tastetable/tastetable/tools/native_plan_to_week.mjs' imported from /tmp/tastetable-week-test-b78rkbrg/
2026-10-08T13:27:57.9638258Z     at finalizeResolution (node:internal/modules/esm/resolve:275:11)
2026-10-08T13:27:57.9638409Z     at moduleResolve (node:internal/modules/esm/resolve:865:10)
2026-10-08T13:27:57.9638562Z     at defaultResolve (node:internal/modules/esm/resolve:989:11)
2026-10-08T13:27:57.9638744Z     at #cachedDefaultResolve (node:internal/modules/esm/loader:747:20)
2026-10-08T13:27:57.9638919Z     at ModuleLoader.resolve (node:internal/modules/esm/loader:724:38)
2026-10-08T13:27:57.9639158Z     at ModuleLoader.getModuleJobForImport (node:internal/modules/esm/loader:320:38)
2026-10-08T13:27:57.9639372Z     at onImport.tracePromise.__proto__ (node:internal/modules/esm/loader:680:36)
2026-10-08T13:27:57.9639554Z     at TracingChannel.tracePromise (node:diagnostics_channel:350:14)
2026-10-08T13:27:57.9639722Z     at ModuleLoader.import (node:internal/modules/esm/loader:679:21)
2026-10-08T13:27:57.9639828Z     at node:internal/modules/run_main:179:35 {
2026-10-08T13:27:57.9639926Z   code: 'ERR_MODULE_NOT_FOUND',
2026-10-08T13:27:57.9640155Z   url: 'file:///home/runner/work/tastetable/tastetable/tools/native_plan_to_week.mjs'
2026-10-08T13:27:57.9640230Z }
2026-10-08T13:27:57.9640235Z 
2026-10-08T13:27:57.9640316Z Node.js v22.23.3
2026-10-08T13:27:57.9640933Z FAILED tests/test_native_plan_week.py::NativePlanWeekTests::test_existing_consumer_can_move_resave_and_preserve_calendar_identity - AssertionError: 1 != 0 : node:internal/modules/esm/resolve:275
2026-10-08T13:27:57.9641033Z     throw new ERR_MODULE_NOT_FOUND(
2026-10-08T13:27:57.9641103Z           ^
2026-10-08T13:27:57.9641108Z 
2026-10-08T13:27:57.9641648Z Error [ERR_MODULE_NOT_FOUND]: Cannot find module '/home/runner/work/tastetable/tastetable/tools/native_plan_to_week.mjs' imported from /tmp/tastetable-week-test-u7cunfxb/
2026-10-08T13:27:57.9641825Z     at finalizeResolution (node:internal/modules/esm/resolve:275:11)
2026-10-08T13:27:57.9642104Z     at moduleResolve (node:internal/modules/esm/resolve:865:10)
2026-10-08T13:27:57.9642266Z     at defaultResolve (node:internal/modules/esm/resolve:989:11)
2026-10-08T13:27:57.9642438Z     at #cachedDefaultResolve (node:internal/modules/esm/loader:747:20)
2026-10-08T13:27:57.9642614Z     at ModuleLoader.resolve (node:internal/modules/esm/loader:724:38)
2026-10-08T13:27:57.9642841Z     at ModuleLoader.getModuleJobForImport (node:internal/modules/esm/loader:320:38)
2026-10-08T13:27:57.9643056Z     at onImport.tracePromise.__proto__ (node:internal/modules/esm/loader:680:36)
2026-10-08T13:27:57.9643237Z     at TracingChannel.tracePromise (node:diagnostics_channel:350:14)
2026-10-08T13:27:57.9643401Z     at ModuleLoader.import (node:internal/modules/esm/loader:679:21)
2026-10-08T13:27:57.9643513Z     at node:internal/modules/run_main:179:35 {
2026-10-08T13:27:57.9643600Z   code: 'ERR_MODULE_NOT_FOUND',
2026-10-08T13:27:57.9643828Z   url: 'file:///home/runner/work/tastetable/tastetable/tools/native_plan_to_week.mjs'
2026-10-08T13:27:57.9643903Z }
2026-10-08T13:27:57.9643911Z 
2026-10-08T13:27:57.9643988Z Node.js v22.23.3
2026-10-08T13:27:57.9644915Z SUBFAILED(destination='existing.json') tests/test_native_plan_week.py::NativePlanWeekTests::test_existing_outputs_and_input_aliases_are_never_replaced - AssertionError: 1 != 2 : node:internal/modules/esm/resolve:275
2026-10-08T13:27:57.9645013Z     throw new ERR_MODULE_NOT_FOUND(
2026-10-08T13:27:57.9645093Z           ^
2026-10-08T13:27:57.9645098Z 
2026-10-08T13:27:57.9645638Z Error [ERR_MODULE_NOT_FOUND]: Cannot find module '/home/runner/work/tastetable/tastetable/tools/native_plan_to_week.mjs' imported from /tmp/tastetable-week-test-vxmy2syd/
2026-10-08T13:27:57.9645995Z     at finalizeResolution (node:internal/modules/esm/resolve:275:11)
2026-10-08T13:27:57.9646155Z     at moduleResolve (node:internal/modules/esm/resolve:865:10)
2026-10-08T13:27:57.9646307Z     at defaultResolve (node:internal/modules/esm/resolve:989:11)
2026-10-08T13:27:57.9646484Z     at #cachedDefaultResolve (node:internal/modules/esm/loader:747:20)
2026-10-08T13:27:57.9646664Z     at ModuleLoader.resolve (node:internal/modules/esm/loader:724:38)
2026-10-08T13:27:57.9646899Z     at ModuleLoader.getModuleJobForImport (node:internal/modules/esm/loader:320:38)
2026-10-08T13:27:57.9647116Z     at onImport.tracePromise.__proto__ (node:internal/modules/esm/loader:680:36)
2026-10-08T13:27:57.9647287Z     at TracingChannel.tracePromise (node:diagnostics_channel:350:14)
2026-10-08T13:27:57.9647457Z     at ModuleLoader.import (node:internal/modules/esm/loader:679:21)
2026-10-08T13:27:57.9647564Z     at node:internal/modules/run_main:179:35 {
2026-10-08T13:27:57.9647658Z   code: 'ERR_MODULE_NOT_FOUND',
2026-10-08T13:27:57.9647885Z   url: 'file:///home/runner/work/tastetable/tastetable/tools/native_plan_to_week.mjs'
2026-10-08T13:27:57.9647954Z }
2026-10-08T13:27:57.9647958Z 
2026-10-08T13:27:57.9648038Z Node.js v22.23.3
2026-10-08T13:27:57.9648744Z SUBFAILED(destination='native result.json') tests/test_native_plan_week.py::NativePlanWeekTests::test_existing_outputs_and_input_aliases_are_never_replaced - AssertionError: 1 != 2 : node:internal/modules/esm/resolve:275
2026-10-08T13:27:57.9648845Z     throw new ERR_MODULE_NOT_FOUND(
2026-10-08T13:27:57.9648915Z           ^
2026-10-08T13:27:57.9648925Z 
2026-10-08T13:27:57.9649459Z Error [ERR_MODULE_NOT_FOUND]: Cannot find module '/home/runner/work/tastetable/tastetable/tools/native_plan_to_week.mjs' imported from /tmp/tastetable-week-test-vxmy2syd/
2026-10-08T13:27:57.9649639Z     at finalizeResolution (node:internal/modules/esm/resolve:275:11)
2026-10-08T13:27:57.9649791Z     at moduleResolve (node:internal/modules/esm/resolve:865:10)
2026-10-08T13:27:57.9649947Z     at defaultResolve (node:internal/modules/esm/resolve:989:11)
2026-10-08T13:27:57.9650118Z     at #cachedDefaultResolve (node:internal/modules/esm/loader:747:20)
2026-10-08T13:27:57.9650294Z     at ModuleLoader.resolve (node:internal/modules/esm/loader:724:38)
2026-10-08T13:27:57.9650637Z     at ModuleLoader.getModuleJobForImport (node:internal/modules/esm/loader:320:38)
2026-10-08T13:27:57.9650849Z     at onImport.tracePromise.__proto__ (node:internal/modules/esm/loader:680:36)
2026-10-08T13:27:57.9651029Z     at TracingChannel.tracePromise (node:diagnostics_channel:350:14)
2026-10-08T13:27:57.9651191Z     at ModuleLoader.import (node:internal/modules/esm/loader:679:21)
2026-10-08T13:27:57.9651300Z     at node:internal/modules/run_main:179:35 {
2026-10-08T13:27:57.9651391Z   code: 'ERR_MODULE_NOT_FOUND',
2026-10-08T13:27:57.9651610Z   url: 'file:///home/runner/work/tastetable/tastetable/tools/native_plan_to_week.mjs'
2026-10-08T13:27:57.9651687Z }
2026-10-08T13:27:57.9651691Z 
2026-10-08T13:27:57.9651766Z Node.js v22.23.3
2026-10-08T13:27:57.9652457Z SUBFAILED(destination='hardlink.json') tests/test_native_plan_week.py::NativePlanWeekTests::test_existing_outputs_and_input_aliases_are_never_replaced - AssertionError: 1 != 2 : node:internal/modules/esm/resolve:275
2026-10-08T13:27:57.9652555Z     throw new ERR_MODULE_NOT_FOUND(
2026-10-08T13:27:57.9652624Z           ^
2026-10-08T13:27:57.9652632Z 
2026-10-08T13:27:57.9653169Z Error [ERR_MODULE_NOT_FOUND]: Cannot find module '/home/runner/work/tastetable/tastetable/tools/native_plan_to_week.mjs' imported from /tmp/tastetable-week-test-vxmy2syd/
2026-10-08T13:27:57.9653339Z     at finalizeResolution (node:internal/modules/esm/resolve:275:11)
2026-10-08T13:27:57.9653494Z     at moduleResolve (node:internal/modules/esm/resolve:865:10)
2026-10-08T13:27:57.9653645Z     at defaultResolve (node:internal/modules/esm/resolve:989:11)
2026-10-08T13:27:57.9653909Z     at #cachedDefaultResolve (node:internal/modules/esm/loader:747:20)
2026-10-08T13:27:57.9654085Z     at ModuleLoader.resolve (node:internal/modules/esm/loader:724:38)
2026-10-08T13:27:57.9654539Z     at ModuleLoader.getModuleJobForImport (node:internal/modules/esm/loader:320:38)
2026-10-08T13:27:57.9654764Z     at onImport.tracePromise.__proto__ (node:internal/modules/esm/loader:680:36)
2026-10-08T13:27:57.9654940Z     at TracingChannel.tracePromise (node:diagnostics_channel:350:14)
2026-10-08T13:27:57.9655110Z     at ModuleLoader.import (node:internal/modules/esm/loader:679:21)
2026-10-08T13:27:57.9655221Z     at node:internal/modules/run_main:179:35 {
2026-10-08T13:27:57.9655309Z   code: 'ERR_MODULE_NOT_FOUND',
2026-10-08T13:27:57.9655534Z   url: 'file:///home/runner/work/tastetable/tastetable/tools/native_plan_to_week.mjs'
2026-10-08T13:27:57.9655605Z }
2026-10-08T13:27:57.9655610Z 
2026-10-08T13:27:57.9655691Z Node.js v22.23.3
2026-10-08T13:27:57.9656370Z SUBFAILED(destination='symlink.json') tests/test_native_plan_week.py::NativePlanWeekTests::test_existing_outputs_and_input_aliases_are_never_replaced - AssertionError: 1 != 2 : node:internal/modules/esm/resolve:275
2026-10-08T13:27:57.9656472Z     throw new ERR_MODULE_NOT_FOUND(
2026-10-08T13:27:57.9656549Z           ^
2026-10-08T13:27:57.9656553Z 
2026-10-08T13:27:57.9657490Z Error [ERR_MODULE_NOT_FOUND]: Cannot find module '/home/runner/work/tastetable/tastetable/tools/native_plan_to_week.mjs' imported from /tmp/tastetable-week-test-vxmy2syd/
2026-10-08T13:27:57.9657825Z     at finalizeResolution (node:internal/modules/esm/resolve:275:11)
2026-10-08T13:27:57.9658092Z     at moduleResolve (node:internal/modules/esm/resolve:865:10)
2026-10-08T13:27:57.9658366Z     at defaultResolve (node:internal/modules/esm/resolve:989:11)
2026-10-08T13:27:57.9658644Z     at #cachedDefaultResolve (node:internal/modules/esm/loader:747:20)
2026-10-08T13:27:57.9658826Z     at ModuleLoader.resolve (node:internal/modules/esm/loader:724:38)
2026-10-08T13:27:57.9659076Z     at ModuleLoader.getModuleJobForImport (node:internal/modules/esm/loader:320:38)
2026-10-08T13:27:57.9659291Z     at onImport.tracePromise.__proto__ (node:internal/modules/esm/loader:680:36)
2026-10-08T13:27:57.9659476Z     at TracingChannel.tracePromise (node:diagnostics_channel:350:14)
2026-10-08T13:27:57.9659649Z     at ModuleLoader.import (node:internal/modules/esm/loader:679:21)
2026-10-08T13:27:57.9659760Z     at node:internal/modules/run_main:179:35 {
2026-10-08T13:27:57.9660006Z   code: 'ERR_MODULE_NOT_FOUND',
2026-10-08T13:27:57.9660249Z   url: 'file:///home/runner/work/tastetable/tastetable/tools/native_plan_to_week.mjs'
2026-10-08T13:27:57.9660328Z }
2026-10-08T13:27:57.9660333Z 
2026-10-08T13:27:57.9660415Z Node.js v22.23.3
2026-10-08T13:27:57.9661126Z SUBFAILED(destination='dangling.json') tests/test_native_plan_week.py::NativePlanWeekTests::test_existing_outputs_and_input_aliases_are_never_replaced - AssertionError: 1 != 2 : node:internal/modules/esm/resolve:275
2026-10-08T13:27:57.9661234Z     throw new ERR_MODULE_NOT_FOUND(
2026-10-08T13:27:57.9661310Z           ^
2026-10-08T13:27:57.9661315Z 
2026-10-08T13:27:57.9661865Z Error [ERR_MODULE_NOT_FOUND]: Cannot find module '/home/runner/work/tastetable/tastetable/tools/native_plan_to_week.mjs' imported from /tmp/tastetable-week-test-vxmy2syd/
2026-10-08T13:27:57.9662042Z     at finalizeResolution (node:internal/modules/esm/resolve:275:11)
2026-10-08T13:27:57.9662210Z     at moduleResolve (node:internal/modules/esm/resolve:865:10)
2026-10-08T13:27:57.9662372Z     at defaultResolve (node:internal/modules/esm/resolve:989:11)
2026-10-08T13:27:57.9662552Z     at #cachedDefaultResolve (node:internal/modules/esm/loader:747:20)
2026-10-08T13:27:57.9662733Z     at ModuleLoader.resolve (node:internal/modules/esm/loader:724:38)
2026-10-08T13:27:57.9662971Z     at ModuleLoader.getModuleJobForImport (node:internal/modules/esm/loader:320:38)
2026-10-08T13:27:57.9663192Z     at onImport.tracePromise.__proto__ (node:internal/modules/esm/loader:680:36)
2026-10-08T13:27:57.9663489Z     at TracingChannel.tracePromise (node:diagnostics_channel:350:14)
2026-10-08T13:27:57.9663655Z     at ModuleLoader.import (node:internal/modules/esm/loader:679:21)
2026-10-08T13:27:57.9663774Z     at node:internal/modules/run_main:179:35 {
2026-10-08T13:27:57.9663866Z   code: 'ERR_MODULE_NOT_FOUND',
2026-10-08T13:27:57.9664098Z   url: 'file:///home/runner/work/tastetable/tastetable/tools/native_plan_to_week.mjs'
2026-10-08T13:27:57.9664170Z }
2026-10-08T13:27:57.9664178Z 
2026-10-08T13:27:57.9664263Z Node.js v22.23.3
2026-10-08T13:27:57.9665268Z SUBFAILED(destination='existing-directory') tests/test_native_plan_week.py::NativePlanWeekTests::test_existing_outputs_and_input_aliases_are_never_replaced - AssertionError: 1 != 2 : node:internal/modules/esm/resolve:275
2026-10-08T13:27:57.9665368Z     throw new ERR_MODULE_NOT_FOUND(
2026-10-08T13:27:57.9665444Z           ^
2026-10-08T13:27:57.9665449Z 
2026-10-08T13:27:57.9665996Z Error [ERR_MODULE_NOT_FOUND]: Cannot find module '/home/runner/work/tastetable/tastetable/tools/native_plan_to_week.mjs' imported from /tmp/tastetable-week-test-vxmy2syd/
2026-10-08T13:27:57.9666186Z     at finalizeResolution (node:internal/modules/esm/resolve:275:11)
2026-10-08T13:27:57.9666349Z     at moduleResolve (node:internal/modules/esm/resolve:865:10)
2026-10-08T13:27:57.9666505Z     at defaultResolve (node:internal/modules/esm/resolve:989:11)
2026-10-08T13:27:57.9666693Z     at #cachedDefaultResolve (node:internal/modules/esm/loader:747:20)
2026-10-08T13:27:57.9666866Z     at ModuleLoader.resolve (node:internal/modules/esm/loader:724:38)
2026-10-08T13:27:57.9667102Z     at ModuleLoader.getModuleJobForImport (node:internal/modules/esm/loader:320:38)
2026-10-08T13:27:57.9667316Z     at onImport.tracePromise.__proto__ (node:internal/modules/esm/loader:680:36)
2026-10-08T13:27:57.9667489Z     at TracingChannel.tracePromise (node:diagnostics_channel:350:14)
2026-10-08T13:27:57.9667659Z     at ModuleLoader.import (node:internal/modules/esm/loader:679:21)
2026-10-08T13:27:57.9667772Z     at node:internal/modules/run_main:179:35 {
2026-10-08T13:27:57.9667868Z   code: 'ERR_MODULE_NOT_FOUND',
2026-10-08T13:27:57.9668091Z   url: 'file:///home/runner/work/tastetable/tastetable/tools/native_plan_to_week.mjs'
2026-10-08T13:27:57.9668177Z }
2026-10-08T13:27:57.9668182Z 
2026-10-08T13:27:57.9668265Z Node.js v22.23.3
2026-10-08T13:27:57.9672566Z FAILED tests/test_native_plan_week.py::NativePlanWeekTests::test_existing_outputs_and_input_aliases_are_never_replaced - AssertionError: b'tastetable-week:' not found in b"node:internal/modules/esm/resolve:275\n    throw new ERR_MODULE_NOT_FOUND(\n          ^\n\nError [ERR_MODULE_NOT_FOUND]: Cannot find module '/home/runner/work/tastetable/tastetable/tools/native_plan_to_week.mjs' imported from /tmp/tastetable-week-test-vxmy2syd/\n    at finalizeResolution (node:internal/modules/esm/resolve:275:11)\n    at moduleResolve (node:internal/modules/esm/resolve:865:10)\n    at defaultResolve (node:internal/modules/esm/resolve:989:11)\n    at #cachedDefaultResolve (node:internal/modules/esm/loader:747:20)\n    at ModuleLoader.resolve (node:internal/modules/esm/loader:724:38)\n    at ModuleLoader.getModuleJobForImport (node:internal/modules/esm/loader:320:38)\n    at onImport.tracePromise.__proto__ (node:internal/modules/esm/loader:680:36)\n    at TracingChannel.tracePromise (node:diagnostics_channel:350:14)\n    at ModuleLoader.import (node:internal/modules/esm/loader:679:21)\n    at node:internal/modules/run_main:179:35 {\n  code: 'ERR_MODULE_NOT_FOUND',\n  url: 'file:///home/runner/work/tastetable/tastetable/tools/native_plan_to_week.mjs'\n}\n\nNode.js v22.23.3\n"
2026-10-08T13:27:57.9673223Z SUBFAILED(label='mode') tests/test_native_plan_week.py::NativePlanWeekTests::test_incompatible_complete_results_and_dates_publish_nothing - AssertionError: 1 != 2 : node:internal/modules/esm/resolve:275
2026-10-08T13:27:57.9673330Z     throw new ERR_MODULE_NOT_FOUND(
2026-10-08T13:27:57.9673410Z           ^
2026-10-08T13:27:57.9673415Z 
2026-10-08T13:27:57.9674111Z Error [ERR_MODULE_NOT_FOUND]: Cannot find module '/home/runner/work/tastetable/tastetable/tools/native_plan_to_week.mjs' imported from /tmp/tastetable-week-test-3ceebvtg/
2026-10-08T13:27:57.9674563Z     at finalizeResolution (node:internal/modules/esm/resolve:275:11)
2026-10-08T13:27:57.9674823Z     at moduleResolve (node:internal/modules/esm/resolve:865:10)
2026-10-08T13:27:57.9674992Z     at defaultResolve (node:internal/modules/esm/resolve:989:11)
2026-10-08T13:27:57.9675186Z     at #cachedDefaultResolve (node:internal/modules/esm/loader:747:20)
2026-10-08T13:27:57.9675365Z     at ModuleLoader.resolve (node:internal/modules/esm/loader:724:38)
2026-10-08T13:27:57.9675609Z     at ModuleLoader.getModuleJobForImport (node:internal/modules/esm/loader:320:38)
2026-10-08T13:27:57.9675819Z     at onImport.tracePromise.__proto__ (node:internal/modules/esm/loader:680:36)
2026-10-08T13:27:57.9676002Z     at TracingChannel.tracePromise (node:diagnostics_channel:350:14)
2026-10-08T13:27:57.9676171Z     at ModuleLoader.import (node:internal/modules/esm/loader:679:21)
2026-10-08T13:27:57.9676295Z     at node:internal/modules/run_main:179:35 {
2026-10-08T13:27:57.9676401Z   code: 'ERR_MODULE_NOT_FOUND',
2026-10-08T13:27:57.9676636Z   url: 'file:///home/runner/work/tastetable/tastetable/tools/native_plan_to_week.mjs'
2026-10-08T13:27:57.9676714Z }
2026-10-08T13:27:57.9676719Z 
2026-10-08T13:27:57.9676798Z Node.js v22.23.3
2026-10-08T13:27:57.9677492Z SUBFAILED(label='policy') tests/test_native_plan_week.py::NativePlanWeekTests::test_incompatible_complete_results_and_dates_publish_nothing - AssertionError: 1 != 2 : node:internal/modules/esm/resolve:275
2026-10-08T13:27:57.9677593Z     throw new ERR_MODULE_NOT_FOUND(
2026-10-08T13:27:57.9677668Z           ^
2026-10-08T13:27:57.9677672Z 
2026-10-08T13:27:57.9678228Z Error [ERR_MODULE_NOT_FOUND]: Cannot find module '/home/runner/work/tastetable/tastetable/tools/native_plan_to_week.mjs' imported from /tmp/tastetable-week-test-3ceebvtg/
2026-10-08T13:27:57.9678403Z     at finalizeResolution (node:internal/modules/esm/resolve:275:11)
2026-10-08T13:27:57.9678569Z     at moduleResolve (node:internal/modules/esm/resolve:865:10)
2026-10-08T13:27:57.9678731Z     at defaultResolve (node:internal/modules/esm/resolve:989:11)
2026-10-08T13:27:57.9678911Z     at #cachedDefaultResolve (node:internal/modules/esm/loader:747:20)
2026-10-08T13:27:57.9679091Z     at ModuleLoader.resolve (node:internal/modules/esm/loader:724:38)
2026-10-08T13:27:57.9679466Z     at ModuleLoader.getModuleJobForImport (node:internal/modules/esm/loader:320:38)
2026-10-08T13:27:57.9679695Z     at onImport.tracePromise.__proto__ (node:internal/modules/esm/loader:680:36)
2026-10-08T13:27:57.9679874Z     at TracingChannel.tracePromise (node:diagnostics_channel:350:14)
2026-10-08T13:27:57.9680045Z     at ModuleLoader.import (node:internal/modules/esm/loader:679:21)
2026-10-08T13:27:57.9680161Z     at node:internal/modules/run_main:179:35 {
2026-10-08T13:27:57.9680255Z   code: 'ERR_MODULE_NOT_FOUND',
2026-10-08T13:27:57.9680489Z   url: 'file:///home/runner/work/tastetable/tastetable/tools/native_plan_to_week.mjs'
2026-10-08T13:27:57.9680561Z }
2026-10-08T13:27:57.9680565Z 
2026-10-08T13:27:57.9680653Z Node.js v22.23.3
2026-10-08T13:27:57.9681327Z SUBFAILED(label='transport') tests/test_native_plan_week.py::NativePlanWeekTests::test_incompatible_complete_results_and_dates_publish_nothing - AssertionError: 1 != 2 : node:internal/modules/esm/resolve:275
2026-10-08T13:27:57.9681427Z     throw new ERR_MODULE_NOT_FOUND(
2026-10-08T13:27:57.9681505Z           ^
2026-10-08T13:27:57.9681510Z 
2026-10-08T13:27:57.9682047Z Error [ERR_MODULE_NOT_FOUND]: Cannot find module '/home/runner/work/tastetable/tastetable/tools/native_plan_to_week.mjs' imported from /tmp/tastetable-week-test-3ceebvtg/
2026-10-08T13:27:57.9682224Z     at finalizeResolution (node:internal/modules/esm/resolve:275:11)
2026-10-08T13:27:57.9682385Z     at moduleResolve (node:internal/modules/esm/resolve:865:10)
2026-10-08T13:27:57.9682539Z     at defaultResolve (node:internal/modules/esm/resolve:989:11)
2026-10-08T13:27:57.9682832Z     at #cachedDefaultResolve (node:internal/modules/esm/loader:747:20)
2026-10-08T13:27:57.9683003Z     at ModuleLoader.resolve (node:internal/modules/esm/loader:724:38)
2026-10-08T13:27:57.9683237Z     at ModuleLoader.getModuleJobForImport (node:internal/modules/esm/loader:320:38)
2026-10-08T13:27:57.9683444Z     at onImport.tracePromise.__proto__ (node:internal/modules/esm/loader:680:36)
2026-10-08T13:27:57.9683629Z     at TracingChannel.tracePromise (node:diagnostics_channel:350:14)
2026-10-08T13:27:57.9683804Z     at ModuleLoader.import (node:internal/modules/esm/loader:679:21)
2026-10-08T13:27:57.9683912Z     at node:internal/modules/run_main:179:35 {
2026-10-08T13:27:57.9684008Z   code: 'ERR_MODULE_NOT_FOUND',
2026-10-08T13:27:57.9684231Z   url: 'file:///home/runner/work/tastetable/tastetable/tools/native_plan_to_week.mjs'
2026-10-08T13:27:57.9684453Z }
2026-10-08T13:27:57.9684460Z 
2026-10-08T13:27:57.9684540Z Node.js v22.23.3
2026-10-08T13:27:57.9685196Z SUBFAILED(label='data') tests/test_native_plan_week.py::NativePlanWeekTests::test_incompatible_complete_results_and_dates_publish_nothing - AssertionError: 1 != 2 : node:internal/modules/esm/resolve:275
2026-10-08T13:27:57.9685294Z     throw new ERR_MODULE_NOT_FOUND(
2026-10-08T13:27:57.9685368Z           ^
2026-10-08T13:27:57.9685373Z 
2026-10-08T13:27:57.9685920Z Error [ERR_MODULE_NOT_FOUND]: Cannot find module '/home/runner/work/tastetable/tastetable/tools/native_plan_to_week.mjs' imported from /tmp/tastetable-week-test-3ceebvtg/
2026-10-08T13:27:57.9686100Z     at finalizeResolution (node:internal/modules/esm/resolve:275:11)
2026-10-08T13:27:57.9686253Z     at moduleResolve (node:internal/modules/esm/resolve:865:10)
2026-10-08T13:27:57.9686413Z     at defaultResolve (node:internal/modules/esm/resolve:989:11)
2026-10-08T13:27:57.9686591Z     at #cachedDefaultResolve (node:internal/modules/esm/loader:747:20)
2026-10-08T13:27:57.9686772Z     at ModuleLoader.resolve (node:internal/modules/esm/loader:724:38)
2026-10-08T13:27:57.9687004Z     at ModuleLoader.getModuleJobForImport (node:internal/modules/esm/loader:320:38)
2026-10-08T13:27:57.9687220Z     at onImport.tracePromise.__proto__ (node:internal/modules/esm/loader:680:36)
2026-10-08T13:27:57.9687402Z     at TracingChannel.tracePromise (node:diagnostics_channel:350:14)
2026-10-08T13:27:57.9687567Z     at ModuleLoader.import (node:internal/modules/esm/loader:679:21)
2026-10-08T13:27:57.9687798Z     at node:internal/modules/run_main:179:35 {
2026-10-08T13:27:57.9687892Z   code: 'ERR_MODULE_NOT_FOUND',
2026-10-08T13:27:57.9688117Z   url: 'file:///home/runner/work/tastetable/tastetable/tools/native_plan_to_week.mjs'
2026-10-08T13:27:57.9688191Z }
2026-10-08T13:27:57.9688201Z 
2026-10-08T13:27:57.9688279Z Node.js v22.23.3
2026-10-08T13:27:57.9688935Z SUBFAILED(label='checks') tests/test_native_plan_week.py::NativePlanWeekTests::test_incompatible_complete_results_and_dates_publish_nothing - AssertionError: 1 != 2 : node:internal/modules/esm/resolve:275
2026-10-08T13:27:57.9689032Z     throw new ERR_MODULE_NOT_FOUND(
2026-10-08T13:27:57.9689111Z           ^
2026-10-08T13:27:57.9689116Z 
2026-10-08T13:27:57.9689649Z Error [ERR_MODULE_NOT_FOUND]: Cannot find module '/home/runner/work/tastetable/tastetable/tools/native_plan_to_week.mjs' imported from /tmp/tastetable-week-test-3ceebvtg/
2026-10-08T13:27:57.9689824Z     at finalizeResolution (node:internal/modules/esm/resolve:275:11)
2026-10-08T13:27:57.9689980Z     at moduleResolve (node:internal/modules/esm/resolve:865:10)
2026-10-08T13:27:57.9690133Z     at defaultResolve (node:internal/modules/esm/resolve:989:11)
2026-10-08T13:27:57.9690311Z     at #cachedDefaultResolve (node:internal/modules/esm/loader:747:20)
2026-10-08T13:27:57.9690479Z     at ModuleLoader.resolve (node:internal/modules/esm/loader:724:38)
2026-10-08T13:27:57.9690715Z     at ModuleLoader.getModuleJobForImport (node:internal/modules/esm/loader:320:38)
2026-10-08T13:27:57.9690927Z     at onImport.tracePromise.__proto__ (node:internal/modules/esm/loader:680:36)
2026-10-08T13:27:57.9691216Z     at TracingChannel.tracePromise (node:diagnostics_channel:350:14)
2026-10-08T13:27:57.9691387Z     at ModuleLoader.import (node:internal/modules/esm/loader:679:21)
2026-10-08T13:27:57.9691493Z     at node:internal/modules/run_main:179:35 {
2026-10-08T13:27:57.9691592Z   code: 'ERR_MODULE_NOT_FOUND',
2026-10-08T13:27:57.9691810Z   url: 'file:///home/runner/work/tastetable/tastetable/tools/native_plan_to_week.mjs'
2026-10-08T13:27:57.9691888Z }
2026-10-08T13:27:57.9691893Z 
2026-10-08T13:27:57.9691978Z Node.js v22.23.3
2026-10-08T13:27:57.9692621Z SUBFAILED(label='mock') tests/test_native_plan_week.py::NativePlanWeekTests::test_incompatible_complete_results_and_dates_publish_nothing - AssertionError: 1 != 2 : node:internal/modules/esm/resolve:275
2026-10-08T13:27:57.9692722Z     throw new ERR_MODULE_NOT_FOUND(
2026-10-08T13:27:57.9692793Z           ^
2026-10-08T13:27:57.9692798Z 
2026-10-08T13:27:57.9693338Z Error [ERR_MODULE_NOT_FOUND]: Cannot find module '/home/runner/work/tastetable/tastetable/tools/native_plan_to_week.mjs' imported from /tmp/tastetable-week-test-3ceebvtg/
2026-10-08T13:27:57.9693517Z     at finalizeResolution (node:internal/modules/esm/resolve:275:11)
2026-10-08T13:27:57.9693666Z     at moduleResolve (node:internal/modules/esm/resolve:865:10)
2026-10-08T13:27:57.9693828Z     at defaultResolve (node:internal/modules/esm/resolve:989:11)
2026-10-08T13:27:57.9694004Z     at #cachedDefaultResolve (node:internal/modules/esm/loader:747:20)
2026-10-08T13:27:57.9694181Z     at ModuleLoader.resolve (node:internal/modules/esm/loader:724:38)
2026-10-08T13:27:57.9694547Z     at ModuleLoader.getModuleJobForImport (node:internal/modules/esm/loader:320:38)
2026-10-08T13:27:57.9694754Z     at onImport.tracePromise.__proto__ (node:internal/modules/esm/loader:680:36)
2026-10-08T13:27:57.9694930Z     at TracingChannel.tracePromise (node:diagnostics_channel:350:14)
2026-10-08T13:27:57.9695093Z     at ModuleLoader.import (node:internal/modules/esm/loader:679:21)
2026-10-08T13:27:57.9695205Z     at node:internal/modules/run_main:179:35 {
2026-10-08T13:27:57.9695293Z   code: 'ERR_MODULE_NOT_FOUND',
2026-10-08T13:27:57.9695516Z   url: 'file:///home/runner/work/tastetable/tastetable/tools/native_plan_to_week.mjs'
2026-10-08T13:27:57.9695588Z }
2026-10-08T13:27:57.9695592Z 
2026-10-08T13:27:57.9695669Z Node.js v22.23.3
2026-10-08T13:27:57.9696469Z SUBFAILED(label='missing_marker') tests/test_native_plan_week.py::NativePlanWeekTests::test_incompatible_complete_results_and_dates_publish_nothing - AssertionError: 1 != 2 : node:internal/modules/esm/resolve:275
2026-10-08T13:27:57.9696565Z     throw new ERR_MODULE_NOT_FOUND(
2026-10-08T13:27:57.9696642Z           ^
2026-10-08T13:27:57.9696647Z 
2026-10-08T13:27:57.9697186Z Error [ERR_MODULE_NOT_FOUND]: Cannot find module '/home/runner/work/tastetable/tastetable/tools/native_plan_to_week.mjs' imported from /tmp/tastetable-week-test-3ceebvtg/
2026-10-08T13:27:57.9697354Z     at finalizeResolution (node:internal/modules/esm/resolve:275:11)
2026-10-08T13:27:57.9697513Z     at moduleResolve (node:internal/modules/esm/resolve:865:10)
2026-10-08T13:27:57.9697666Z     at defaultResolve (node:internal/modules/esm/resolve:989:11)
2026-10-08T13:27:57.9697887Z     at #cachedDefaultResolve (node:internal/modules/esm/loader:747:20)
2026-10-08T13:27:57.9698065Z     at ModuleLoader.resolve (node:internal/modules/esm/loader:724:38)
2026-10-08T13:27:57.9698297Z     at ModuleLoader.getModuleJobForImport (node:internal/modules/esm/loader:320:38)
2026-10-08T13:27:57.9698509Z     at onImport.tracePromise.__proto__ (node:internal/modules/esm/loader:680:36)
2026-10-08T13:27:57.9698681Z     at TracingChannel.tracePromise (node:diagnostics_channel:350:14)
2026-10-08T13:27:57.9698850Z     at ModuleLoader.import (node:internal/modules/esm/loader:679:21)
2026-10-08T13:27:57.9698956Z     at node:internal/modules/run_main:179:35 {
2026-10-08T13:27:57.9699049Z   code: 'ERR_MODULE_NOT_FOUND',
2026-10-08T13:27:57.9699273Z   url: 'file:///home/runner/work/tastetable/tastetable/tools/native_plan_to_week.mjs'
2026-10-08T13:27:57.9699459Z }
2026-10-08T13:27:57.9699463Z 
2026-10-08T13:27:57.9699544Z Node.js v22.23.3
2026-10-08T13:27:57.9700237Z SUBFAILED(label='profile_constraints') tests/test_native_plan_week.py::NativePlanWeekTests::test_incompatible_complete_results_and_dates_publish_nothing - AssertionError: 1 != 2 : node:internal/modules/esm/resolve:275
2026-10-08T13:27:57.9700338Z     throw new ERR_MODULE_NOT_FOUND(
2026-10-08T13:27:57.9700417Z           ^
2026-10-08T13:27:57.9700422Z 
2026-10-08T13:27:57.9700960Z Error [ERR_MODULE_NOT_FOUND]: Cannot find module '/home/runner/work/tastetable/tastetable/tools/native_plan_to_week.mjs' imported from /tmp/tastetable-week-test-3ceebvtg/
2026-10-08T13:27:57.9701136Z     at finalizeResolution (node:internal/modules/esm/resolve:275:11)
2026-10-08T13:27:57.9701283Z     at moduleResolve (node:internal/modules/esm/resolve:865:10)
2026-10-08T13:27:57.9701440Z     at defaultResolve (node:internal/modules/esm/resolve:989:11)
2026-10-08T13:27:57.9701622Z     at #cachedDefaultResolve (node:internal/modules/esm/loader:747:20)
2026-10-08T13:27:57.9701790Z     at ModuleLoader.resolve (node:internal/modules/esm/loader:724:38)
2026-10-08T13:27:57.9702020Z     at ModuleLoader.getModuleJobForImport (node:internal/modules/esm/loader:320:38)
2026-10-08T13:27:57.9702225Z     at onImport.tracePromise.__proto__ (node:internal/modules/esm/loader:680:36)
2026-10-08T13:27:57.9702407Z     at TracingChannel.tracePromise (node:diagnostics_channel:350:14)
2026-10-08T13:27:57.9702571Z     at ModuleLoader.import (node:internal/modules/esm/loader:679:21)
2026-10-08T13:27:57.9702683Z     at node:internal/modules/run_main:179:35 {
2026-10-08T13:27:57.9702775Z   code: 'ERR_MODULE_NOT_FOUND',
2026-10-08T13:27:57.9702991Z   url: 'file:///home/runner/work/tastetable/tastetable/tools/native_plan_to_week.mjs'
2026-10-08T13:27:57.9703065Z }
2026-10-08T13:27:57.9703069Z 
2026-10-08T13:27:57.9703147Z Node.js v22.23.3
2026-10-08T13:27:57.9703854Z SUBFAILED(label='bad_profile') tests/test_native_plan_week.py::NativePlanWeekTests::test_incompatible_complete_results_and_dates_publish_nothing - AssertionError: 1 != 2 : node:internal/modules/esm/resolve:275
2026-10-08T13:27:57.9703953Z     throw new ERR_MODULE_NOT_FOUND(
2026-10-08T13:27:57.9704022Z           ^
2026-10-08T13:27:57.9704027Z 
2026-10-08T13:27:57.9704821Z Error [ERR_MODULE_NOT_FOUND]: Cannot find module '/home/runner/work/tastetable/tastetable/tools/native_plan_to_week.mjs' imported from /tmp/tastetable-week-test-3ceebvtg/
2026-10-08T13:27:57.9704997Z     at finalizeResolution (node:internal/modules/esm/resolve:275:11)
2026-10-08T13:27:57.9705151Z     at moduleResolve (node:internal/modules/esm/resolve:865:10)
2026-10-08T13:27:57.9705305Z     at defaultResolve (node:internal/modules/esm/resolve:989:11)
2026-10-08T13:27:57.9705480Z     at #cachedDefaultResolve (node:internal/modules/esm/loader:747:20)
2026-10-08T13:27:57.9705656Z     at ModuleLoader.resolve (node:internal/modules/esm/loader:724:38)
2026-10-08T13:27:57.9705886Z     at ModuleLoader.getModuleJobForImport (node:internal/modules/esm/loader:320:38)
2026-10-08T13:27:57.9706094Z     at onImport.tracePromise.__proto__ (node:internal/modules/esm/loader:680:36)
2026-10-08T13:27:57.9706265Z     at TracingChannel.tracePromise (node:diagnostics_channel:350:14)
2026-10-08T13:27:57.9706435Z     at ModuleLoader.import (node:internal/modules/esm/loader:679:21)
2026-10-08T13:27:57.9706546Z     at node:internal/modules/run_main:179:35 {
2026-10-08T13:27:57.9706636Z   code: 'ERR_MODULE_NOT_FOUND',
2026-10-08T13:27:57.9706862Z   url: 'file:///home/runner/work/tastetable/tastetable/tools/native_plan_to_week.mjs'
2026-10-08T13:27:57.9706931Z }
2026-10-08T13:27:57.9706935Z 
2026-10-08T13:27:57.9707019Z Node.js v22.23.3
2026-10-08T13:27:57.9707707Z SUBFAILED(label='late_invalid_trace') tests/test_native_plan_week.py::NativePlanWeekTests::test_incompatible_complete_results_and_dates_publish_nothing - AssertionError: 1 != 2 : node:internal/modules/esm/resolve:275
2026-10-08T13:27:57.9707911Z     throw new ERR_MODULE_NOT_FOUND(
2026-10-08T13:27:57.9707988Z           ^
2026-10-08T13:27:57.9707994Z 
2026-10-08T13:27:57.9708535Z Error [ERR_MODULE_NOT_FOUND]: Cannot find module '/home/runner/work/tastetable/tastetable/tools/native_plan_to_week.mjs' imported from /tmp/tastetable-week-test-3ceebvtg/
2026-10-08T13:27:57.9708714Z     at finalizeResolution (node:internal/modules/esm/resolve:275:11)
2026-10-08T13:27:57.9708872Z     at moduleResolve (node:internal/modules/esm/resolve:865:10)
2026-10-08T13:27:57.9709027Z     at defaultResolve (node:internal/modules/esm/resolve:989:11)
2026-10-08T13:27:57.9709204Z     at #cachedDefaultResolve (node:internal/modules/esm/loader:747:20)
2026-10-08T13:27:57.9709378Z     at ModuleLoader.resolve (node:internal/modules/esm/loader:724:38)
2026-10-08T13:27:57.9709613Z     at ModuleLoader.getModuleJobForImport (node:internal/modules/esm/loader:320:38)
2026-10-08T13:27:57.9709815Z     at onImport.tracePromise.__proto__ (node:internal/modules/esm/loader:680:36)
2026-10-08T13:27:57.9709996Z     at TracingChannel.tracePromise (node:diagnostics_channel:350:14)
2026-10-08T13:27:57.9710169Z     at ModuleLoader.import (node:internal/modules/esm/loader:679:21)
2026-10-08T13:27:57.9710273Z     at node:internal/modules/run_main:179:35 {
2026-10-08T13:27:57.9710369Z   code: 'ERR_MODULE_NOT_FOUND',
2026-10-08T13:27:57.9710585Z   url: 'file:///home/runner/work/tastetable/tastetable/tools/native_plan_to_week.mjs'
2026-10-08T13:27:57.9710658Z }
2026-10-08T13:27:57.9710666Z 
2026-10-08T13:27:57.9710747Z Node.js v22.23.3
2026-10-08T13:27:57.9711397Z SUBFAILED(label='bad_count') tests/test_native_plan_week.py::NativePlanWeekTests::test_incompatible_complete_results_and_dates_publish_nothing - AssertionError: 1 != 2 : node:internal/modules/esm/resolve:275
2026-10-08T13:27:57.9711492Z     throw new ERR_MODULE_NOT_FOUND(
2026-10-08T13:27:57.9711560Z           ^
2026-10-08T13:27:57.9711565Z 
2026-10-08T13:27:57.9712100Z Error [ERR_MODULE_NOT_FOUND]: Cannot find module '/home/runner/work/tastetable/tastetable/tools/native_plan_to_week.mjs' imported from /tmp/tastetable-week-test-3ceebvtg/
2026-10-08T13:27:57.9712275Z     at finalizeResolution (node:internal/modules/esm/resolve:275:11)
2026-10-08T13:27:57.9712422Z     at moduleResolve (node:internal/modules/esm/resolve:865:10)
2026-10-08T13:27:57.9712577Z     at defaultResolve (node:internal/modules/esm/resolve:989:11)
2026-10-08T13:27:57.9712749Z     at #cachedDefaultResolve (node:internal/modules/esm/loader:747:20)
2026-10-08T13:27:57.9713005Z     at ModuleLoader.resolve (node:internal/modules/esm/loader:724:38)
2026-10-08T13:27:57.9713238Z     at ModuleLoader.getModuleJobForImport (node:internal/modules/esm/loader:320:38)
2026-10-08T13:27:57.9713446Z     at onImport.tracePromise.__proto__ (node:internal/modules/esm/loader:680:36)
2026-10-08T13:27:57.9713624Z     at TracingChannel.tracePromise (node:diagnostics_channel:350:14)
2026-10-08T13:27:57.9713788Z     at ModuleLoader.import (node:internal/modules/esm/loader:679:21)
2026-10-08T13:27:57.9713903Z     at node:internal/modules/run_main:179:35 {
2026-10-08T13:27:57.9713991Z   code: 'ERR_MODULE_NOT_FOUND',
2026-10-08T13:27:57.9714215Z   url: 'file:///home/runner/work/tastetable/tastetable/tools/native_plan_to_week.mjs'
2026-10-08T13:27:57.9714453Z }
2026-10-08T13:27:57.9714474Z 
2026-10-08T13:27:57.9714596Z Node.js v22.23.3
2026-10-08T13:27:57.9715303Z SUBFAILED(date='2026-02-30') tests/test_native_plan_week.py::NativePlanWeekTests::test_incompatible_complete_results_and_dates_publish_nothing - AssertionError: 1 != 2 : node:internal/modules/esm/resolve:275
2026-10-08T13:27:57.9715401Z     throw new ERR_MODULE_NOT_FOUND(
2026-10-08T13:27:57.9715479Z           ^
2026-10-08T13:27:57.9715484Z 
2026-10-08T13:27:57.9716024Z Error [ERR_MODULE_NOT_FOUND]: Cannot find module '/home/runner/work/tastetable/tastetable/tools/native_plan_to_week.mjs' imported from /tmp/tastetable-week-test-3ceebvtg/
2026-10-08T13:27:57.9716195Z     at finalizeResolution (node:internal/modules/esm/resolve:275:11)
2026-10-08T13:27:57.9716488Z     at moduleResolve (node:internal/modules/esm/resolve:865:10)
2026-10-08T13:27:57.9716643Z     at defaultResolve (node:internal/modules/esm/resolve:989:11)
2026-10-08T13:27:57.9716826Z     at #cachedDefaultResolve (node:internal/modules/esm/loader:747:20)
2026-10-08T13:27:57.9716995Z     at ModuleLoader.resolve (node:internal/modules/esm/loader:724:38)
2026-10-08T13:27:57.9717235Z     at ModuleLoader.getModuleJobForImport (node:internal/modules/esm/loader:320:38)
2026-10-08T13:27:57.9717455Z     at onImport.tracePromise.__proto__ (node:internal/modules/esm/loader:680:36)
2026-10-08T13:27:57.9717631Z     at TracingChannel.tracePromise (node:diagnostics_channel:350:14)
2026-10-08T13:27:57.9717803Z     at ModuleLoader.import (node:internal/modules/esm/loader:679:21)
2026-10-08T13:27:57.9717911Z     at node:internal/modules/run_main:179:35 {
2026-10-08T13:27:57.9718012Z   code: 'ERR_MODULE_NOT_FOUND',
2026-10-08T13:27:57.9718242Z   url: 'file:///home/runner/work/tastetable/tastetable/tools/native_plan_to_week.mjs'
2026-10-08T13:27:57.9718318Z }
2026-10-08T13:27:57.9718323Z 
2026-10-08T13:27:57.9718407Z Node.js v22.23.3
2026-10-08T13:27:57.9719065Z SUBFAILED(date='not-a-date') tests/test_native_plan_week.py::NativePlanWeekTests::test_incompatible_complete_results_and_dates_publish_nothing - AssertionError: 1 != 2 : node:internal/modules/esm/resolve:275
2026-10-08T13:27:57.9719164Z     throw new ERR_MODULE_NOT_FOUND(
2026-10-08T13:27:57.9719235Z           ^
2026-10-08T13:27:57.9719243Z 
2026-10-08T13:27:57.9719791Z Error [ERR_MODULE_NOT_FOUND]: Cannot find module '/home/runner/work/tastetable/tastetable/tools/native_plan_to_week.mjs' imported from /tmp/tastetable-week-test-3ceebvtg/
2026-10-08T13:27:57.9719968Z     at finalizeResolution (node:internal/modules/esm/resolve:275:11)
2026-10-08T13:27:57.9720118Z     at moduleResolve (node:internal/modules/esm/resolve:865:10)
2026-10-08T13:27:57.9720281Z     at defaultResolve (node:internal/modules/esm/resolve:989:11)
2026-10-08T13:27:57.9720457Z     at #cachedDefaultResolve (node:internal/modules/esm/loader:747:20)
2026-10-08T13:27:57.9720639Z     at ModuleLoader.resolve (node:internal/modules/esm/loader:724:38)
2026-10-08T13:27:57.9720875Z     at ModuleLoader.getModuleJobForImport (node:internal/modules/esm/loader:320:38)
2026-10-08T13:27:57.9721082Z     at onImport.tracePromise.__proto__ (node:internal/modules/esm/loader:680:36)
2026-10-08T13:27:57.9721262Z     at TracingChannel.tracePromise (node:diagnostics_channel:350:14)
2026-10-08T13:27:57.9721542Z     at ModuleLoader.import (node:internal/modules/esm/loader:679:21)
2026-10-08T13:27:57.9721660Z     at node:internal/modules/run_main:179:35 {
2026-10-08T13:27:57.9721750Z   code: 'ERR_MODULE_NOT_FOUND',
2026-10-08T13:27:57.9721977Z   url: 'file:///home/runner/work/tastetable/tastetable/tools/native_plan_to_week.mjs'
2026-10-08T13:27:57.9722055Z }
2026-10-08T13:27:57.9722059Z 
2026-10-08T13:27:57.9722136Z Node.js v22.23.3
2026-10-08T13:27:57.9722785Z SUBFAILED(date='9999-12-31') tests/test_native_plan_week.py::NativePlanWeekTests::test_incompatible_complete_results_and_dates_publish_nothing - AssertionError: 1 != 2 : node:internal/modules/esm/resolve:275
2026-10-08T13:27:57.9722882Z     throw new ERR_MODULE_NOT_FOUND(
2026-10-08T13:27:57.9722961Z           ^
2026-10-08T13:27:57.9722967Z 
2026-10-08T13:27:57.9723503Z Error [ERR_MODULE_NOT_FOUND]: Cannot find module '/home/runner/work/tastetable/tastetable/tools/native_plan_to_week.mjs' imported from /tmp/tastetable-week-test-3ceebvtg/
2026-10-08T13:27:57.9723675Z     at finalizeResolution (node:internal/modules/esm/resolve:275:11)
2026-10-08T13:27:57.9723831Z     at moduleResolve (node:internal/modules/esm/resolve:865:10)
2026-10-08T13:27:57.9723986Z     at defaultResolve (node:internal/modules/esm/resolve:989:11)
2026-10-08T13:27:57.9724169Z     at #cachedDefaultResolve (node:internal/modules/esm/loader:747:20)
2026-10-08T13:27:57.9724494Z     at ModuleLoader.resolve (node:internal/modules/esm/loader:724:38)
2026-10-08T13:27:57.9724725Z     at ModuleLoader.getModuleJobForImport (node:internal/modules/esm/loader:320:38)
2026-10-08T13:27:57.9725059Z     at onImport.tracePromise.__proto__ (node:internal/modules/esm/loader:680:36)
2026-10-08T13:27:57.9725229Z     at TracingChannel.tracePromise (node:diagnostics_channel:350:14)
2026-10-08T13:27:57.9725399Z     at ModuleLoader.import (node:internal/modules/esm/loader:679:21)
2026-10-08T13:27:57.9725510Z     at node:internal/modules/run_main:179:35 {
2026-10-08T13:27:57.9725602Z   code: 'ERR_MODULE_NOT_FOUND',
2026-10-08T13:27:57.9725827Z   url: 'file:///home/runner/work/tastetable/tastetable/tools/native_plan_to_week.mjs'
2026-10-08T13:27:57.9725896Z }
2026-10-08T13:27:57.9725900Z 
2026-10-08T13:27:57.9725982Z Node.js v22.23.3
2026-10-08T13:27:57.9726558Z FAILED tests/test_native_plan_week.py::NativePlanWeekTests::test_literal_response_fields_and_original_order_survive - AssertionError: 1 != 0 : node:internal/modules/esm/resolve:275
2026-10-08T13:27:57.9726656Z     throw new ERR_MODULE_NOT_FOUND(
2026-10-08T13:27:57.9726734Z           ^
2026-10-08T13:27:57.9726738Z 
2026-10-08T13:27:57.9727271Z Error [ERR_MODULE_NOT_FOUND]: Cannot find module '/home/runner/work/tastetable/tastetable/tools/native_plan_to_week.mjs' imported from /tmp/tastetable-week-test-k4ehzwra/
2026-10-08T13:27:57.9727446Z     at finalizeResolution (node:internal/modules/esm/resolve:275:11)
2026-10-08T13:27:57.9727596Z     at moduleResolve (node:internal/modules/esm/resolve:865:10)
2026-10-08T13:27:57.9727756Z     at defaultResolve (node:internal/modules/esm/resolve:989:11)
2026-10-08T13:27:57.9727935Z     at #cachedDefaultResolve (node:internal/modules/esm/loader:747:20)
2026-10-08T13:27:57.9728105Z     at ModuleLoader.resolve (node:internal/modules/esm/loader:724:38)
2026-10-08T13:27:57.9728335Z     at ModuleLoader.getModuleJobForImport (node:internal/modules/esm/loader:320:38)
2026-10-08T13:27:57.9728539Z     at onImport.tracePromise.__proto__ (node:internal/modules/esm/loader:680:36)
2026-10-08T13:27:57.9728717Z     at TracingChannel.tracePromise (node:diagnostics_channel:350:14)
2026-10-08T13:27:57.9728883Z     at ModuleLoader.import (node:internal/modules/esm/loader:679:21)
2026-10-08T13:27:57.9728993Z     at node:internal/modules/run_main:179:35 {
2026-10-08T13:27:57.9729085Z   code: 'ERR_MODULE_NOT_FOUND',
2026-10-08T13:27:57.9729306Z   url: 'file:///home/runner/work/tastetable/tastetable/tools/native_plan_to_week.mjs'
2026-10-08T13:27:57.9729379Z }
2026-10-08T13:27:57.9729383Z 
2026-10-08T13:27:57.9729461Z Node.js v22.23.3
2026-10-08T13:27:57.9732523Z FAILED tests/test_native_plan_week.py::NativePlanWeekTests::test_real_partial_write_failure_leaves_no_output_or_temporary_files - AssertionError: b'tastetable-week:' not found in b"node:internal/modules/cjs/loader:1433\n  throw err;\n  ^\n\nError: Cannot find module '/home/runner/work/tastetable/tastetable/tools/native_plan_to_week.mjs'\n    at Function._resolveFilename (node:internal/modules/cjs/loader:1430:15)\n    at defaultResolveImpl (node:internal/modules/cjs/loader:1040:19)\n    at resolveForCJSWithHooks (node:internal/modules/cjs/loader:1045:22)\n    at Function._load (node:internal/modules/cjs/loader:1216:25)\n    at wrapModuleLoad (node:internal/modules/cjs/loader:254:19)\n    at Function.executeUserEntryPoint [as runMain] (node:internal/modules/run_main:171:5)\n    at node:internal/main/run_main_module:36:49 {\n  code: 'MODULE_NOT_FOUND',\n  requireStack: []\n}\n\nNode.js v22.23.3\n"
2026-10-08T13:27:57.9733082Z FAILED tests/test_native_plan_week.py::NativePlanWeekTests::test_separate_conversions_get_new_file_identity - AssertionError: 1 != 0 : node:internal/modules/esm/resolve:275
2026-10-08T13:27:57.9733180Z     throw new ERR_MODULE_NOT_FOUND(
2026-10-08T13:27:57.9733251Z           ^
2026-10-08T13:27:57.9733256Z 
2026-10-08T13:27:57.9733791Z Error [ERR_MODULE_NOT_FOUND]: Cannot find module '/home/runner/work/tastetable/tastetable/tools/native_plan_to_week.mjs' imported from /tmp/tastetable-week-test-nf_17k02/
2026-10-08T13:27:57.9733956Z     at finalizeResolution (node:internal/modules/esm/resolve:275:11)
2026-10-08T13:27:57.9734189Z     at moduleResolve (node:internal/modules/esm/resolve:865:10)
2026-10-08T13:27:57.9734471Z     at defaultResolve (node:internal/modules/esm/resolve:989:11)
2026-10-08T13:27:57.9734646Z     at #cachedDefaultResolve (node:internal/modules/esm/loader:747:20)
2026-10-08T13:27:57.9734822Z     at ModuleLoader.resolve (node:internal/modules/esm/loader:724:38)
2026-10-08T13:27:57.9735054Z     at ModuleLoader.getModuleJobForImport (node:internal/modules/esm/loader:320:38)
2026-10-08T13:27:57.9735267Z     at onImport.tracePromise.__proto__ (node:internal/modules/esm/loader:680:36)
2026-10-08T13:27:57.9735440Z     at TracingChannel.tracePromise (node:diagnostics_channel:350:14)
2026-10-08T13:27:57.9735610Z     at ModuleLoader.import (node:internal/modules/esm/loader:679:21)
2026-10-08T13:27:57.9735720Z     at node:internal/modules/run_main:179:35 {
2026-10-08T13:27:57.9735807Z   code: 'ERR_MODULE_NOT_FOUND',
2026-10-08T13:27:57.9736031Z   url: 'file:///home/runner/work/tastetable/tastetable/tools/native_plan_to_week.mjs'
2026-10-08T13:27:57.9736104Z }
2026-10-08T13:27:57.9736109Z 
2026-10-08T13:27:57.9736191Z Node.js v22.23.3
2026-10-08T13:27:57.9736354Z 35 failed, 146 passed, 1 warning, 116 subtests passed in 9.44s
2026-10-08T13:27:58.0186945Z ##[error]Process completed with exit code 1.
2026-10-08T13:27:58.0349216Z Post job cleanup.
2026-10-08T13:27:58.1206672Z [command]/usr/bin/git version
2026-10-08T13:27:58.1261277Z git version 2.55.0
2026-10-08T13:27:58.1298502Z Temporarily overriding HOME='/home/runner/work/_temp/feb1767b-2483-4d1e-ae99-9e84b067f61a' before making global git config changes
2026-10-08T13:27:58.1299867Z Adding repository directory to the temporary git global config as a safe directory
2026-10-08T13:27:58.1303998Z [command]/usr/bin/git config --global --add safe.directory /home/runner/work/tastetable/tastetable
2026-10-08T13:27:58.1338361Z Removing SSH command configuration
2026-10-08T13:27:58.1344672Z [command]/usr/bin/git config --local --name-only --get-regexp core\.sshCommand
2026-10-08T13:27:58.1382796Z [command]/usr/bin/git submodule foreach --recursive sh -c "git config --local --name-only --get-regexp 'core\.sshCommand' && git config --local --unset-all 'core.sshCommand' || :"
2026-10-08T13:27:58.1644718Z Removing HTTP extra header
2026-10-08T13:27:58.1645702Z [command]/usr/bin/git config --local --name-only --get-regexp http\.https\:\/\/github\.com\/\.extraheader
2026-10-08T13:27:58.1689688Z [command]/usr/bin/git submodule foreach --recursive sh -c "git config --local --name-only --get-regexp 'http\.https\:\/\/github\.com\/\.extraheader' && git config --local --unset-all 'http.https://github.com/.extraheader' || :"
2026-10-08T13:27:58.1946817Z Removing includeIf entries pointing to credentials config files
2026-10-08T13:27:58.1953511Z [command]/usr/bin/git config --local --name-only --get-regexp ^includeIf\.gitdir:
2026-10-08T13:27:58.1994026Z includeif.gitdir:/home/runner/work/tastetable/tastetable/.git.path
2026-10-08T13:27:58.2004939Z includeif.gitdir:/home/runner/work/tastetable/tastetable/.git/worktrees/*.path
2026-10-08T13:27:58.2006012Z includeif.gitdir:/github/workspace/.git.path
2026-10-08T13:27:58.2006660Z includeif.gitdir:/github/workspace/.git/worktrees/*.path
2026-10-08T13:27:58.2016487Z [command]/usr/bin/git config --local --get-all includeif.gitdir:/home/runner/work/tastetable/tastetable/.git.path
2026-10-08T13:27:58.2036452Z /home/runner/work/_temp/git-credentials-484e85a3-d717-4e1c-8911-612dfc879457.config
2026-10-08T13:27:58.2046627Z [command]/usr/bin/git config --local --unset includeif.gitdir:/home/runner/work/tastetable/tastetable/.git.path \/home\/runner\/work\/_temp\/git\-credentials\-484e85a3\-d717\-4e1c\-8911\-612dfc879457\.config
2026-10-08T13:27:58.2087062Z [command]/usr/bin/git config --local --get-all includeif.gitdir:/home/runner/work/tastetable/tastetable/.git/worktrees/*.path
2026-10-08T13:27:58.2115207Z /home/runner/work/_temp/git-credentials-484e85a3-d717-4e1c-8911-612dfc879457.config
2026-10-08T13:27:58.2132780Z [command]/usr/bin/git config --local --unset includeif.gitdir:/home/runner/work/tastetable/tastetable/.git/worktrees/*.path \/home\/runner\/work\/_temp\/git\-credentials\-484e85a3\-d717\-4e1c\-8911\-612dfc879457\.config
2026-10-08T13:27:58.2170706Z [command]/usr/bin/git config --local --get-all includeif.gitdir:/github/workspace/.git.path
2026-10-08T13:27:58.2196651Z /github/runner_temp/git-credentials-484e85a3-d717-4e1c-8911-612dfc879457.config
2026-10-08T13:27:58.2204105Z [command]/usr/bin/git config --local --unset includeif.gitdir:/github/workspace/.git.path \/github\/runner_temp\/git\-credentials\-484e85a3\-d717\-4e1c\-8911\-612dfc879457\.config
2026-10-08T13:27:58.2239249Z [command]/usr/bin/git config --local --get-all includeif.gitdir:/github/workspace/.git/worktrees/*.path
2026-10-08T13:27:58.2264543Z /github/runner_temp/git-credentials-484e85a3-d717-4e1c-8911-612dfc879457.config
2026-10-08T13:27:58.2272514Z [command]/usr/bin/git config --local --unset includeif.gitdir:/github/workspace/.git/worktrees/*.path \/github\/runner_temp\/git\-credentials\-484e85a3\-d717\-4e1c\-8911\-612dfc879457\.config
2026-10-08T13:27:58.2309163Z [command]/usr/bin/git submodule foreach --recursive git config --local --show-origin --name-only --get-regexp remote.origin.url
2026-10-08T13:27:58.2533925Z Removing credentials config '/home/runner/work/_temp/git-credentials-484e85a3-d717-4e1c-8911-612dfc879457.config'
2026-10-08T13:27:58.2689419Z Cleaning up orphan processes
